clip_id,dataset,split,video_id,clip_index,start_frame,end_frame,clip_len,clip_label,anomaly_frame_count,anomaly_overlap,acceleration_max,acceleration_mean,acceleration_median,acceleration_min,acceleration_std,candidate_track_count,candidate_track_fraction,crowd_mean_direction_deg,crowd_mean_speed_px_s,curvature_max,curvature_mean,curvature_median,curvature_min,curvature_std,direction_hist_00,direction_hist_01,direction_hist_02,direction_hist_03,direction_hist_04,direction_hist_05,direction_hist_06,direction_hist_07,direction_hist_08,direction_hist_09,direction_hist_10,direction_hist_11,flow_deviation_max,flow_deviation_mean,flow_deviation_median,flow_deviation_min,flow_deviation_std,gt_overlap_track_count,gt_overlap_track_fraction,max_velocity_max,max_velocity_mean,max_velocity_median,max_velocity_min,max_velocity_std,moving_panel_fraction,no_motion_indicator,object_bridge,object_car,object_cyclist,object_dog,object_house,object_person,object_skyscraper,object_tree,object_unknown_motion,speed_ray_00,speed_ray_01,speed_ray_02,speed_ray_03,speed_ray_04,speed_ray_05,speed_ray_06,speed_ray_07,speed_ray_08,speed_ray_09,speed_ray_10,speed_ray_11,speed_ray_norm_00,speed_ray_norm_01,speed_ray_norm_02,speed_ray_norm_03,speed_ray_norm_04,speed_ray_norm_05,speed_ray_norm_06,speed_ray_norm_07,speed_ray_norm_08,speed_ray_norm_09,speed_ray_norm_10,speed_ray_norm_11,stationary_max,stationary_mean,stationary_median,stationary_min,stationary_panel_fraction,stationary_std,track_count,track_length_max,track_length_mean,track_length_median,track_length_min,track_length_std,velocity_max,velocity_mean,velocity_median,velocity_min,velocity_ratio_max,velocity_ratio_mean,velocity_ratio_median,velocity_ratio_min,velocity_ratio_std,velocity_std
avenue_training_01_clip_000000,avenue,training,01,0,1,32,32,0,0,0.0,12305.813687,5478.02552,4712.414472,627.973437,3643.044336,0,0.0,3.054187,238.394608,137.242157,72.733897,69.777525,43.615579,20.302695,0.378378,0.054054,0.032432,0.0,0.0,0.0,0.0,0.0,0.0,0.0,0.124324,0.410811,78.577007,20.50818,16.159864,1.226744,18.667497,0,0.0,1347.335333,680.412288,710.743449,88.388348,400.62146,1.0,0,0.0,0.0,0.0,0.0,0.0,0.0,0.0,0.0,1,189.646421,369.542069,500.316285,0.0,0.0,0.0,0.0,0.0,0.0,0.0,274.404789,206.422134,0.379053,0.738617,1.0,0.0,0.0,0.0,0.0,0.0,0.0,0.0,0.548463,0.412583,0.0,0.0,0.0,0.0,0.0,0.0,17,24.0,10.882353,8.0,3.0,7.505938,500.316285,238.394608,228.203384,53.908226,2.09869,1.0,0.957251,0.22613,0.492117,117.318052
avenue_training_01_clip_000001,avenue,training,01,1,17,48,32,0,0,0.0,26775.214045,11423.29706,7948.984909,5695.642732,7011.355795,0,0.0,7.863556,407.911881,159.884574,90.188749,83.087231,62.03809,24.695511,0.109091,0.084848,0.024242,0.018182,0.0,0.0,0.0,0.0,0.024242,0.0,0.018182,0.721212,100.672546,35.01135,16.288042,8.504109,32.480139,0,0.0,1338.025598,1073.192987,1135.024779,644.326198,190.235394,1.0,0,0.0,0.0,0.0,0.0,0.0,0.0,0.0,0.0,1,261.800716,360.111471,493.484034,678.026209,0.0,0.0,0.0,0.0,579.537068,0.0,526.168533,356.987619,0.386122,0.531117,0.727824,1.0,0.0,0.0,0.0,0.0,0.854741,0.0,0.77603,0.52651,0.0,0.0,0.0,0.0,0.0,0.0,13,26.0,12.692308,11.0,3.0,8.596821,678.026209,407.911881,360.111471,175.26672,1.662188,1.0,0.882817,0.429668,0.395799,161.451247
avenue_training_01_clip_000002,avenue,training,01,2,33,64,32,0,0,0.0,27049.760543,7859.542385,7891.321881,1185.910872,5623.298695,0,0.0,6.555946,302.188817,124.199365,77.55055,74.195327,27.349876,22.123761,0.238095,0.029762,0.107143,0.0,0.0,0.0,0.0,0.0,0.017857,0.0,0.202381,0.404762,118.943602,38.626995,37.187401,0.197196,33.103683,0,0.0,1270.457595,818.516314,877.229303,127.475488,360.119944,1.0,0,0.0,0.0,0.0,0.0,0.0,0.0,0.0,0.0,1,341.446197,403.559002,346.029793,0.0,0.0,0.0,0.0,0.0,178.815942,0.0,209.985884,293.743333,0.846087,1.0,0.857445,0.0,0.0,0.0,0.0,0.0,0.443097,0.0,0.520335,0.727882,0.0,0.0,0.0,0.0,0.0,0.0,17,29.0,9.882353,8.0,3.0,6.824544,621.034264,302.188817,300.486127,79.86006,2.05512,1.0,0.994365,0.264272,0.417457,126.150862
avenue_training_01_clip_000003,avenue,training,01,3,49,80,32,0,0,0.0,27257.733576,7111.289117,4987.247498,580.192342,6887.486395,0,0.0,-1.758928,287.166573,152.038598,72.028712,69.371029,14.036243,38.352265,0.405405,0.121622,0.027027,0.0,0.0,0.0,0.0,0.0,0.02027,0.02027,0.189189,0.216216,104.575502,37.839976,35.661094,0.896621,30.025058,0,0.0,1252.809343,613.963684,645.261115,100.0,359.516632,1.0,0,0.0,0.0,0.0,0.0,0.0,0.0,0.0,0.0,1,284.857042,311.704722,461.945625,0.0,0.0,0.0,0.0,0.0,173.344428,191.881411,360.836957,162.791725,0.616646,0.674765,1.0,0.0,0.0,0.0,0.0,0.0,0.375249,0.415377,0.781124,0.352405,0.0,0.0,0.0,0.0,0.0,0.0,16,29.0,9.25,7.5,3.0,7.137051,707.654672,287.166573,230.972874,75.76941,2.464265,1.0,0.804316,0.263852,0.624787,179.417914
avenue_training_01_clip_000004,avenue,training,01,4,65,96,32,0,0,0.0,13547.099375,5809.424008,5183.465379,379.25275,4276.250399,0,0.0,-6.214706,238.924392,121.323807,73.940615,78.111342,25.823731,23.340356,0.176471,0.147059,0.029412,0.0,0.0,0.0,0.0,0.017647,0.0,0.0,0.035294,0.594118,127.604607,29.424404,18.000491,0.784891,32.628008,0,0.0,1362.729338,668.177184,479.094197,62.5,423.720722,1.0,0,0.0,0.0,0.0,0.0,0.0,0.0,0.0,0.0,1,251.962921,218.430624,45.379535,0.0,0.0,0.0,0.0,125.649077,0.0,0.0,450.939866,252.735341,0.558751,0.48439,0.100633,0.0,0.0,0.0,0.0,0.278638,0.0,0.0,1.0,0.560464,0.0,0.0,0.0,0.0,0.0,0.0,15,24.0,11.333333,10.0,3.0,6.321041,456.490367,238.924392,257.91392,45.379535,1.910606,1.0,1.079479,0.189933,0.503799,120.369977
avenue_training_01_clip_000005,avenue,training,01,5,81,112,32,0,0,0.0,18484.975583,6579.292126,4978.06159,404.587032,4691.277595,0,0.0,-4.950468,246.661754,149.036243,75.61078,65.171067,18.752071,37.64268,0.225641,0.020513,0.020513,0.025641,0.0,0.0,0.0,0.0,0.0,0.061538,0.025641,0.620513,109.027951,30.114459,18.541172,0.245852,28.182119,0,0.0,1290.954105,640.968848,554.025842,51.53882,401.543349,1.0,0,0.0,0.0,0.0,0.0,0.0,0.0,0.0,0.0,1,207.878083,239.072567,859.550486,41.692688,0.0,0.0,0.0,0.0,0.0,106.988772,199.969988,271.16341,0.241845,0.278137,1.0,0.048505,0.0,0.0,0.0,0.0,0.0,0.124471,0.232645,0.315471,0.0,0.0,0.0,0.0,0.0,0.0,20,31.0,9.75,5.0,3.0,8.341912,859.550486,246.661754,210.535159,41.692688,3.484734,1.0,0.853538,0.169028,0.69955,172.552112
avenue_training_01_clip_000006,avenue,training,01,6,97,128,32,0,0,0.0,26906.509484,6159.102989,3527.845143,199.166987,6780.557658,0,0.0,18.680214,232.596344,173.920411,62.809885,63.524946,3.154107,35.76108,0.31746,0.103175,0.214286,0.019841,0.0,0.0,0.0,0.011905,0.0,0.027778,0.0,0.305556,144.46274,40.362943,27.682155,3.370494,34.157126,0,0.0,1372.953022,589.954956,324.518875,51.53882,454.969268,1.0,0,0.0,0.0,0.0,0.0,0.0,0.0,0.0,0.0,1,207.139157,143.048953,290.537147,46.027053,0.0,0.0,0.0,40.491929,0.0,591.14159,0.0,194.935393,0.350405,0.241988,0.491485,0.077861,0.0,0.0,0.0,0.068498,0.0,1.0,0.0,0.329761,0.0,0.0,0.0,0.0,0.0,0.0,27,30.0,9.333333,6.0,3.0,7.620635,629.131563,232.596344,202.397399,40.491929,2.704821,1.0,0.870166,0.174087,0.679396,158.025058
avenue_training_01_clip_000007,avenue,training,01,7,113,144,32,0,0,0.0,27751.596207,8118.357721,7128.984144,447.427093,5283.805128,0,0.0,0.589132,302.006345,164.176869,74.384308,74.941381,9.605204,27.709059,0.368201,0.16318,0.075314,0.0,0.0,0.0,0.0,0.0,0.0,0.016736,0.108787,0.267782,84.665053,29.402953,22.951449,2.875475,21.903945,0,0.0,1359.802375,786.785442,769.029421,187.5,362.292825,1.0,0,0.0,0.0,0.0,0.0,0.0,0.0,0.0,0.0,1,281.355369,302.856485,248.566021,0.0,0.0,0.0,0.0,0.0,0.0,339.689156,330.849867,314.404557,0.828273,0.891569,0.731746,0.0,0.0,0.0,0.0,0.0,0.0,1.0,0.973978,0.925565,0.0,0.0,0.0,0.0,0.0,0.0,27,30.0,8.851852,5.0,3.0,6.775247,597.099301,302.006345,286.328293,136.818792,1.977108,1.0,0.948087,0.453033,0.405645,122.507513
avenue_training_01_clip_000008,avenue,training,01,8,129,160,32,0,0,0.0,20328.818886,5782.615938,4843.956054,217.999288,4566.738569,0,0.0,6.599161,244.900414,109.464104,61.423672,74.462948,8.139155,28.218402,0.491694,0.079734,0.023256,0.0,0.0,0.0,0.0,0.0,0.016611,0.019934,0.026578,0.342193,98.786874,32.193727,22.089022,0.076963,26.411899,0,0.0,1333.463535,634.058361,592.51046,76.034532,396.303377,1.0,0,0.0,0.0,0.0,0.0,0.0,0.0,0.0,0.0,1,217.712489,241.400421,112.677724,0.0,0.0,0.0,0.0,0.0,187.776048,69.935699,332.92094,319.873107,0.653947,0.725098,0.338452,0.0,0.0,0.0,0.0,0.0,0.564026,0.210067,1.0,0.960808,0.0,0.0,0.0,0.0,0.0,0.0,24,31.0,12.541667,7.0,3.0,9.733872,562.36026,244.900414,240.817446,69.935699,2.296281,1.0,0.983328,0.285568,0.480585,117.695613
avenue_training_01_clip_000009,avenue,training,01,9,145,176,32,0,0,0.0,16377.573872,6048.620295,6286.685116,308.8454,3586.383412,0,0.0,14.943184,255.548153,172.002527,70.738834,70.72727,1.33222,35.278904,0.453521,0.256338,0.011268,0.0,0.0,0.008451,0.0,0.0,0.0,0.008451,0.011268,0.250704,156.260604,32.81717,25.809408,2.744941,32.143066,0,0.0,1362.557338,810.069139,860.71494,88.388348,393.157088,1.0,0,0.0,0.0,0.0,0.0,0.0,0.0,0.0,0.0,1,261.583409,249.383641,122.801633,0.0,0.0,82.21144,0.0,0.0,0.0,243.755861,149.531627,313.609947,0.834104,0.795203,0.391574,0.0,0.0,0.262146,0.0,0.0,0.0,0.777258,0.476808,1.0,0.0,0.0,0.0,0.0,0.0,0.0,24,31.0,14.791667,11.5,3.0,10.551379,478.746142,255.548153,247.199685,82.21144,1.873409,1.0,0.967331,0.321706,0.41589,106.279805
avenue_training_01_clip_000010,avenue,training,01,10,161,192,32,0,0,0.0,11705.7127,5762.460625,5467.573009,663.470508,2882.540421,0,0.0,17.258111,257.288473,133.867349,64.37394,61.71463,14.036243,21.77894,0.258873,0.210856,0.112735,0.02714,0.0,0.0,0.0,0.0,0.0,0.031315,0.048017,0.311065,93.715211,33.754068,31.974331,0.67298,24.226302,0,0.0,1359.802375,769.688474,781.001876,51.53882,367.784089,0.99902,0,0.0,0.0,0.0,0.0,0.0,0.0,0.0,0.0,1,278.567555,184.889655,239.483658,147.772678,0.0,0.0,0.0,0.0,0.0,272.513416,406.130017,259.153856,0.685907,0.455247,0.589672,0.363856,0.0,0.0,0.0,0.0,0.0,0.671,1.0,0.638106,0.033333,0.00098,0.0,0.0,0.00098,0.005632,34,31.0,14.088235,11.0,3.0,10.158646,564.792034,257.288473,245.571134,38.26941,2.19517,1.0,0.954458,0.148741,0.457367,117.675291
avenue_training_01_clip_000011,avenue,training,01,11,177,208,32,0,0,0.0,18627.326243,6874.334478,6656.808952,414.019282,4174.273762,0,0.0,12.394081,331.019004,143.595911,65.428659,59.740229,1.218875,30.525668,0.273092,0.146586,0.088353,0.0,0.026104,0.0,0.0,0.006024,0.0,0.056225,0.03012,0.373494,162.039762,37.0524,27.84845,1.714386,33.566306,0,0.0,1361.639637,802.693882,795.691912,100.0,370.97485,1.0,0,0.0,0.0,0.0,0.0,0.0,0.0,0.0,0.0,1,345.595373,341.468549,275.512374,0.0,319.157482,0.0,0.0,86.83256,0.0,368.958136,359.909258,342.732083,0.936679,0.925494,0.746731,0.0,0.865024,0.0,0.0,0.235345,0.0,1.0,0.975475,0.928919,0.0,0.0,0.0,0.0,0.0,0.0,44,31.0,11.318182,6.0,3.0,9.529315,994.614756,331.019004,286.928061,75.02941,3.004706,1.0,0.866802,0.226662,0.558991,185.036694
avenue_training_01_clip_000012,avenue,training,01,12,193,224,32,0,0,0.0,16926.26818,7316.716122,7391.929226,144.551734,4326.106998,0,0.0,18.37122,358.847817,154.790809,80.972139,81.646837,8.422517,29.61448,0.249322,0.300813,0.04607,0.02168,0.00813,0.0,0.0,0.0,0.0,0.01897,0.111111,0.243902,118.24863,33.758464,26.172748,0.653293,25.528824,0,0.0,1346.407256,944.722899,1142.296191,127.475488,385.304215,1.0,0,0.0,0.0,0.0,0.0,0.0,0.0,0.0,0.0,1,404.658341,279.977516,370.830292,259.367477,1097.75344,0.0,0.0,0.0,0.0,470.005594,315.934825,326.766568,0.368624,0.255046,0.337808,0.236271,1.0,0.0,0.0,0.0,0.0,0.428152,0.287801,0.297668,0.0,0.0,0.0,0.0,0.0,0.0,32,30.0,11.53125,9.0,3.0,7.757997,1097.75344,358.847817,324.820433,79.669203,3.059106,1.0,0.905176,0.222014,0.598451,214.752759
avenue_training_01_clip_000013,avenue,training,01,13,209,240,32,0,0,0.0,16309.119093,6976.582575,5992.374215,417.608901,4103.83271,0,0.0,9.340063,291.201592,118.742367,77.310138,73.60586,48.975181,20.779101,0.400673,0.107744,0.10101,0.0,0.0,0.0,0.0,0.0,0.0,0.0,0.107744,0.282828,62.563333,31.13419,28.046106,0.392201,20.290259,0,0.0,1290.59095,839.34226,795.495129,134.62912,347.040362,0.996894,0,0.0,0.0,0.0,0.0,0.0,0.0,0.0,0.0,1,282.493161,140.274978,221.439295,0.0,0.0,0.0,0.0,0.0,0.0,0.0,401.194778,333.321015,0.70413,0.349643,0.55195,0.0,0.0,0.0,0.0,0.0,0.0,0.0,1.0,0.830821,0.071429,0.003106,0.0,0.0,0.003106,0.014567,23,29.0,12.913043,9.0,3.0,8.777011,799.002025,291.201592,245.886081,102.325511,2.743811,1.0,0.844384,0.351391,0.635006,184.914643
avenue_training_01_clip_000014,avenue,training,01,14,225,256,32,0,0,0.0,14752.321057,4649.614569,3950.806465,312.5,3525.559547,0,0.0,12.192003,241.307115,155.860888,74.052309,72.847682,0.0,41.2509,0.352273,0.181818,0.198864,0.0,0.0,0.0,0.0,0.0,0.0,0.017045,0.019886,0.230114,89.970026,32.899737,28.939982,0.942003,25.583126,0,0.0,1276.959279,630.315567,680.016023,75.0,401.742582,1.0,0,0.0,0.0,0.0,0.0,0.0,0.0,0.0,0.0,1,152.810121,185.406908,339.410634,0.0,0.0,0.0,0.0,0.0,0.0,665.40376,284.667077,167.592715,0.22965,0.278638,0.510082,0.0,0.0,0.0,0.0,0.0,0.0,1.0,0.427811,0.251866,0.0,0.0,0.0,0.0,0.0,0.0,28,31.0,12.571429,7.5,3.0,10.496355,672.14471,241.307115,182.545462,54.188843,2.785433,1.0,0.756486,0.224564,0.653952,157.803314
avenue_training_01_clip_000015,avenue,training,01,15,241,272,32,0,0,0.0,29307.933493,5768.158749,4222.104536,304.706934,6283.450905,0,0.0,6.717891,235.878794,169.589927,61.20101,58.941205,8.130102,36.478397,0.513514,0.283784,0.02027,0.050676,0.0,0.0,0.0,0.0,0.0,0.060811,0.030405,0.040541,99.748344,38.762624,27.455402,2.817797,32.997423,0,0.0,1273.405866,599.68423,571.319744,39.528471,392.930591,0.998571,0,0.0,0.0,0.0,0.0,0.0,0.0,0.0,0.0,1,209.653624,176.409485,548.785315,159.447531,0.0,0.0,0.0,0.0,0.0,327.181856,343.914039,131.90197,0.382032,0.321454,1.0,0.290546,0.0,0.0,0.0,0.0,0.0,0.596193,0.626682,0.240353,0.035714,0.001429,0.0,0.0,0.001429,0.006998,25,31.0,11.84,6.0,3.0,10.294387,548.785315,235.878794,208.286458,32.264235,2.326556,1.0,0.883023,0.136783,0.579952,136.798325
avenue_training_01_clip_000016,avenue,training,01,16,257,288,32,0,0,0.0,32893.421507,7377.426114,4986.651794,187.484076,7622.767087,0,0.0,5.392158,274.543047,168.274888,67.283875,64.795109,8.130102,37.722217,0.362832,0.156342,0.174041,0.00885,0.014749,0.0,0.0,0.0,0.017699,0.017699,0.044248,0.20354,124.036445,41.332479,30.980819,0.430167,35.521627,0,0.0,1373.69256,726.605952,651.470692,53.033009,443.14825,0.993416,0,0.0,0.0,0.0,0.0,0.0,0.0,0.0,0.0,1,318.566235,220.960207,144.305068,695.36843,197.645767,0.0,0.0,0.0,164.277513,234.371427,248.86004,291.882243,0.458126,0.31776,0.207523,1.0,0.284232,0.0,0.0,0.0,0.236245,0.337046,0.357882,0.419752,0.111111,0.006584,0.0,0.0,0.006584,0.024052,27,31.0,12.555556,8.0,3.0,9.88202,707.486554,274.543047,216.789588,48.033433,2.57696,1.0,0.789638,0.174958,0.67698,185.860123
avenue_training_01_clip_000017,avenue,training,01,17,273,304,32,0,0,0.0,16173.701003,7189.695417,7020.835305,164.957514,4306.601533,0,0.0,7.39602,268.892277,127.863922,64.018385,60.663446,13.785069,27.131363,0.217105,0.203947,0.095395,0.0,0.019737,0.0,0.0,0.0,0.0,0.013158,0.095395,0.355263,127.46309,39.12629,29.968218,0.564171,34.131801,0,0.0,1372.15615,786.489481,677.364916,62.5,382.800075,0.996419,0,0.0,0.0,0.0,0.0,0.0,0.0,0.0,0.0,1,300.282802,158.809107,184.767909,0.0,357.204558,0.0,0.0,0.0,0.0,418.24435,206.658497,275.37662,0.71796,0.379704,0.44177,0.0,0.854057,0.0,0.0,0.0,0.0,1.0,0.494109,0.658411,0.045455,0.003581,0.0,0.0,0.003581,0.011471,22,31.0,13.818182,8.0,3.0,10.434368,505.222857,268.892277,276.221627,59.20085,1.878904,1.0,1.027258,0.220166,0.423514,113.879664
avenue_training_01_clip_000018,avenue,training,01,18,289,320,32,0,0,0.0,12899.530743,4519.976996,3746.236403,270.807712,3283.133897,0,0.0,17.618528,211.690415,144.745544,62.990336,61.234433,3.751729,37.866885,0.621908,0.116608,0.0,0.053004,0.024735,0.0,0.0,0.010601,0.035336,0.0,0.010601,0.127208,163.519233,43.589644,21.63057,2.001714,46.27298,0,0.0,1314.878797,584.547361,522.164964,55.901699,388.976311,1.0,0,0.0,0.0,0.0,0.0,0.0,0.0,0.0,0.0,1,278.29244,213.071646,0.0,122.314456,61.522522,0.0,0.0,82.953921,137.765364,0.0,166.944117,230.467614,1.0,0.765639,0.0,0.439518,0.221071,0.0,0.0,0.298082,0.495038,0.0,0.599887,0.828149,0.0,0.0,0.0,0.0,0.0,0.0,23,31.0,12.304348,9.0,3.0,9.611745,562.022031,211.690415,196.362699,50.485545,2.654924,1.0,0.927594,0.238488,0.507791,107.494405
avenue_training_01_clip_000019,avenue,training,01,19,305,336,32,0,0,0.0,20014.563199,6218.368096,5862.368566,109.071978,4853.81032,0,0.0,12.640186,285.198306,166.086466,69.313828,68.33453,12.528808,30.158856,0.223022,0.399281,0.079137,0.0,0.0,0.0,0.0,0.0,0.028777,0.0,0.017986,0.251799,120.110684,38.636885,29.604038,1.692506,31.56539,0,0.0,1367.536563,711.357235,703.61592,55.901699,410.130942,0.998485,0,0.0,0.0,0.0,0.0,0.0,0.0,0.0,0.0,1,329.025564,254.805593,159.284347,0.0,0.0,0.0,0.0,0.0,322.648526,0.0,459.774025,320.993228,0.715625,0.554197,0.346441,0.0,0.0,0.0,0.0,0.0,0.701755,0.0,1.0,0.698154,0.033333,0.001515,0.0,0.0,0.001515,0.006943,22,31.0,12.636364,7.0,3.0,11.014641,965.732336,285.198306,248.086898,53.72026,3.386178,1.0,0.869875,0.188361,0.675649,192.693961
avenue_training_01_clip_000020,avenue,training,01,20,321,352,32,0,0,0.0,21669.063113,6722.79811,5859.128467,525.210825,4126.373334,0,0.0,-1.415365,278.295457,178.210089,78.175134,72.064433,3.299227,37.637315,0.409091,0.083916,0.160839,0.0,0.0,0.0,0.0,0.0,0.027972,0.027972,0.118881,0.171329,101.867161,40.922803,35.07064,2.219258,30.75409,0,0.0,1323.643173,737.174551,765.873684,123.743687,353.400507,1.0,0,0.0,0.0,0.0,0.0,0.0,0.0,0.0,0.0,1,272.813532,249.779993,202.197515,0.0,0.0,0.0,0.0,0.0,121.02281,454.812138,323.339737,394.124045,0.599838,0.549194,0.444574,0.0,0.0,0.0,0.0,0.0,0.266094,1.0,0.71093,0.866564,0.0,0.0,0.0,0.0,0.0,0.0,23,31.0,12.434783,8.0,3.0,9.518066,513.48443,278.295457,245.085207,81.636079,1.845105,1.0,0.880665,0.293343,0.408493,113.681728
avenue_training_01_clip_000021,avenue,training,01,21,337,368,32,0,0,0.0,27388.979975,6117.188795,5530.876239,238.741253,5155.967147,0,0.0,-0.037039,247.61225,170.609495,76.977664,75.16662,6.750506,35.670736,0.235294,0.105882,0.082353,0.0,0.020588,0.0,0.0,0.0,0.020588,0.023529,0.088235,0.423529,138.268193,34.250264,30.303832,0.037225,31.937956,0,0.0,1355.198325,700.683864,710.934686,67.31456,418.212102,1.0,0,0.0,0.0,0.0,0.0,0.0,0.0,0.0,0.0,1,206.495884,230.976113,381.499878,0.0,278.462907,0.0,0.0,0.0,140.752403,256.872387,291.950874,212.586245,0.541274,0.605442,1.0,0.0,0.729916,0.0,0.0,0.0,0.368945,0.673322,0.765271,0.557238,0.0,0.0,0.0,0.0,0.0,0.0,32,31.0,10.625,7.0,3.0,8.713316,627.818652,247.61225,231.746935,56.191976,2.535491,1.0,0.935926,0.226935,0.505724,125.223511
avenue_training_01_clip_000022,avenue,training,01,22,353,384,32,0,0,0.0,14907.296538,6292.46187,6203.313535,633.142672,3703.603074,0,0.0,11.121219,261.625489,150.577826,78.697974,78.161618,37.891627,26.678504,0.340782,0.195531,0.01676,0.01676,0.0,0.0,0.0,0.0,0.0,0.041899,0.022346,0.365922,91.155561,31.870545,26.83522,2.091445,26.289363,0,0.0,1373.69256,734.893931,648.937182,63.737744,423.67431,0.998889,0,0.0,0.0,0.0,0.0,0.0,0.0,0.0,0.0,1,229.219534,200.209657,415.028653,319.523024,0.0,0.0,0.0,0.0,0.0,339.976709,234.283983,265.339589,0.552298,0.4824,1.0,0.769882,0.0,0.0,0.0,0.0,0.0,0.819164,0.564501,0.639328,0.033333,0.001111,0.0,0.0,0.001111,0.005983,30,31.0,11.933333,7.5,3.0,9.486599,557.380237,261.625489,254.441057,40.435712,2.130451,1.0,0.97254,0.154556,0.508038,132.915656
avenue_training_01_clip_000023,avenue,training,01,23,369,400,32,0,0,0.0,26443.033231,6223.657765,4403.734501,185.37641,5724.798493,0,0.0,11.112013,260.64794,104.697319,68.636777,72.183151,12.402327,24.009342,0.236923,0.150769,0.141538,0.009231,0.0,0.009231,0.0,0.0,0.0,0.027692,0.28,0.144615,145.22557,44.503282,44.636724,0.222223,33.449178,0,0.0,1339.834411,683.24847,698.296559,67.31456,420.290263,1.0,0,0.0,0.0,0.0,0.0,0.0,0.0,0.0,0.0,1,251.5566,234.529759,183.46346,584.762364,0.0,227.987729,0.0,0.0,0.0,135.033772,324.659323,248.123372,0.430186,0.401068,0.31374,1.0,0.0,0.389881,0.0,0.0,0.0,0.230921,0.555199,0.424315,0.0,0.0,0.0,0.0,0.0,0.0,28,31.0,11.607143,9.5,3.0,8.541241,584.762364,260.64794,257.863608,56.046837,2.243495,1.0,0.989318,0.215029,0.50343,131.217891
avenue_training_01_clip_000024,avenue,training,01,24,385,416,32,0,0,0.0,15460.693682,5506.369762,5686.270188,0.0,4206.115228,0,0.0,12.336241,214.647046,112.489738,59.9975,61.6274,0.0,24.862786,0.5,0.09116,0.027624,0.0,0.013812,0.008287,0.0,0.0,0.024862,0.0,0.038674,0.29558,142.846027,40.55949,23.749184,3.945497,39.311396,0,0.0,1331.411375,633.637793,651.082427,62.5,435.852998,1.0,0,0.0,0.0,0.0,0.0,0.0,0.0,0.0,0.0,1,295.49272,207.005175,112.159317,0.0,217.278549,68.035382,0.0,0.0,128.705809,0.0,299.561688,166.121839,0.986417,0.691027,0.374411,0.0,0.725322,0.227116,0.0,0.0,0.429647,0.0,1.0,0.55455,0.0,0.0,0.0,0.0,0.0,0.0,28,31.0,12.928571,6.0,3.0,10.996521,489.208024,214.647046,216.657069,53.784695,2.279128,1.0,1.009364,0.250573,0.547993,117.62506
avenue_training_01_clip_000025,avenue,training,01,25,401,432,32,0,0,0.0,25198.88701,6500.467771,4745.305834,347.326117,5819.054461,0,0.0,10.573934,267.506517,140.309828,62.200761,60.028287,18.154107,27.677614,0.353562,0.279683,0.073879,0.0,0.0,0.0,0.0,0.010554,0.010554,0.0,0.087071,0.184697,140.377425,36.308639,30.751189,6.3e-05,31.831749,0,0.0,1371.643631,750.625148,673.664345,63.737744,433.303347,0.998626,0,0.0,0.0,0.0,0.0,0.0,0.0,0.0,0.0,1,224.444311,226.770414,397.234524,0.0,0.0,0.0,0.0,176.9207,550.696766,0.0,372.493744,226.006346,0.407564,0.411788,0.721331,0.0,0.0,0.0,0.0,0.321267,1.0,0.0,0.676404,0.410401,0.035714,0.001374,0.0,0.0,0.001374,0.006868,26,31.0,14.576923,12.5,3.0,10.813713,581.465276,267.506517,193.499324,49.546541,2.173649,1.0,0.723345,0.185216,0.637332,170.490519
avenue_training_01_clip_000026,avenue,training,01,26,417,448,32,0,0,0.0,16004.240313,7445.905841,6923.941208,83.527664,4254.075652,0,0.0,20.196613,289.672187,110.376644,75.964275,73.706677,24.752189,21.93807,0.546243,0.236994,0.095376,0.0,0.008671,0.0,0.0,0.0,0.0,0.034682,0.028902,0.049133,118.372689,35.324888,22.978772,1.345392,32.172706,0,0.0,1352.139508,875.728376,964.229301,118.585412,385.154451,1.0,0,0.0,0.0,0.0,0.0,0.0,0.0,0.0,0.0,1,326.521402,229.567784,197.576736,0.0,338.971374,0.0,0.0,0.0,0.0,168.167247,345.343439,580.356594,0.562622,0.395563,0.34044,0.0,0.584074,0.0,0.0,0.0,0.0,0.289765,0.595054,1.0,0.0,0.0,0.0,0.0,0.0,0.0,24,31.0,14.416667,11.0,3.0,10.053675,580.356594,289.672187,265.998538,109.348414,2.003494,1.0,0.918274,0.37749,0.461935,133.80964
avenue_training_01_clip_000027,avenue,training,01,27,433,464,32,0,0,0.0,18378.078305,6647.714597,6155.874845,166.857912,4531.097617,0,0.0,-2.292626,265.872537,152.252118,79.140466,68.779849,20.527407,29.978015,0.19708,0.229927,0.051095,0.014599,0.0,0.0,0.0,0.0,0.010949,0.0,0.131387,0.364964,109.65843,36.123079,31.405947,0.468274,29.132183,0,0.0,1358.82532,820.161624,960.549973,63.737744,416.297653,0.998551,0,0.0,0.0,0.0,0.0,0.0,0.0,0.0,0.0,1,234.567217,321.859321,247.32538,376.197633,0.0,0.0,0.0,0.0,94.153779,0.0,139.298973,349.631233,0.623521,0.855559,0.657435,1.0,0.0,0.0,0.0,0.0,0.250277,0.0,0.370281,0.929382,0.033333,0.001449,0.0,0.0,0.001449,0.006798,23,31.0,11.913043,10.0,3.0,8.987494,602.902139,265.872537,247.32538,59.2882,2.267636,1.0,0.93024,0.222995,0.536883,142.742354
avenue_training_01_clip_000028,avenue,training,01,28,449,480,32,0,0,0.0,15589.422762,5716.221313,4822.187105,828.898701,3417.40074,0,0.0,2.072939,235.731456,128.97652,69.381958,72.458007,3.945186,30.851206,0.436214,0.222222,0.020576,0.0,0.0,0.0,0.0,0.0,0.0,0.024691,0.0,0.296296,84.524361,27.280034,24.004888,1.446598,21.785138,0,0.0,1308.625233,703.737856,674.130666,146.308749,333.873898,1.0,0,0.0,0.0,0.0,0.0,0.0,0.0,0.0,0.0,1,228.440597,166.636006,420.625201,0.0,0.0,0.0,0.0,0.0,0.0,239.947769,0.0,255.928927,0.543098,0.396163,1.0,0.0,0.0,0.0,0.0,0.0,0.0,0.570455,0.0,0.608449,0.0,0.0,0.0,0.0,0.0,0.0,22,31.0,11.045455,10.5,3.0,7.47406,504.317515,235.731456,218.860221,70.705419,2.139373,1.0,0.92843,0.299941,0.416917,98.280354
avenue_training_01_clip_000029,avenue,training,01,29,465,496,32,0,0,0.0,21792.961301,5874.628794,3329.328878,274.141262,6143.560811,0,0.0,-6.8093,218.99612,133.864244,66.013006,56.582445,1.192569,37.867473,0.202532,0.14557,0.0,0.037975,0.018987,0.0,0.0,0.025316,0.018987,0.031646,0.196203,0.322785,139.609947,47.774204,35.466761,1.132159,42.209575,0,0.0,1265.713731,529.61808,503.891109,79.056942,389.653904,1.0,0,0.0,0.0,0.0,0.0,0.0,0.0,0.0,0.0,1,86.577577,336.984389,0.0,227.697809,78.369724,0.0,0.0,118.118423,545.061708,67.864416,219.568972,306.314808,0.15884,0.61825,0.0,0.417747,0.143781,0.0,0.0,0.216707,1.0,0.124508,0.402833,0.561982,0.0,0.0,0.0,0.0,0.0,0.0,19,23.0,8.315789,5.0,3.0,6.577895,635.308541,218.99612,191.468877,52.474932,2.901004,1.0,0.874303,0.239616,0.731946,160.293369
avenue_training_01_clip_000030,avenue,training,01,30,481,512,32,0,0,0.0,30827.859955,6126.82674,3833.85208,1027.955454,6940.269305,0,0.0,21.194094,232.764484,156.214116,75.139531,67.783517,20.437356,34.388461,0.25,0.34375,0.0,0.0,0.09375,0.0,0.0,0.052083,0.0,0.03125,0.135417,0.09375,164.470021,50.154054,25.01221,6.116283,50.559232,0,0.0,1289.016098,481.227202,324.338269,123.743687,361.125201,0.992593,0,0.0,0.0,0.0,0.0,0.0,0.0,0.0,0.0,1,307.151497,140.298045,0.0,0.0,162.343533,0.0,0.0,178.244702,0.0,112.677165,286.555884,659.206233,0.465941,0.212829,0.0,0.0,0.246271,0.0,0.0,0.270393,0.0,0.170929,0.434698,1.0,0.111111,0.007407,0.0,0.0,0.007407,0.027716,15,13.0,6.4,5.0,3.0,3.2,672.458899,232.764484,190.908527,72.429944,2.88901,1.0,0.820179,0.311173,0.786042,182.96268
avenue_training_01_clip_000031,avenue,training,01,31,497,528,32,0,0,0.0,14955.31368,5867.267102,6038.481777,22.084852,4521.203541,0,0.0,32.218646,273.232173,156.982349,69.241338,61.497349,8.972627,37.559148,0.489209,0.215827,0.035971,0.0,0.043165,0.0,0.0,0.0,0.0,0.0,0.0,0.215827,117.543368,40.129497,29.415881,3.903518,29.588977,0,0.0,1287.560678,681.922973,634.150188,55.901699,429.042004,1.0,0,0.0,0.0,0.0,0.0,0.0,0.0,0.0,0.0,1,348.463885,235.021953,215.343083,0.0,166.525953,0.0,0.0,0.0,0.0,0.0,0.0,266.123025,1.0,0.674451,0.617978,0.0,0.477886,0.0,0.0,0.0,0.0,0.0,0.0,0.763703,0.0,0.0,0.0,0.0,0.0,0.0,14,29.0,9.928571,5.5,3.0,8.531155,589.20957,273.232173,249.055873,50.485545,2.156443,1.0,0.911517,0.184772,0.546861,149.419998
avenue_training_01_clip_000032,avenue,training,01,32,513,544,32,0,0,0.0,27330.739923,8358.570726,7099.918548,814.083241,5863.170233,0,0.0,9.273553,328.730739,179.722445,82.103218,77.882311,5.340686,41.488859,0.125628,0.125628,0.110553,0.040201,0.0,0.0,0.0,0.0,0.0,0.025126,0.221106,0.351759,94.383935,41.13114,32.754537,2.142749,27.176928,0,0.0,1345.884932,880.541757,982.980163,91.001374,391.439215,1.0,0,0.0,0.0,0.0,0.0,0.0,0.0,0.0,0.0,1,359.525538,361.23852,326.812449,432.977589,0.0,0.0,0.0,0.0,0.0,309.701308,416.624331,227.612669,0.830356,0.834312,0.754802,1.0,0.0,0.0,0.0,0.0,0.0,0.715283,0.962231,0.525692,0.0,0.0,0.0,0.0,0.0,0.0,19,30.0,10.473684,7.0,3.0,8.248562,724.273179,328.730739,292.504233,71.270097,2.203241,1.0,0.889799,0.216804,0.503045,165.366514
avenue_training_01_clip_000033,avenue,training,01,33,529,560,32,0,0,0.0,16288.152574,7220.674997,6594.002758,199.090441,4623.87082,0,0.0,-7.679578,337.372972,122.6439,72.817209,79.811026,11.309932,34.054252,0.524823,0.078014,0.0,0.0,0.021277,0.0,0.0,0.021277,0.0,0.0,0.177305,0.177305,135.989492,41.144983,26.331892,4.113783,41.327849,0,0.0,1263.056808,766.033326,905.624784,53.033009,398.444283,0.994695,0,0.0,0.0,0.0,0.0,0.0,0.0,0.0,0.0,1,232.409916,334.327131,0.0,0.0,714.068666,0.0,0.0,49.0512,0.0,0.0,316.549616,469.704376,0.325473,0.4682,0.0,0.0,1.0,0.0,0.0,0.068693,0.0,0.0,0.443304,0.657786,0.068966,0.005305,0.0,0.0,0.005305,0.018377,13,30.0,10.846154,9.0,3.0,8.235441,802.66153,337.372972,334.327131,49.0512,2.379152,1.0,0.990972,0.145392,0.64923,219.032481
avenue_training_01_clip_000034,avenue,training,01,34,545,576,32,0,0,0.0,15386.586176,5719.387713,4738.187723,208.732367,4977.956348,0,0.0,13.704417,206.692118,126.007799,65.539937,71.073104,2.561044,37.319888,0.238532,0.119266,0.082569,0.0,0.0,0.0,0.0,0.0,0.0,0.0,0.266055,0.293578,72.812463,32.691196,28.109172,10.534321,20.857977,0,0.0,1353.756348,559.312267,524.65673,88.388348,448.799611,1.0,0,0.0,0.0,0.0,0.0,0.0,0.0,0.0,0.0,1,145.678111,232.366234,411.256601,0.0,0.0,0.0,0.0,0.0,0.0,0.0,109.619635,195.554015,0.354227,0.565015,1.0,0.0,0.0,0.0,0.0,0.0,0.0,0.0,0.266548,0.475504,0.0,0.0,0.0,0.0,0.0,0.0,12,28.0,9.083333,5.5,3.0,7.387583,422.012941,206.692118,157.042335,60.352952,2.041747,1.0,0.759788,0.291994,0.597779,123.556127
avenue_training_01_clip_000035,avenue,training,01,35,561,592,32,0,0,0.0,31213.697215,6559.716675,4479.721681,161.735734,9029.131611,0,0.0,41.594698,194.554586,119.579078,59.383409,55.653864,15.0,29.987448,0.37931,0.181034,0.0,0.043103,0.0,0.060345,0.0,0.0,0.0,0.0,0.0,0.336207,118.821727,41.194039,29.621743,6.42161,33.509719,0,0.0,1293.312124,668.650836,695.071939,51.53882,469.788461,1.0,0,0.0,0.0,0.0,0.0,0.0,0.0,0.0,0.0,1,218.741188,227.59758,0.0,49.076784,0.0,84.347833,0.0,0.0,0.0,0.0,0.0,248.645771,0.87973,0.915349,0.0,0.197376,0.0,0.339229,0.0,0.0,0.0,0.0,0.0,1.0,0.0,0.0,0.0,0.0,0.0,0.0,9,26.0,12.888889,13.0,3.0,8.464888,460.946865,194.554586,191.612473,48.304106,2.369242,1.0,0.984878,0.24828,0.642333,124.968882
avenue_training_01_clip_000036,avenue,training,01,36,577,608,32,0,0,0.0,15346.165424,3367.937695,2529.96307,372.682001,3882.834477,0,0.0,12.879719,154.294287,165.160061,61.891646,60.689863,19.286876,37.486306,0.555556,0.0,0.111111,0.0,0.040404,0.030303,0.0,0.0,0.0,0.090909,0.141414,0.030303,137.409894,51.718428,50.182291,1.555956,45.365342,0,0.0,1272.914962,348.468151,275.283944,87.5,314.10204,1.0,0,0.0,0.0,0.0,0.0,0.0,0.0,0.0,0.0,1,184.956153,0.0,68.769477,0.0,72.438187,331.923308,0.0,0.0,0.0,124.385108,140.401907,78.339961,0.557226,0.0,0.207185,0.0,0.218238,1.0,0.0,0.0,0.0,0.374741,0.422995,0.236018,0.0,0.0,0.0,0.0,0.0,0.0,13,28.0,7.615385,4.0,3.0,6.754354,331.923308,154.294287,131.089586,68.769477,2.151235,1.0,0.849608,0.445703,0.560603,86.497859
avenue_training_01_clip_000037,avenue,training,01,37,593,624,32,0,0,0.0,17731.402946,6768.912144,5588.033051,841.954182,4637.406485,0,0.0,27.80405,240.858391,101.702345,64.882454,60.533448,39.805571,17.426608,0.337079,0.044944,0.0,0.0,0.0,0.033708,0.0,0.0,0.0,0.0,0.0,0.58427,127.098736,39.338188,27.072118,9.972228,34.477339,0,0.0,979.87563,639.924262,713.966139,69.033506,257.369631,1.0,0,0.0,0.0,0.0,0.0,0.0,0.0,0.0,0.0,1,301.203303,221.209668,0.0,0.0,0.0,52.194423,0.0,0.0,0.0,0.0,0.0,224.324911,1.0,0.73442,0.0,0.0,0.0,0.173286,0.0,0.0,0.0,0.0,0.0,0.744762,0.0,0.0,0.0,0.0,0.0,0.0,8,31.0,11.125,6.0,3.0,9.492596,343.403974,240.858391,249.654916,52.194423,1.425751,1.0,1.036522,0.216702,0.342037,82.38246
avenue_training_01_clip_000038,avenue,training,01,38,609,640,32,0,0,0.0,10273.448761,5461.472851,4835.472771,1243.302305,2940.773244,0,0.0,18.993103,219.869713,92.030853,65.982684,67.537683,21.144983,17.089225,0.462185,0.134454,0.10084,0.0,0.0,0.0,0.0,0.0,0.0,0.0,0.193277,0.109244,51.781855,22.934104,17.123901,0.13369,15.885236,0,0.0,1225.765067,699.762759,702.593312,201.556444,324.85715,1.0,0,0.0,0.0,0.0,0.0,0.0,0.0,0.0,0.0,1,284.542096,158.359143,163.137826,0.0,0.0,0.0,0.0,0.0,0.0,0.0,232.068533,185.466281,1.0,0.55654,0.573335,0.0,0.0,0.0,0.0,0.0,0.0,0.0,0.815586,0.651806,0.0,0.0,0.0,0.0,0.0,0.0,10,29.0,11.9,9.5,4.0,7.66094,360.536249,219.869713,226.798676,83.702523,1.639772,1.0,1.031514,0.380691,0.347834,76.478093
avenue_training_01_clip_000039,avenue,training,01,39,625,656,32,0,0,0.0,16847.863155,5135.009812,4219.939165,631.499153,4362.032499,0,0.0,-0.181756,221.921119,153.434949,62.660804,63.661142,2.381821,35.201281,0.755396,0.035971,0.028777,0.0,0.0,0.0,0.0,0.0,0.0,0.05036,0.028777,0.100719,86.828386,31.703335,22.207331,6.245531,24.195723,0,0.0,1302.941384,598.356271,634.081583,83.852549,428.16888,1.0,0,0.0,0.0,0.0,0.0,0.0,0.0,0.0,0.0,1,192.026776,83.421819,116.839977,0.0,0.0,0.0,0.0,0.0,0.0,485.645824,86.966759,312.161255,0.395405,0.171775,0.240587,0.0,0.0,0.0,0.0,0.0,0.0,1.0,0.179074,0.642776,0.0,0.0,0.0,0.0,0.0,0.0,14,30.0,9.928571,6.0,3.0,8.128119,552.740719,221.921119,195.19262,62.34121,2.490708,1.0,0.879559,0.280916,0.634039,140.70655
avenue_training_01_clip_000040,avenue,training,01,40,641,672,32,0,0,0.0,11868.631949,4442.224857,4418.20004,533.813729,3264.528103,0,0.0,9.920509,191.9157,117.582988,59.440646,50.571388,10.304846,32.388715,0.354839,0.139785,0.0,0.0,0.0,0.0,0.0,0.0,0.0,0.0,0.129032,0.376344,57.22649,23.915598,20.988261,0.848285,17.301943,0,0.0,1278.243424,679.3333,831.602369,83.852549,418.771116,1.0,0,0.0,0.0,0.0,0.0,0.0,0.0,0.0,0.0,1,241.151135,128.594845,0.0,0.0,0.0,0.0,0.0,0.0,0.0,0.0,170.064648,225.263627,1.0,0.533254,0.0,0.0,0.0,0.0,0.0,0.0,0.0,0.0,0.70522,0.934118,0.0,0.0,0.0,0.0,0.0,0.0,13,31.0,14.307692,8.0,3.0,11.309524,393.100087,191.9157,170.977733,73.176275,2.048296,1.0,0.8909,0.381294,0.472763,90.730559
avenue_training_01_clip_000041,avenue,training,01,41,657,688,32,0,0,0.0,13373.01635,6531.281892,6087.493453,113.394962,3790.154881,0,0.0,13.451565,217.120311,124.380345,55.608078,51.378246,2.626406,29.974741,0.509202,0.134969,0.0,0.03681,0.018405,0.0,0.0,0.0,0.0,0.055215,0.0,0.245399,122.861638,41.314416,19.198759,2.044141,40.434879,0,0.0,1323.643173,711.633756,650.0,88.388348,411.477308,0.995475,0,0.0,0.0,0.0,0.0,0.0,0.0,0.0,0.0,1,296.057074,134.887751,0.0,196.886163,249.950356,0.0,0.0,0.0,0.0,191.454604,0.0,179.604838,1.0,0.455614,0.0,0.665028,0.844264,0.0,0.0,0.0,0.0,0.646681,0.0,0.606656,0.058824,0.004525,0.0,0.0,0.004525,0.015675,13,31.0,12.538462,6.0,3.0,9.98164,469.113769,217.120311,207.01849,86.120448,2.160617,1.0,0.953474,0.396649,0.442314,96.035274
avenue_training_01_clip_000042,avenue,training,01,42,673,704,32,0,0,0.0,15602.206018,5105.178429,3422.714662,654.662675,4740.96846,0,0.0,20.797943,268.973338,156.250006,58.343046,52.670284,9.272602,40.549948,0.303279,0.47541,0.0,0.0,0.0,0.02459,0.0,0.0,0.0,0.0,0.07377,0.122951,142.036948,37.394126,21.854598,3.106916,39.781519,0,0.0,1233.516315,600.676897,336.5728,128.695377,417.595652,1.0,0,0.0,0.0,0.0,0.0,0.0,0.0,0.0,0.0,1,133.77652,144.752805,0.0,0.0,0.0,158.593993,0.0,0.0,0.0,0.0,315.520963,666.741414,0.200642,0.217105,0.0,0.0,0.0,0.237864,0.0,0.0,0.0,0.0,0.473228,1.0,0.0,0.0,0.0,0.0,0.0,0.0,11,31.0,11.090909,8.0,3.0,8.338896,868.329232,268.973338,158.593993,70.181284,3.22831,1.0,0.589627,0.260923,0.85878,230.988804
avenue_training_01_clip_000043,avenue,training,01,43,689,720,32,0,0,0.0,9202.309381,4150.857357,3591.042998,1195.368336,2471.955052,0,0.0,27.37779,167.232403,109.417425,68.920704,66.213368,41.196004,22.314862,0.454545,0.256198,0.198347,0.0,0.0,0.0,0.0,0.0,0.0,0.0,0.0,0.090909,56.38333,29.782588,26.138727,3.651317,19.855643,0,0.0,1043.581573,529.567104,537.502971,146.308749,269.924922,1.0,0,0.0,0.0,0.0,0.0,0.0,0.0,0.0,0.0,1,219.047219,103.97971,122.715015,0.0,0.0,0.0,0.0,0.0,0.0,0.0,0.0,165.653913,1.0,0.474691,0.560222,0.0,0.0,0.0,0.0,0.0,0.0,0.0,0.0,0.756248,0.0,0.0,0.0,0.0,0.0,0.0,8,31.0,15.125,12.0,5.0,9.98045,252.667608,167.232403,168.063906,91.582266,1.510877,1.0,1.004972,0.547635,0.331822,55.491495
avenue_training_01_clip_000044,avenue,training,01,44,705,736,32,0,0,0.0,13482.703762,5830.40178,5783.903706,862.123261,3499.332012,0,0.0,1.826963,228.107018,154.440035,75.028649,68.269788,39.105743,30.906708,0.449664,0.302013,0.0,0.0,0.0,0.0,0.0,0.0,0.0,0.040268,0.04698,0.161074,65.877343,28.113258,25.147294,0.066546,19.495035,0,0.0,1185.129212,716.022402,823.447218,83.3854,373.108169,1.0,0,0.0,0.0,0.0,0.0,0.0,0.0,0.0,0.0,1,225.040215,275.466282,0.0,0.0,0.0,0.0,0.0,0.0,0.0,311.439814,108.037919,197.08226,0.72258,0.884493,0.0,0.0,0.0,0.0,0.0,0.0,0.0,1.0,0.346898,0.63281,0.0,0.0,0.0,0.0,0.0,0.0,12,31.0,12.416667,7.0,3.0,9.429195,374.476363,228.107018,228.937379,39.658115,1.64167,1.0,1.00364,0.173857,0.429055,97.870443
avenue_training_01_clip_000045,avenue,training,01,45,721,752,32,0,0,0.0,10823.63961,4777.526553,4123.64126,348.227641,3430.173051,0,0.0,14.264909,186.3365,155.026089,67.47429,56.670726,30.313079,33.798587,0.364865,0.162162,0.0,0.040541,0.0,0.0,0.0,0.0,0.0,0.02027,0.0,0.412162,95.047435,23.492155,11.338813,0.186813,29.728866,0,0.0,1286.042865,670.49686,773.192287,63.053108,432.475201,1.0,0,0.0,0.0,0.0,0.0,0.0,0.0,0.0,0.0,1,239.037092,107.907721,0.0,182.399723,0.0,0.0,0.0,0.0,0.0,59.603944,0.0,171.99817,1.0,0.451427,0.0,0.76306,0.0,0.0,0.0,0.0,0.0,0.24935,0.0,0.719546,0.0,0.0,0.0,0.0,0.0,0.0,12,31.0,12.333333,10.0,3.0,9.401537,352.106934,186.3365,196.885926,49.204224,1.889629,1.0,1.056615,0.264061,0.531618,99.059809
avenue_training_01_clip_000046,avenue,training,01,46,737,768,32,0,0,0.0,9062.324919,4228.019951,3505.86525,1867.036425,2421.112497,0,0.0,18.305013,179.379798,74.30895,51.473027,54.82494,13.463977,19.843411,0.291262,0.300971,0.07767,0.0,0.0,0.0,0.0,0.0,0.0,0.0,0.0,0.330097,53.829029,27.083993,27.438806,4.801875,14.728787,0,0.0,1064.336648,586.388632,511.689512,182.764268,337.693393,1.0,0,0.0,0.0,0.0,0.0,0.0,0.0,0.0,0.0,1,222.557221,135.727033,213.826734,0.0,0.0,0.0,0.0,0.0,0.0,0.0,0.0,168.055933,1.0,0.609852,0.960772,0.0,0.0,0.0,0.0,0.0,0.0,0.0,0.0,0.755113,0.0,0.0,0.0,0.0,0.0,0.0,6,31.0,17.166667,14.5,5.0,10.699169,274.699896,179.379798,174.776883,96.625709,1.531387,1.0,0.97434,0.538665,0.345578,61.989722
avenue_training_01_clip_000047,avenue,training,01,47,753,784,32,0,0,0.0,13894.989924,3337.809887,2033.774044,211.076462,3772.782092,0,0.0,10.519716,154.558253,107.737672,68.616054,65.121971,32.003015,24.559052,0.181818,0.654545,0.0,0.0,0.0,0.0,0.0,0.0,0.0,0.0,0.081818,0.081818,64.73719,32.445737,27.870166,14.127706,16.025639,0,0.0,931.816103,369.546795,267.251962,87.5,263.861896,1.0,0,0.0,0.0,0.0,0.0,0.0,0.0,0.0,0.0,1,234.58887,170.252941,0.0,0.0,0.0,0.0,0.0,0.0,0.0,0.0,97.134645,132.729834,1.0,0.72575,0.0,0.0,0.0,0.0,0.0,0.0,0.0,0.0,0.414063,0.565798,0.0,0.0,0.0,0.0,0.0,0.0,10,31.0,11.0,6.0,3.0,10.198039,336.49794,154.558253,119.419651,83.278471,2.177159,1.0,0.772651,0.538816,0.492906,76.182658
avenue_training_01_clip_000048,avenue,training,01,48,769,800,32,0,0,0.0,16055.890901,5037.227354,1789.409625,362.404367,5887.363942,0,0.0,12.661804,237.25183,145.307668,82.76513,67.173281,44.892359,38.638882,0.576087,0.336957,0.0,0.0,0.0,0.0,0.0,0.0,0.0,0.0,0.043478,0.043478,47.976936,19.675716,12.933552,5.103775,13.655769,0,0.0,1152.239667,498.643344,283.879002,64.347688,388.679319,1.0,0,0.0,0.0,0.0,0.0,0.0,0.0,0.0,0.0,1,220.677008,77.784733,0.0,0.0,0.0,0.0,0.0,0.0,0.0,0.0,49.901009,666.943858,0.330878,0.116629,0.0,0.0,0.0,0.0,0.0,0.0,0.0,0.0,0.07482,1.0,0.0,0.0,0.0,0.0,0.0,0.0,8,31.0,11.5,5.5,4.0,11.045361,666.943858,237.25183,157.4334,49.901009,2.811122,1.0,0.663571,0.210329,0.834452,197.97527
avenue_training_01_clip_000049,avenue,training,01,49,785,816,32,0,0,0.0,13859.901212,4958.250043,3330.958759,426.692159,4279.668518,0,0.0,-7.150887,169.83389,100.365258,63.458399,66.439452,18.727762,26.963498,0.155172,0.663793,0.0,0.0,0.0,0.0,0.0,0.043103,0.0,0.043103,0.034483,0.060345,113.031315,42.042101,44.352688,7.150887,27.66132,0,0.0,1316.304011,529.070641,368.961804,113.192314,403.468303,1.0,0,0.0,0.0,0.0,0.0,0.0,0.0,0.0,0.0,1,226.582539,138.763406,0.0,0.0,0.0,0.0,0.0,240.796545,0.0,200.807827,101.813857,89.953318,0.940971,0.576268,0.0,0.0,0.0,0.0,0.0,1.0,0.0,0.833932,0.422821,0.373566,0.0,0.0,0.0,0.0,0.0,0.0,11,31.0,10.545455,7.0,3.0,9.782764,351.238292,169.83389,127.41862,73.510035,2.068128,1.0,0.750254,0.432835,0.509508,86.531758
avenue_training_01_clip_000050,avenue,training,01,50,801,832,32,0,0,0.0,12450.436239,6307.902046,6072.99605,730.77447,3476.517102,0,0.0,12.488953,232.951727,91.986546,54.384482,57.929691,1.899661,23.510081,0.461538,0.216783,0.0,0.020979,0.0,0.0,0.0,0.0,0.0,0.0,0.0,0.300699,96.544323,27.019,20.44708,1.675432,25.454634,0,0.0,1312.5,704.409633,652.172569,206.155281,370.928993,1.0,0,0.0,0.0,0.0,0.0,0.0,0.0,0.0,0.0,1,187.164668,70.994777,0.0,395.317474,0.0,0.0,0.0,0.0,0.0,0.0,0.0,278.636586,0.473454,0.179589,0.0,1.0,0.0,0.0,0.0,0.0,0.0,0.0,0.0,0.704843,0.0,0.0,0.0,0.0,0.0,0.0,10,31.0,14.3,11.5,3.0,9.990495,419.474536,232.951727,200.171282,70.994777,1.800693,1.0,0.859282,0.304762,0.468721,109.189429
avenue_training_01_clip_000051,avenue,training,01,51,817,848,32,0,0,0.0,13783.783854,7423.061922,7153.517233,1281.446718,3276.844397,0,0.0,-2.500291,269.665142,129.783111,63.503319,61.687847,19.511061,30.734992,0.496454,0.219858,0.021277,0.0,0.0,0.0,0.0,0.0,0.0,0.070922,0.0,0.191489,90.770534,36.007187,26.803575,2.670925,28.448233,0,0.0,1350.231462,882.919721,995.615388,123.743687,407.400028,1.0,0,0.0,0.0,0.0,0.0,0.0,0.0,0.0,0.0,1,261.424727,189.444464,327.214497,0.0,0.0,0.0,0.0,0.0,0.0,249.239461,0.0,301.826591,0.79894,0.578961,1.0,0.0,0.0,0.0,0.0,0.0,0.0,0.761701,0.0,0.922412,0.0,0.0,0.0,0.0,0.0,0.0,11,31.0,12.818182,9.0,3.0,10.425652,411.545167,269.665142,250.308361,86.933754,1.526134,1.0,0.928219,0.322377,0.347669,93.754155
avenue_training_01_clip_000052,avenue,training,01,52,833,864,32,0,0,0.0,19934.261641,4953.853674,3889.650739,197.928215,5623.040419,0,0.0,14.439991,221.877796,164.835539,62.771212,56.292442,3.814075,43.719072,0.369565,0.0,0.097826,0.0,0.0,0.032609,0.0,0.0,0.293478,0.0,0.043478,0.163043,163.652972,68.580067,69.486102,3.587273,49.164565,0,0.0,1230.9803,640.68886,876.427407,168.170301,415.350397,1.0,0,0.0,0.0,0.0,0.0,0.0,0.0,0.0,0.0,1,320.670834,0.0,161.798091,0.0,0.0,191.874769,0.0,0.0,243.477951,0.0,130.137809,222.993833,1.0,0.0,0.504561,0.0,0.0,0.598354,0.0,0.0,0.759277,0.0,0.40583,0.695398,0.0,0.0,0.0,0.0,0.0,0.0,9,31.0,10.222222,5.0,3.0,9.246955,477.742174,221.877796,202.83123,120.764951,2.153177,1.0,0.914157,0.544286,0.451156,100.101436
avenue_training_01_clip_000053,avenue,training,01,53,849,880,32,0,0,0.0,7246.568339,4290.367777,4342.725661,579.002582,2164.42602,0,0.0,11.819399,209.898059,95.20872,58.895765,59.591098,8.381277,24.980426,0.295238,0.333333,0.0,0.0,0.0,0.0,0.0,0.0,0.0,0.228571,0.104762,0.038095,75.515303,40.253523,43.458312,6.859375,20.37846,0,0.0,879.27527,575.672178,632.511619,127.475488,288.80137,1.0,0,0.0,0.0,0.0,0.0,0.0,0.0,0.0,0.0,1,294.324616,213.591285,0.0,0.0,0.0,0.0,0.0,0.0,0.0,238.592937,173.384075,118.517709,1.0,0.7257,0.0,0.0,0.0,0.0,0.0,0.0,0.0,0.810646,0.589091,0.402677,0.0,0.0,0.0,0.0,0.0,0.0,8,31.0,13.125,10.0,3.0,9.184736,335.492094,209.898059,205.988506,101.127124,1.598357,1.0,0.981374,0.481792,0.386888,81.206981
avenue_training_01_clip_000054,avenue,training,01,54,865,896,32,0,0,0.0,8416.405975,3530.312651,3296.163093,598.400287,2366.413243,0,0.0,39.025459,173.463049,90.075529,55.57635,58.706275,11.692611,21.604991,0.084112,0.700935,0.0,0.0,0.0,0.037383,0.0,0.0,0.0,0.0,0.0,0.17757,128.349546,36.700706,23.924994,0.068441,40.52607,0,0.0,1076.815328,535.397581,525.75466,128.695377,320.955629,1.0,0,0.0,0.0,0.0,0.0,0.0,0.0,0.0,0.0,1,233.124764,183.331368,0.0,0.0,0.0,161.992066,0.0,0.0,0.0,0.0,0.0,129.631045,1.0,0.786409,0.0,0.0,0.0,0.694873,0.0,0.0,0.0,0.0,0.0,0.556059,0.0,0.0,0.0,0.0,0.0,0.0,8,31.0,13.375,10.5,4.0,9.949089,242.342593,173.463049,178.218601,79.028452,1.397085,1.0,1.027416,0.455592,0.285168,49.466093
avenue_training_01_clip_000055,avenue,training,01,55,881,912,32,0,0,0.0,19314.982077,8113.636954,6967.077441,1966.640491,4993.817153,0,0.0,-7.892707,287.884867,97.550338,70.644586,72.5476,48.558796,16.601879,0.172414,0.241379,0.0,0.0,0.0,0.0,0.0,0.02069,0.0,0.0,0.0,0.565517,118.876003,29.68789,18.67522,4.543015,30.951303,0,0.0,1315.769737,836.671178,1000.702878,297.121608,337.114391,1.0,0,0.0,0.0,0.0,0.0,0.0,0.0,0.0,0.0,1,302.696246,210.713956,0.0,0.0,0.0,0.0,0.0,614.403236,0.0,0.0,0.0,244.562729,0.492667,0.342957,0.0,0.0,0.0,0.0,0.0,1.0,0.0,0.0,0.0,0.398049,0.0,0.0,0.0,0.0,0.0,0.0,11,31.0,13.181818,9.0,3.0,9.437047,614.403236,287.884867,277.073019,113.538896,2.134198,1.0,0.962444,0.39439,0.512349,147.497504
avenue_training_01_clip_000056,avenue,training,01,56,897,928,32,0,0,0.0,5925.556253,3093.919682,2672.471562,597.062316,1848.680474,0,0.0,-13.431165,158.190535,87.662694,61.800089,58.90497,23.495561,20.275503,0.365079,0.055556,0.119048,0.0,0.0,0.0,0.0,0.02381,0.0,0.0,0.15873,0.277778,113.275166,35.602174,22.180305,2.50454,33.778614,0,0.0,1142.707859,498.503823,423.90722,57.622153,309.765139,1.0,0,0.0,0.0,0.0,0.0,0.0,0.0,0.0,0.0,1,129.038295,188.12405,217.542872,0.0,0.0,0.0,0.0,189.184599,0.0,0.0,115.024023,166.309731,0.593163,0.864768,1.0,0.0,0.0,0.0,0.0,0.869643,0.0,0.0,0.528742,0.764492,0.0,0.0,0.0,0.0,0.0,0.0,10,26.0,12.6,11.0,3.0,8.662563,274.18185,158.190535,172.110309,41.700491,1.733238,1.0,1.087994,0.263609,0.402514,63.673915
avenue_training_01_clip_000057,avenue,training,01,57,913,944,32,0,0,0.0,10551.397883,6949.600511,7579.927241,1640.101087,3032.133523,0,0.0,18.470764,244.754889,103.891625,68.108377,67.964875,37.559047,21.227338,0.446429,0.089286,0.071429,0.0,0.0,0.0,0.0,0.0,0.0,0.0,0.0,0.392857,59.746838,30.873365,33.957199,2.797282,20.23656,0,0.0,1321.102759,798.237424,735.696948,168.170301,395.250888,1.0,0,0.0,0.0,0.0,0.0,0.0,0.0,0.0,0.0,1,262.211317,385.282542,269.445953,0.0,0.0,0.0,0.0,0.0,0.0,0.0,0.0,153.417316,0.680569,1.0,0.699346,0.0,0.0,0.0,0.0,0.0,0.0,0.0,0.0,0.398194,0.0,0.0,0.0,0.0,0.0,0.0,5,25.0,11.2,5.0,4.0,8.4,385.282542,244.754889,262.211317,103.624705,1.574157,1.0,1.071322,0.423382,0.375825,91.9849
avenue_training_01_clip_000058,avenue,training,01,58,929,960,32,0,0,0.0,32604.975404,12251.65763,3606.356803,543.640682,14446.180945,0,0.0,-14.159337,320.830674,73.508418,66.53208,68.694216,57.393605,6.754155,0.363636,0.0,0.0,0.0,0.0,0.0,0.0,0.0,0.0,0.0,0.272727,0.363636,41.493555,27.66237,31.527197,9.966359,13.157854,0,0.0,1341.699016,605.468699,379.509918,95.197164,533.375881,1.0,0,0.0,0.0,0.0,0.0,0.0,0.0,0.0,0.0,1,192.192436,0.0,0.0,0.0,0.0,0.0,0.0,0.0,0.0,0.0,689.599508,80.700079,0.278702,0.0,0.0,0.0,0.0,0.0,0.0,0.0,0.0,0.0,1.0,0.117025,0.0,0.0,0.0,0.0,0.0,0.0,3,4.0,3.666667,4.0,3.0,0.471405,689.599508,320.830674,192.192436,80.700079,2.149419,1.0,0.599046,0.251535,0.825051,264.701689
avenue_training_01_clip_000059,avenue,training,01,59,945,976,32,0,0,0.0,0.0,0.0,0.0,0.0,0.0,0,0.0,0.0,0.0,0.0,0.0,0.0,0.0,0.0,0.0,0.0,0.0,0.0,0.0,0.0,0.0,0.0,0.0,0.0,0.0,0.0,0.0,0.0,0.0,0.0,0.0,0,0.0,0.0,0.0,0.0,0.0,0.0,0.0,1,0.0,0.0,0.0,0.0,0.0,0.0,0.0,0.0,0,0.0,0.0,0.0,0.0,0.0,0.0,0.0,0.0,0.0,0.0,0.0,0.0,0.0,0.0,0.0,0.0,0.0,0.0,0.0,0.0,0.0,0.0,0.0,0.0,0.0,0.0,0.0,0.0,1.0,0.0,0,0.0,0.0,0.0,0.0,0.0,0.0,0.0,0.0,0.0,0.0,0.0,0.0,0.0,0.0,0.0
avenue_training_01_clip_000060,avenue,training,01,60,961,992,32,0,0,0.0,12460.715834,12460.715834,12460.715834,12460.715834,0.0,0,0.0,-43.009363,278.46289,48.553528,48.553528,48.553528,48.553528,0.0,0.0,0.0,0.0,0.0,0.0,0.0,0.0,0.0,0.0,0.0,1.0,0.0,0.0,0.0,0.0,0.0,0.0,0,0.0,1307.25141,1307.25141,1307.25141,1307.25141,0.0,1.0,0,0.0,0.0,0.0,0.0,0.0,0.0,0.0,0.0,1,0.0,0.0,0.0,0.0,0.0,0.0,0.0,0.0,0.0,0.0,278.46289,0.0,0.0,0.0,0.0,0.0,0.0,0.0,0.0,0.0,0.0,0.0,1.0,0.0,0.0,0.0,0.0,0.0,0.0,0.0,1,7.0,7.0,7.0,7.0,0.0,278.46289,278.46289,278.46289,278.46289,1.0,1.0,1.0,1.0,0.0,0.0
avenue_training_01_clip_000061,avenue,training,01,61,977,1008,32,0,0,0.0,4819.834526,3655.304978,4702.322643,1443.757764,1564.535729,0,0.0,8.1974,211.858193,66.461259,59.016585,66.241004,44.347493,10.373004,0.485714,0.0,0.0,0.0,0.0,0.0,0.0,0.0,0.0,0.0,0.0,0.514286,18.573242,12.382162,16.819803,1.75344,7.549655,0,0.0,773.082305,562.887024,755.500662,160.078106,284.919342,1.0,0,0.0,0.0,0.0,0.0,0.0,0.0,0.0,0.0,1,186.070486,0.0,0.0,0.0,0.0,0.0,0.0,0.0,0.0,0.0,0.0,263.433607,0.706328,0.0,0.0,0.0,0.0,0.0,0.0,0.0,0.0,0.0,0.0,1.0,0.0,0.0,0.0,0.0,0.0,0.0,3,18.0,11.666667,11.0,6.0,4.921608,263.433607,211.858193,258.156436,113.984536,1.243443,1.0,1.218534,0.538023,0.326825,69.240651
avenue_training_01_clip_000062,avenue,training,01,62,993,1024,32,0,0,0.0,10809.136137,5006.384254,4224.451026,767.49883,3665.461893,0,0.0,10.829757,242.812489,84.832545,63.94958,75.204865,20.556045,25.370862,0.625,0.225,0.0,0.0,0.0,0.0,0.0,0.0,0.0,0.0,0.0,0.15,26.990418,13.495209,13.219342,0.551734,9.765591,0,0.0,933.407735,586.475219,637.49657,137.5,289.786999,1.0,0,0.0,0.0,0.0,0.0,0.0,0.0,0.0,0.0,1,190.181796,217.361295,0.0,0.0,0.0,0.0,0.0,0.0,0.0,0.0,0.0,373.52507,0.509154,0.581919,0.0,0.0,0.0,0.0,0.0,0.0,0.0,0.0,0.0,1.0,0.0,0.0,0.0,0.0,0.0,0.0,4,22.0,10.0,7.5,3.0,7.245688,373.52507,242.812489,237.787432,122.150023,1.538327,1.0,0.979305,0.503063,0.3714,90.180605
avenue_training_01_clip_000063,avenue,training,01,63,1009,1040,32,0,0,0.0,8805.545211,7169.059493,7224.475584,5477.157684,1359.373407,0,0.0,5.62606,223.820401,126.027373,80.986295,80.128134,36.803377,36.430598,0.756757,0.162162,0.0,0.0,0.0,0.0,0.0,0.0,0.0,0.0,0.081081,0.0,42.074696,28.049797,28.849726,13.22497,11.791426,0,0.0,1189.143599,691.945416,506.51999,380.172658,355.335932,1.0,0,0.0,0.0,0.0,0.0,0.0,0.0,0.0,0.0,1,264.885004,202.514446,0.0,0.0,0.0,0.0,0.0,0.0,0.0,0.0,204.061754,0.0,1.0,0.764537,0.0,0.0,0.0,0.0,0.0,0.0,0.0,0.0,0.770379,0.0,0.0,0.0,0.0,0.0,0.0,0.0,3,28.0,12.333333,6.0,3.0,11.145502,264.885004,223.820401,204.061754,202.514446,1.183471,1.0,0.911721,0.904808,0.129764,29.043929
avenue_training_01_clip_000064,avenue,training,01,64,1025,1056,32,0,0,0.0,11396.735447,5278.334995,4160.713101,1609.918757,3525.686531,0,0.0,-10.974506,313.396886,145.370994,76.121425,73.022383,25.26066,39.409582,0.47619,0.126984,0.0,0.0,0.0,0.0,0.0,0.0,0.0,0.0,0.285714,0.111111,41.027432,27.553439,27.856166,9.101522,10.816369,0,0.0,1347.799132,836.852726,1009.408862,215.783456,471.158163,1.0,0,0.0,0.0,0.0,0.0,0.0,0.0,0.0,0.0,1,209.68576,171.366048,0.0,0.0,0.0,0.0,0.0,0.0,0.0,0.0,163.223522,859.485577,0.243967,0.199382,0.0,0.0,0.0,0.0,0.0,0.0,0.0,0.0,0.189908,1.0,0.0,0.0,0.0,0.0,0.0,0.0,5,30.0,12.6,8.0,4.0,9.286549,859.485577,313.396886,181.441186,145.005857,2.742483,1.0,0.57895,0.462691,0.873743,273.828216
avenue_training_01_clip_000065,avenue,training,01,65,1041,1072,32,0,0,0.0,13550.242574,4820.874891,3228.148129,179.690109,4256.66392,0,0.0,44.136715,229.109881,126.748837,72.19016,67.252579,23.198591,32.931233,0.637931,0.0,0.103448,0.0,0.051724,0.0,0.0,0.0,0.0,0.0,0.0,0.206897,102.46258,44.354297,38.681914,17.150314,25.863148,0,0.0,1081.665383,536.329064,280.902563,67.31456,409.891275,1.0,0,0.0,0.0,0.0,0.0,0.0,0.0,0.0,0.0,1,342.774402,0.0,145.795885,0.0,51.33495,0.0,0.0,0.0,0.0,0.0,0.0,287.646821,1.0,0.0,0.425341,0.0,0.149763,0.0,0.0,0.0,0.0,0.0,0.0,0.839172,0.0,0.0,0.0,0.0,0.0,0.0,7,31.0,8.285714,4.0,3.0,9.437225,507.466656,229.109881,178.082148,51.33495,2.214949,1.0,0.777278,0.224063,0.64676,148.179152
avenue_training_01_clip_000066,avenue,training,01,66,1057,1088,32,0,0,0.0,8188.027591,5166.207643,5227.294818,966.851299,2407.785542,0,0.0,24.059343,283.546271,106.333519,62.250092,59.2996,37.521407,23.678535,0.483871,0.370968,0.0,0.0,0.0,0.0,0.0,0.0,0.0,0.0,0.0,0.145161,44.387316,23.782781,24.206088,10.330612,11.686741,0,0.0,1300.600823,874.644604,989.475871,112.577134,438.748548,1.0,0,0.0,0.0,0.0,0.0,0.0,0.0,0.0,0.0,1,270.72479,359.228149,0.0,0.0,0.0,0.0,0.0,0.0,0.0,0.0,0.0,69.32212,0.753629,1.0,0.0,0.0,0.0,0.0,0.0,0.0,0.0,0.0,0.0,0.192975,0.0,0.0,0.0,0.0,0.0,0.0,5,30.0,12.4,9.0,4.0,9.178235,453.419491,283.546271,270.72479,69.32212,1.599102,1.0,0.954782,0.244483,0.45699,129.577922
avenue_training_01_clip_000067,avenue,training,01,67,1073,1104,32,0,0,0.0,21446.021811,7950.21208,6250.700936,43.011336,6696.525551,0,0.0,-2.620343,323.127201,95.952156,52.204014,41.191707,14.036243,28.75685,0.5,0.0,0.064516,0.0,0.0,0.0,0.0,0.0,0.0,0.0,0.048387,0.387097,62.796497,22.986985,18.116549,1.765028,20.121485,0,0.0,1118.173734,741.201654,988.699632,57.622153,413.699713,1.0,0,0.0,0.0,0.0,0.0,0.0,0.0,0.0,0.0,1,209.366166,0.0,546.279819,0.0,0.0,0.0,0.0,0.0,0.0,0.0,56.761926,375.451765,0.383258,0.0,1.0,0.0,0.0,0.0,0.0,0.0,0.0,0.0,0.103906,0.687288,0.0,0.0,0.0,0.0,0.0,0.0,6,31.0,10.333333,6.0,3.0,9.893881,546.279819,323.127201,332.791348,56.761926,1.690603,1.0,1.029908,0.175664,0.566774,183.140023
avenue_training_01_clip_000068,avenue,training,01,68,1089,1120,32,0,0,0.0,8285.567116,3073.876309,2074.275786,82.478757,2735.993434,0,0.0,-21.436201,178.422924,135.9575,80.994005,83.98973,31.717474,36.050318,0.540541,0.040541,0.0,0.0,0.0,0.0,0.0,0.0,0.0,0.040541,0.243243,0.135135,72.091167,32.341004,23.360091,3.590437,21.322052,0,0.0,1037.575298,376.445114,255.631028,45.069391,328.048549,1.0,0,0.0,0.0,0.0,0.0,0.0,0.0,0.0,0.0,1,273.080278,160.070928,0.0,0.0,0.0,0.0,0.0,0.0,0.0,231.271422,179.297163,65.205962,1.0,0.586168,0.0,0.0,0.0,0.0,0.0,0.0,0.0,0.846899,0.656573,0.238779,0.0,0.0,0.0,0.0,0.0,0.0,9,29.0,8.222222,4.0,3.0,7.996913,365.423351,178.422924,160.070928,31.37353,2.048074,1.0,0.897143,0.175838,0.6047,107.892388
avenue_training_01_clip_000069,avenue,training,01,69,1105,1136,32,0,0,0.0,12380.728273,7623.057237,7265.400951,1556.819547,3562.75519,0,0.0,-18.645449,259.897276,98.563619,54.356871,69.102538,5.194429,32.119885,0.625,0.0,0.0,0.0,0.0,0.0,0.0,0.0,0.0,0.0625,0.1625,0.15,58.961071,29.362523,28.951765,1.403811,17.966669,0,0.0,1312.559522,765.200106,875.0,97.628121,385.571299,1.0,0,0.0,0.0,0.0,0.0,0.0,0.0,0.0,0.0,1,345.564632,0.0,0.0,0.0,0.0,0.0,0.0,0.0,0.0,126.275936,136.709954,382.891193,0.902514,0.0,0.0,0.0,0.0,0.0,0.0,0.0,0.0,0.329796,0.357046,1.0,0.0,0.0,0.0,0.0,0.0,0.0,7,29.0,11.428571,10.0,3.0,7.90763,433.741147,259.897276,252.137318,66.49173,1.668895,1.0,0.970142,0.255839,0.486135,126.345115
avenue_training_01_clip_000070,avenue,training,01,70,1121,1152,32,0,0,0.0,7734.633059,5782.528275,5782.528275,3830.423491,1952.104784,0,0.0,2.962459,227.201894,98.023651,75.910701,75.910701,53.797751,22.11295,0.478261,0.0,0.0,0.0,0.0,0.0,0.0,0.0,0.0,0.0,0.0,0.521739,20.592043,20.592043,20.592043,20.592043,0.0,0,0.0,778.620575,739.81216,739.81216,701.003745,38.808415,1.0,0,0.0,0.0,0.0,0.0,0.0,0.0,0.0,0.0,1,172.197202,0.0,0.0,0.0,0.0,0.0,0.0,0.0,0.0,0.0,0.0,282.206585,0.610181,0.0,0.0,0.0,0.0,0.0,0.0,0.0,0.0,0.0,0.0,1.0,0.0,0.0,0.0,0.0,0.0,0.0,2,12.0,11.5,11.5,11.0,0.5,282.206585,227.201894,227.201894,172.197202,1.242096,1.0,1.0,0.757904,0.242096,55.004692
avenue_training_01_clip_000071,avenue,training,01,71,1137,1168,32,0,0,0.0,0.0,0.0,0.0,0.0,0.0,0,0.0,0.0,0.0,0.0,0.0,0.0,0.0,0.0,0.0,0.0,0.0,0.0,0.0,0.0,0.0,0.0,0.0,0.0,0.0,0.0,0.0,0.0,0.0,0.0,0.0,0,0.0,0.0,0.0,0.0,0.0,0.0,0.0,1,0.0,0.0,0.0,0.0,0.0,0.0,0.0,0.0,0,0.0,0.0,0.0,0.0,0.0,0.0,0.0,0.0,0.0,0.0,0.0,0.0,0.0,0.0,0.0,0.0,0.0,0.0,0.0,0.0,0.0,0.0,0.0,0.0,0.0,0.0,0.0,0.0,1.0,0.0,0,0.0,0.0,0.0,0.0,0.0,0.0,0.0,0.0,0.0,0.0,0.0,0.0,0.0,0.0,0.0
avenue_training_01_clip_000072,avenue,training,01,72,1153,1184,32,0,0,0.0,632.214294,632.214294,632.214294,632.214294,0.0,0,0.0,-26.756225,52.862662,41.867798,41.867798,41.867798,41.867798,0.0,0.0,0.0,0.0,0.0,0.0,0.0,0.0,0.0,0.0,0.0,0.0,1.0,0.0,0.0,0.0,0.0,0.0,0,0.0,83.852549,83.852549,83.852549,83.852549,0.0,1.0,0,0.0,0.0,0.0,0.0,0.0,0.0,0.0,0.0,1,0.0,0.0,0.0,0.0,0.0,0.0,0.0,0.0,0.0,0.0,0.0,52.862662,0.0,0.0,0.0,0.0,0.0,0.0,0.0,0.0,0.0,0.0,0.0,1.0,0.0,0.0,0.0,0.0,0.0,0.0,1,6.0,6.0,6.0,6.0,0.0,52.862662,52.862662,52.862662,52.862662,1.0,1.0,1.0,1.0,0.0,0.0
avenue_training_01_clip_000073,avenue,training,01,73,1169,1200,32,0,0,0.0,1220.924849,1220.924849,1220.924849,1220.924849,0.0,0,0.0,-19.431049,71.02332,47.58334,47.58334,47.58334,47.58334,0.0,0.0,0.0,0.0,0.0,0.0,0.0,0.0,0.0,0.0,0.0,0.0,1.0,0.0,0.0,0.0,0.0,0.0,0,0.0,127.475488,127.475488,127.475488,127.475488,0.0,1.0,0,0.0,0.0,0.0,0.0,0.0,0.0,0.0,0.0,1,0.0,0.0,0.0,0.0,0.0,0.0,0.0,0.0,0.0,0.0,0.0,71.02332,0.0,0.0,0.0,0.0,0.0,0.0,0.0,0.0,0.0,0.0,0.0,1.0,0.0,0.0,0.0,0.0,0.0,0.0,1,12.0,12.0,12.0,12.0,0.0,71.02332,71.02332,71.02332,71.02332,1.0,1.0,1.0,1.0,0.0,0.0
avenue_training_01_clip_000074,avenue,training,01,74,1185,1216,32,0,0,0.0,0.0,0.0,0.0,0.0,0.0,0,0.0,0.0,0.0,0.0,0.0,0.0,0.0,0.0,0.0,0.0,0.0,0.0,0.0,0.0,0.0,0.0,0.0,0.0,0.0,0.0,0.0,0.0,0.0,0.0,0.0,0,0.0,0.0,0.0,0.0,0.0,0.0,0.0,1,0.0,0.0,0.0,0.0,0.0,0.0,0.0,0.0,0,0.0,0.0,0.0,0.0,0.0,0.0,0.0,0.0,0.0,0.0,0.0,0.0,0.0,0.0,0.0,0.0,0.0,0.0,0.0,0.0,0.0,0.0,0.0,0.0,0.0,0.0,0.0,0.0,1.0,0.0,0,0.0,0.0,0.0,0.0,0.0,0.0,0.0,0.0,0.0,0.0,0.0,0.0,0.0,0.0,0.0
avenue_training_01_clip_000075,avenue,training,01,75,1201,1232,32,0,0,0.0,0.0,0.0,0.0,0.0,0.0,0,0.0,0.0,0.0,0.0,0.0,0.0,0.0,0.0,0.0,0.0,0.0,0.0,0.0,0.0,0.0,0.0,0.0,0.0,0.0,0.0,0.0,0.0,0.0,0.0,0.0,0,0.0,0.0,0.0,0.0,0.0,0.0,0.0,1,0.0,0.0,0.0,0.0,0.0,0.0,0.0,0.0,0,0.0,0.0,0.0,0.0,0.0,0.0,0.0,0.0,0.0,0.0,0.0,0.0,0.0,0.0,0.0,0.0,0.0,0.0,0.0,0.0,0.0,0.0,0.0,0.0,0.0,0.0,0.0,0.0,1.0,0.0,0,0.0,0.0,0.0,0.0,0.0,0.0,0.0,0.0,0.0,0.0,0.0,0.0,0.0,0.0,0.0
avenue_training_01_clip_000076,avenue,training,01,76,1217,1248,32,0,0,0.0,0.0,0.0,0.0,0.0,0.0,0,0.0,0.0,0.0,0.0,0.0,0.0,0.0,0.0,0.0,0.0,0.0,0.0,0.0,0.0,0.0,0.0,0.0,0.0,0.0,0.0,0.0,0.0,0.0,0.0,0.0,0,0.0,0.0,0.0,0.0,0.0,0.0,0.0,1,0.0,0.0,0.0,0.0,0.0,0.0,0.0,0.0,0,0.0,0.0,0.0,0.0,0.0,0.0,0.0,0.0,0.0,0.0,0.0,0.0,0.0,0.0,0.0,0.0,0.0,0.0,0.0,0.0,0.0,0.0,0.0,0.0,0.0,0.0,0.0,0.0,1.0,0.0,0,0.0,0.0,0.0,0.0,0.0,0.0,0.0,0.0,0.0,0.0,0.0,0.0,0.0,0.0,0.0
avenue_training_01_clip_000077,avenue,training,01,77,1233,1264,32,0,0,0.0,2715.488833,2117.558005,2117.558005,1519.627177,597.930828,0,0.0,-43.337036,128.140715,76.171466,60.315818,60.315818,44.46017,15.855648,0.0,0.0,0.0,0.0,0.0,0.0,0.0,0.0,0.0,0.583333,0.0,0.416667,22.088987,22.088987,22.088987,22.088987,0.0,0,0.0,252.796855,239.071905,239.071905,225.346955,13.72495,1.0,0,0.0,0.0,0.0,0.0,0.0,0.0,0.0,0.0,1,0.0,0.0,0.0,0.0,0.0,0.0,0.0,0.0,0.0,120.665509,0.0,135.61592,0.0,0.0,0.0,0.0,0.0,0.0,0.0,0.0,0.0,0.889759,0.0,1.0,0.0,0.0,0.0,0.0,0.0,0.0,2,7.0,6.0,6.0,5.0,1.0,135.61592,128.140715,128.140715,120.665509,1.058336,1.0,1.0,0.941664,0.058336,7.475205
avenue_training_01_clip_000078,avenue,training,01,78,1249,1280,32,0,0,0.0,12485.463264,7148.200764,6782.388961,2542.561872,3756.452263,0,0.0,-9.947455,243.37486,109.217672,93.375974,92.2089,79.868424,12.065564,0.0,0.319149,0.148936,0.0,0.0,0.0,0.0,0.06383,0.0,0.0,0.0,0.468085,121.882449,60.941224,56.778605,8.325239,41.932893,0,0.0,887.764045,603.859632,607.587242,312.5,279.02248,1.0,0,0.0,0.0,0.0,0.0,0.0,0.0,0.0,0.0,1,0.0,249.140529,379.67838,0.0,0.0,0.0,0.0,212.846157,0.0,0.0,0.0,131.834372,0.0,0.656188,1.0,0.0,0.0,0.0,0.0,0.560596,0.0,0.0,0.0,0.347226,0.0,0.0,0.0,0.0,0.0,0.0,4,22.0,11.75,11.0,3.0,7.327175,379.67838,243.37486,230.993343,131.834372,1.560056,1.0,0.949126,0.541693,0.367425,89.421998
avenue_training_01_clip_000079,avenue,training,01,79,1265,1296,32,0,0,0.0,7038.718582,4323.782837,3562.588051,2370.041878,1980.521593,0,0.0,-16.724021,192.399744,122.904911,95.354704,85.860841,77.29836,19.792077,0.675676,0.0,0.0,0.0,0.0,0.0,0.0,0.0,0.0,0.0,0.135135,0.189189,24.184783,16.123188,23.813399,0.371383,11.13924,0,0.0,576.221529,475.407176,550.0,300.0,124.492705,1.0,0,0.0,0.0,0.0,0.0,0.0,0.0,0.0,0.0,1,131.887192,0.0,0.0,0.0,0.0,0.0,0.0,0.0,0.0,0.0,188.232148,257.079891,0.51302,0.0,0.0,0.0,0.0,0.0,0.0,0.0,0.0,0.0,0.732193,1.0,0.0,0.0,0.0,0.0,0.0,0.0,3,25.0,12.333333,7.0,5.0,8.993825,257.079891,192.399744,188.232148,131.887192,1.336176,1.0,0.978339,0.685485,0.266085,51.194594
avenue_training_01_clip_000080,avenue,training,01,80,1281,1312,32,0,0,0.0,21140.309737,7893.458037,5727.576313,392.396957,7024.104054,0,0.0,-26.558772,260.614868,96.651096,78.506209,86.539835,37.981878,21.480751,0.571429,0.0,0.0,0.0,0.0,0.0,0.0,0.0,0.095238,0.0,0.071429,0.261905,88.76248,40.622652,46.250054,1.342414,31.12706,0,0.0,925.759823,624.978802,782.823416,115.244306,315.775233,1.0,0,0.0,0.0,0.0,0.0,0.0,0.0,0.0,0.0,1,260.784362,0.0,0.0,0.0,0.0,0.0,0.0,0.0,103.865618,0.0,502.953628,174.686372,0.518506,0.0,0.0,0.0,0.0,0.0,0.0,0.0,0.206511,0.0,1.0,0.347321,0.0,0.0,0.0,0.0,0.0,0.0,5,15.0,8.4,9.0,3.0,4.454211,502.953628,260.614868,257.771694,103.865618,1.929873,1.0,0.989091,0.398541,0.516797,134.685054
avenue_training_01_clip_000081,avenue,training,01,81,1297,1328,32,0,0,0.0,5074.687301,3316.26344,2939.363155,1934.739865,1309.289335,0,0.0,35.334719,185.826454,90.562013,83.04055,81.842163,76.717474,5.715179,0.325,0.675,0.0,0.0,0.0,0.0,0.0,0.0,0.0,0.0,0.0,0.0,18.986025,12.65735,16.69122,2.294805,7.387074,0,0.0,1000.780945,502.279148,355.536566,150.519932,362.294527,1.0,0,0.0,0.0,0.0,0.0,0.0,0.0,0.0,0.0,1,201.420803,178.029279,0.0,0.0,0.0,0.0,0.0,0.0,0.0,0.0,0.0,0.0,1.0,0.883867,0.0,0.0,0.0,0.0,0.0,0.0,0.0,0.0,0.0,0.0,0.0,0.0,0.0,0.0,0.0,0.0,3,23.0,13.333333,13.0,4.0,7.760298,252.675541,185.826454,201.420803,103.383017,1.359739,1.0,1.083919,0.556342,0.33331,61.937884
avenue_training_01_clip_000082,avenue,training,01,82,1313,1344,32,0,0,0.0,8042.371863,5384.393405,5008.959514,1610.388082,2438.201326,0,0.0,-4.712202,261.28273,95.455322,53.083432,35.922547,13.083807,31.793054,0.808824,0.0,0.0,0.0,0.073529,0.0,0.0,0.0,0.044118,0.073529,0.0,0.0,126.166222,61.651146,60.450554,5.092087,44.479772,0,0.0,1024.237521,689.073363,687.840825,258.467707,299.54384,1.0,0,0.0,0.0,0.0,0.0,0.0,0.0,0.0,0.0,1,278.141817,0.0,0.0,0.0,212.353065,0.0,0.0,0.0,226.259945,311.517008,0.0,0.0,0.892862,0.0,0.0,0.0,0.681674,0.0,0.0,0.0,0.726317,1.0,0.0,0.0,0.0,0.0,0.0,0.0,0.0,0.0,5,31.0,13.6,5.0,3.0,11.586199,311.517008,261.28273,268.423718,212.353065,1.19226,1.0,1.02733,0.812733,0.142193,37.152472
avenue_training_01_clip_000083,avenue,training,01,83,1329,1360,32,0,0,0.0,14523.426728,5117.118962,5217.412522,162.138274,4392.62189,0,0.0,27.666942,242.093927,107.254261,64.977644,56.41167,11.745859,30.430614,0.264706,0.279412,0.058824,0.0,0.0,0.058824,0.0,0.0,0.0,0.058824,0.279412,0.0,133.59858,54.250083,37.822777,4.236589,46.325887,0,0.0,1017.426287,550.750798,612.882534,125.623445,312.427685,1.0,0,0.0,0.0,0.0,0.0,0.0,0.0,0.0,0.0,1,319.437581,137.882137,446.504675,0.0,0.0,142.953112,0.0,0.0,0.0,272.372361,237.625487,0.0,0.715418,0.308803,1.0,0.0,0.0,0.32016,0.0,0.0,0.0,0.61001,0.53219,0.0,0.0,0.0,0.0,0.0,0.0,0.0,7,19.0,9.714286,4.0,4.0,6.691451,446.504675,242.093927,237.625487,75.207815,1.844345,1.0,0.981543,0.310656,0.463419,112.191025
avenue_training_01_clip_000084,avenue,training,01,84,1333,1364,32,0,0,0.0,16038.99119,7115.752061,5117.479142,695.437694,5138.751914,0,0.0,46.059473,223.731221,178.871165,74.822002,61.165508,2.726311,57.74847,0.0,0.0,0.316667,0.0,0.05,0.0,0.0,0.0,0.0,0.0,0.0,0.633333,76.267439,52.591686,64.051221,24.743075,20.866,0,0.0,1349.189572,778.041111,968.649188,72.886899,500.409675,1.0,0,0.0,0.0,0.0,0.0,0.0,0.0,0.0,0.0,1,0.0,0.0,192.811204,0.0,58.978145,0.0,0.0,0.0,0.0,0.0,0.0,337.027776,0.0,0.0,0.572093,0.0,0.174995,0.0,0.0,0.0,0.0,0.0,0.0,1.0,0.0,0.0,0.0,0.0,0.0,0.0,5,28.0,12.0,10.0,3.0,9.359487,368.518717,223.731221,205.427223,58.978145,1.647149,1.0,0.918188,0.263612,0.477351,106.79848
avenue_training_02_clip_000000,avenue,training,02,0,1,32,32,0,0,0.0,7994.195472,4799.959187,4484.566517,1837.627096,2025.779565,0,0.0,19.526677,319.773954,155.576985,78.623623,69.652826,24.94806,39.272779,0.131313,0.272727,0.040404,0.0,0.0,0.030303,0.0,0.0,0.0,0.0,0.050505,0.474747,143.219062,47.605138,30.907503,7.169193,38.477331,0,0.0,1167.930863,677.432872,787.5992,175.445861,377.155101,1.0,0,0.0,0.0,0.0,0.0,0.0,0.0,0.0,0.0,1,299.349274,353.294427,203.207982,0.0,0.0,196.353049,0.0,0.0,0.0,0.0,104.555856,430.301251,0.695674,0.82104,0.472246,0.0,0.0,0.456315,0.0,0.0,0.0,0.0,0.242983,1.0,0.0,0.0,0.0,0.0,0.0,0.0,9,31.0,11.0,5.0,3.0,10.055402,901.160802,319.773954,280.424149,104.555856,2.818118,1.0,0.876945,0.326968,0.677419,216.620991
avenue_training_02_clip_000001,avenue,training,02,1,17,48,32,0,0,0.0,14939.100678,8713.366756,8075.043922,3711.098495,3197.022735,0,0.0,6.661106,337.594824,112.759462,70.581515,70.744177,11.814689,29.286045,0.532258,0.064516,0.064516,0.0,0.0,0.0,0.0,0.0,0.0,0.032258,0.112903,0.193548,90.75336,37.060515,27.546946,7.000028,26.333937,0,0.0,1203.250805,821.957345,883.264541,417.207982,283.143742,1.0,0,0.0,0.0,0.0,0.0,0.0,0.0,0.0,0.0,1,303.597321,352.279542,396.084037,0.0,0.0,0.0,0.0,0.0,0.0,426.326868,203.08931,350.119908,0.712123,0.826313,0.929062,0.0,0.0,0.0,0.0,0.0,0.0,1.0,0.47637,0.821248,0.0,0.0,0.0,0.0,0.0,0.0,13,29.0,9.538462,6.0,3.0,8.481794,611.831,337.594824,275.042402,180.337074,1.812323,1.0,0.814712,0.534182,0.3904,131.797195
avenue_training_02_clip_000002,avenue,training,02,2,33,64,32,0,0,0.0,14592.957471,6164.998362,5610.717599,639.51222,4206.206634,0,0.0,14.385636,265.782225,163.201586,78.263548,73.018498,15.062579,38.525959,0.416,0.104,0.0,0.0,0.0,0.024,0.0,0.0,0.0,0.0,0.024,0.432,150.132486,32.781587,21.495856,0.532294,38.614132,0,0.0,1290.954105,667.408644,718.250969,100.0,378.054331,1.0,0,0.0,0.0,0.0,0.0,0.0,0.0,0.0,0.0,1,293.503492,253.723861,0.0,0.0,0.0,86.443449,0.0,0.0,0.0,0.0,231.746838,296.647643,0.989401,0.855304,0.0,0.0,0.0,0.291401,0.0,0.0,0.0,0.0,0.781219,1.0,0.0,0.0,0.0,0.0,0.0,0.0,12,31.0,10.416667,6.0,3.0,9.707886,509.76228,265.782225,238.757824,86.443449,1.91797,1.0,0.898321,0.325242,0.45101,119.870605
avenue_training_02_clip_000003,avenue,training,02,3,49,80,32,0,0,0.0,11887.911546,4153.418603,3925.338111,435.765226,3130.863641,0,0.0,32.332714,205.40076,162.067594,74.046506,70.680645,9.217474,37.605234,0.478873,0.0,0.0,0.0,0.0,0.056338,0.0,0.0,0.0,0.0,0.0,0.464789,131.079405,41.884554,29.136734,3.008297,39.754735,0,0.0,1239.455526,559.973832,659.277154,62.5,349.567643,1.0,0,0.0,0.0,0.0,0.0,0.0,0.0,0.0,0.0,1,241.341478,0.0,0.0,0.0,0.0,143.551469,0.0,0.0,0.0,0.0,0.0,182.414329,1.0,0.0,0.0,0.0,0.0,0.594806,0.0,0.0,0.0,0.0,0.0,0.755835,0.0,0.0,0.0,0.0,0.0,0.0,12,31.0,11.833333,8.0,3.0,9.906507,418.685974,205.40076,179.68566,53.784695,2.038386,1.0,0.874805,0.261852,0.481864,98.975179
avenue_training_02_clip_000004,avenue,training,02,4,65,96,32,0,0,0.0,8206.032248,3334.949004,2751.475067,109.071978,2453.093556,0,0.0,-0.033881,178.205618,136.749583,66.860976,66.070686,12.35277,35.45965,0.184615,0.261538,0.0,0.023077,0.0,0.0,0.0,0.0,0.0,0.053846,0.0,0.476923,117.4534,29.475647,20.311309,0.343214,30.487317,0,0.0,1174.268389,388.823236,319.864007,55.901699,288.222368,1.0,0,0.0,0.0,0.0,0.0,0.0,0.0,0.0,0.0,1,162.763762,166.260316,0.0,189.466047,0.0,0.0,0.0,0.0,0.0,98.597715,0.0,193.601579,0.840715,0.858776,0.0,0.978639,0.0,0.0,0.0,0.0,0.0,0.509282,0.0,1.0,0.0,0.0,0.0,0.0,0.0,0.0,16,31.0,8.125,6.5,3.0,6.697714,344.796176,178.205618,163.987566,53.72026,1.934822,1.0,0.920216,0.301451,0.506498,90.260736
avenue_training_02_clip_000005,avenue,training,02,5,81,112,32,0,0,0.0,14700.957543,5647.070374,5542.734157,790.698651,3795.038388,0,0.0,0.147749,262.207473,175.725043,73.958156,65.756207,22.038533,41.355032,0.360248,0.0,0.0,0.0,0.0,0.0,0.0,0.0,0.0,0.0,0.0,0.639752,29.108306,13.850944,13.49338,1.875592,8.184741,0,0.0,1354.217948,694.399529,589.789422,139.754249,470.576356,1.0,0,0.0,0.0,0.0,0.0,0.0,0.0,0.0,0.0,1,325.836308,0.0,0.0,0.0,0.0,0.0,0.0,0.0,0.0,0.0,0.0,222.439452,1.0,0.0,0.0,0.0,0.0,0.0,0.0,0.0,0.0,0.0,0.0,0.682672,0.0,0.0,0.0,0.0,0.0,0.0,13,31.0,12.384615,10.0,3.0,8.185714,1060.198797,262.207473,185.335754,59.319258,4.043358,1.0,0.706829,0.22623,0.957382,251.032638
avenue_training_02_clip_000006,avenue,training,02,6,97,128,32,0,0,0.0,7281.308519,4300.785463,5271.764516,698.771243,2546.804451,0,0.0,2.953087,227.396745,91.249718,50.727889,53.5483,9.4345,26.6844,0.389313,0.030534,0.045802,0.038168,0.0,0.0,0.0,0.0,0.030534,0.0,0.160305,0.305344,102.399464,41.94615,33.867316,8.092405,30.051998,0,0.0,1184.535774,616.056476,643.021432,115.244306,412.132224,1.0,0,0.0,0.0,0.0,0.0,0.0,0.0,0.0,0.0,1,287.754721,97.391455,298.715935,466.688475,0.0,0.0,0.0,0.0,112.216468,0.0,192.920085,188.334084,0.616588,0.208686,0.640076,1.0,0.0,0.0,0.0,0.0,0.240453,0.0,0.413381,0.403554,0.0,0.0,0.0,0.0,0.0,0.0,11,31.0,11.909091,6.0,3.0,9.500761,466.688475,227.396745,236.452794,66.601539,2.052309,1.0,1.039825,0.292887,0.505402,114.92669
avenue_training_02_clip_000007,avenue,training,02,7,113,144,32,0,0,0.0,9701.636843,3918.494144,3072.914324,534.092131,2942.704083,0,0.0,21.962329,207.426874,111.99479,61.135559,70.441682,3.277695,30.392243,0.408333,0.216667,0.0,0.116667,0.0,0.041667,0.0,0.0,0.0,0.025,0.041667,0.15,147.936234,48.795406,27.337226,10.523629,43.772604,0,0.0,1290.59095,545.788308,434.509623,123.110723,389.643625,1.0,0,0.0,0.0,0.0,0.0,0.0,0.0,0.0,0.0,1,183.081684,297.344916,0.0,143.799918,0.0,108.083435,0.0,0.0,0.0,105.749535,247.284017,325.416949,0.562606,0.913735,0.0,0.441894,0.0,0.332138,0.0,0.0,0.0,0.324966,0.759899,1.0,0.0,0.0,0.0,0.0,0.0,0.0,10,30.0,12.0,11.5,3.0,8.062258,372.410891,207.426874,221.046843,104.672947,1.795384,1.0,1.065662,0.504626,0.426373,88.441237
avenue_training_02_clip_000008,avenue,training,02,8,129,160,32,0,0,0.0,10131.4078,4765.94761,4521.980083,372.212396,2781.000662,0,0.0,25.455705,210.978716,76.26839,52.429026,53.327223,25.687693,16.755927,0.322034,0.059322,0.101695,0.0,0.0,0.0,0.0,0.0,0.0,0.0,0.059322,0.457627,64.840694,35.634302,37.971185,1.750381,21.701255,0,0.0,1150.0,687.583199,751.109948,63.737744,392.561262,1.0,0,0.0,0.0,0.0,0.0,0.0,0.0,0.0,0.0,1,279.392581,149.983073,272.348143,0.0,0.0,0.0,0.0,0.0,0.0,0.0,40.295125,197.03504,1.0,0.536818,0.974787,0.0,0.0,0.0,0.0,0.0,0.0,0.0,0.144224,0.705226,0.0,0.0,0.0,0.0,0.0,0.0,8,29.0,14.75,12.5,4.0,8.898736,340.290075,210.978716,216.99046,40.295125,1.612912,1.0,1.028494,0.190991,0.417975,88.183809
avenue_training_02_clip_000009,avenue,training,02,9,145,176,32,0,0,0.0,11557.016239,5533.094836,5130.121771,297.924048,3643.504501,0,0.0,6.16196,257.887944,134.578738,67.72164,64.348828,44.076195,23.97538,0.666667,0.099099,0.072072,0.0,0.0,0.0,0.0,0.027027,0.0,0.0,0.0,0.135135,127.879434,36.499863,20.03745,2.411734,35.507611,0,0.0,1173.802581,727.866099,910.187367,50.0,416.866624,1.0,0,0.0,0.0,0.0,0.0,0.0,0.0,0.0,0.0,1,252.677744,393.109047,117.977163,0.0,0.0,0.0,0.0,38.975425,0.0,0.0,0.0,384.269136,0.642768,1.0,0.300113,0.0,0.0,0.0,0.0,0.099147,0.0,0.0,0.0,0.977513,0.0,0.0,0.0,0.0,0.0,0.0,10,31.0,11.1,5.5,3.0,10.358089,393.109047,257.887944,263.784457,38.975425,1.524341,1.0,1.022865,0.151133,0.499379,128.783824
avenue_training_02_clip_000010,avenue,training,02,10,161,192,32,0,0,0.0,8285.976862,3216.881219,2306.183934,808.058262,2251.162925,0,0.0,-6.21785,201.875678,145.732665,66.803108,55.057296,33.580562,34.204458,0.378378,0.036036,0.0,0.0,0.0,0.0,0.0,0.0,0.0,0.027027,0.045045,0.513514,76.953329,28.846711,25.586006,0.003831,24.117663,0,0.0,1164.3802,590.988329,515.388203,50.0,443.677465,1.0,0,0.0,0.0,0.0,0.0,0.0,0.0,0.0,0.0,1,175.70109,99.788298,0.0,0.0,0.0,0.0,0.0,0.0,0.0,172.469393,129.180456,296.113228,0.593358,0.336994,0.0,0.0,0.0,0.0,0.0,0.0,0.0,0.582444,0.436254,1.0,0.0,0.0,0.0,0.0,0.0,0.0,9,31.0,12.333333,6.0,3.0,11.115555,504.260597,201.875678,172.469393,33.838835,2.497877,1.0,0.854335,0.167622,0.624948,126.161871
avenue_training_02_clip_000011,avenue,training,02,11,177,208,32,0,0,0.0,10268.609464,5888.132329,6117.492701,270.240193,2808.820217,0,0.0,-4.923973,226.031226,147.361113,68.618834,64.710857,21.746282,31.573739,0.54375,0.09375,0.0,0.0,0.0,0.0,0.0,0.03125,0.0,0.01875,0.0,0.3125,127.757877,33.666768,19.235326,3.552084,33.111709,0,0.0,1140.517974,633.156619,692.518503,87.5,314.089664,1.0,0,0.0,0.0,0.0,0.0,0.0,0.0,0.0,0.0,1,215.063037,273.437935,0.0,0.0,0.0,0.0,0.0,85.870027,0.0,202.746883,0.0,255.04274,0.786515,1.0,0.0,0.0,0.0,0.0,0.0,0.314038,0.0,0.741473,0.0,0.932726,0.0,0.0,0.0,0.0,0.0,0.0,14,31.0,11.428571,6.0,3.0,9.559694,359.579587,226.031226,230.367109,75.422561,1.59084,1.0,1.019182,0.333682,0.331634,74.959565
avenue_training_02_clip_000012,avenue,training,02,12,193,224,32,0,0,0.0,12245.765596,5146.395834,5232.338868,1130.093597,2718.587244,0,0.0,-9.527466,274.544435,170.837653,78.961607,68.973444,27.556295,38.60276,0.048951,0.125874,0.0,0.0,0.0,0.0,0.0,0.0,0.034965,0.0,0.055944,0.734266,99.463472,27.18005,18.361983,0.631124,27.804104,0,0.0,944.887559,586.223695,614.997206,134.62912,243.78818,1.0,0,0.0,0.0,0.0,0.0,0.0,0.0,0.0,0.0,1,215.870759,251.991983,0.0,0.0,0.0,0.0,0.0,0.0,395.623804,0.0,370.678752,247.827726,0.545647,0.636948,0.0,0.0,0.0,0.0,0.0,0.0,1.0,0.0,0.936948,0.626423,0.0,0.0,0.0,0.0,0.0,0.0,14,31.0,10.214286,7.0,3.0,8.661727,657.798579,274.544435,206.773657,83.558924,2.395964,1.0,0.753152,0.304355,0.577077,158.433359
avenue_training_02_clip_000013,avenue,training,02,13,209,240,32,0,0,0.0,7860.979532,4012.661921,4670.098479,198.494037,2145.856544,0,0.0,11.35564,183.039084,108.411477,67.242452,65.321232,9.018249,26.680778,0.276471,0.052941,0.0,0.0,0.0,0.029412,0.0,0.0,0.0,0.0,0.052941,0.588235,164.246254,34.003479,17.536935,7.279913,39.568958,0,0.0,984.01283,542.981182,610.814405,70.710678,297.396412,1.0,0,0.0,0.0,0.0,0.0,0.0,0.0,0.0,0.0,1,178.538582,242.396814,0.0,0.0,0.0,84.85572,0.0,0.0,0.0,0.0,182.437733,195.545252,0.736555,1.0,0.0,0.0,0.0,0.350069,0.0,0.0,0.0,0.0,0.752641,0.806715,0.0,0.0,0.0,0.0,0.0,0.0,14,30.0,12.142857,8.5,3.0,9.855072,263.525882,183.039084,189.083225,61.871843,1.439725,1.0,1.033021,0.338025,0.350418,64.140099
avenue_training_02_clip_000014,avenue,training,02,14,225,256,32,0,0,0.0,18701.629939,8529.807247,6420.002422,674.7431,4726.532053,0,0.0,-3.215479,300.210181,131.945724,71.66807,73.154966,4.546756,29.853026,0.27933,0.03352,0.0,0.0,0.0,0.0,0.0,0.0,0.0,0.0,0.078212,0.608939,62.869614,20.581497,7.716008,0.761393,19.880073,0,0.0,1336.097395,935.558775,910.013736,212.5,268.717223,1.0,0,0.0,0.0,0.0,0.0,0.0,0.0,0.0,0.0,1,305.084563,316.184671,0.0,0.0,0.0,0.0,0.0,0.0,0.0,0.0,277.163052,300.150447,0.964894,1.0,0.0,0.0,0.0,0.0,0.0,0.0,0.0,0.0,0.876586,0.949288,0.0,0.0,0.0,0.0,0.0,0.0,15,29.0,11.933333,9.0,3.0,8.512475,433.364204,300.210181,283.919527,199.005138,1.443536,1.0,0.945736,0.662886,0.25997,78.045668
avenue_training_02_clip_000015,avenue,training,02,15,241,272,32,0,0,0.0,12816.310409,4197.044718,3263.931706,161.735734,3405.592739,0,0.0,4.919457,196.398094,151.927513,76.629729,72.1568,19.814545,33.192394,0.502924,0.070175,0.017544,0.0,0.0,0.0,0.0,0.0,0.0,0.0,0.035088,0.374269,63.9557,23.808583,18.914933,0.494158,20.062103,0,0.0,1053.936075,521.086762,496.432586,51.53882,328.005351,1.0,0,0.0,0.0,0.0,0.0,0.0,0.0,0.0,0.0,1,165.057407,333.425725,324.031653,0.0,0.0,0.0,0.0,0.0,0.0,0.0,202.003631,157.695078,0.495035,1.0,0.971826,0.0,0.0,0.0,0.0,0.0,0.0,0.0,0.605843,0.472954,0.0,0.0,0.0,0.0,0.0,0.0,17,30.0,10.058824,7.0,3.0,8.348798,519.985149,196.398094,169.44203,48.304106,2.647608,1.0,0.862748,0.24595,0.603652,118.556176
avenue_training_02_clip_000016,avenue,training,02,16,257,288,32,0,0,0.0,16934.006151,4628.65594,3933.664359,367.232325,4099.012871,0,0.0,17.148638,170.623134,169.508523,60.367059,56.864992,14.872441,38.143973,0.432258,0.083871,0.0,0.025806,0.0,0.0,0.0,0.0,0.0,0.0,0.025806,0.432258,78.115497,24.574403,20.101709,2.123776,20.731654,0,0.0,986.470983,474.88511,389.310288,80.039053,295.116092,1.0,0,0.0,0.0,0.0,0.0,0.0,0.0,0.0,0.0,1,152.604495,160.882576,0.0,180.693775,0.0,0.0,0.0,0.0,0.0,0.0,280.930769,174.861944,0.54321,0.572677,0.0,0.643197,0.0,0.0,0.0,0.0,0.0,0.0,1.0,0.622438,0.0,0.0,0.0,0.0,0.0,0.0,15,29.0,10.333333,5.0,3.0,8.753412,283.062301,170.623134,181.315252,61.024021,1.658991,1.0,1.062665,0.357654,0.395017,67.399017
avenue_training_02_clip_000017,avenue,training,02,17,273,304,32,0,0,0.0,7836.487607,3659.317858,3201.640874,563.84596,2164.957873,0,0.0,0.331195,163.969483,163.455813,58.182646,57.516169,5.092115,36.866242,0.364238,0.05298,0.019868,0.0,0.0,0.0,0.0,0.0,0.0,0.039735,0.05298,0.470199,72.48712,21.035937,15.359659,0.467691,21.417209,0,0.0,1297.654133,446.464962,306.441267,88.388348,282.524475,1.0,0,0.0,0.0,0.0,0.0,0.0,0.0,0.0,0.0,1,184.698956,107.531153,190.250738,0.0,0.0,0.0,0.0,0.0,0.0,167.441151,90.775819,163.341433,0.970819,0.565208,1.0,0.0,0.0,0.0,0.0,0.0,0.0,0.880108,0.477138,0.858559,0.0,0.0,0.0,0.0,0.0,0.0,15,25.0,10.066667,8.0,3.0,5.824851,287.830435,163.969483,151.200221,70.794661,1.75539,1.0,0.922124,0.431755,0.362319,59.409261
avenue_training_02_clip_000018,avenue,training,02,18,289,320,32,0,0,0.0,9530.591933,5352.705572,5657.164913,700.658119,2879.394882,0,0.0,0.788263,251.759949,140.598535,57.44847,58.813858,0.525635,30.205101,0.194969,0.106918,0.0,0.0,0.0,0.0,0.0,0.0,0.0,0.0,0.018868,0.679245,46.05108,23.619379,25.77122,2.186121,12.019303,0,0.0,1368.05062,794.020159,874.956105,146.782625,375.316656,0.996599,0,0.0,0.0,0.0,0.0,0.0,0.0,0.0,0.0,1,202.73159,311.051785,0.0,0.0,0.0,0.0,0.0,0.0,0.0,0.0,187.095427,272.073419,0.651762,1.0,0.0,0.0,0.0,0.0,0.0,0.0,0.0,0.0,0.601493,0.874688,0.047619,0.003401,0.0,0.0,0.003401,0.012264,14,27.0,11.357143,10.0,3.0,6.97554,530.113037,251.759949,223.512329,104.571308,2.105629,1.0,0.8878,0.415361,0.436148,109.804551
avenue_training_02_clip_000019,avenue,training,02,19,305,336,32,0,0,0.0,26532.542434,7289.172301,6654.669578,366.988375,6038.252552,0,0.0,-1.461878,394.282335,177.605752,69.042134,64.910849,9.104601,41.646309,0.331395,0.168605,0.017442,0.0,0.0,0.0,0.0,0.0,0.0,0.017442,0.174419,0.290698,79.314934,29.014328,33.562771,1.107304,19.026064,0,0.0,1334.75185,710.118011,716.327439,80.039053,375.609385,1.0,0,0.0,0.0,0.0,0.0,0.0,0.0,0.0,0.0,1,495.477028,377.259475,159.831578,0.0,0.0,0.0,0.0,0.0,0.0,366.228648,361.442256,397.549268,1.0,0.761407,0.322581,0.0,0.0,0.0,0.0,0.0,0.0,0.739144,0.729483,0.802357,0.0,0.0,0.0,0.0,0.0,0.0,25,25.0,6.88,5.0,3.0,5.609421,850.046625,394.282335,366.228648,62.554222,2.155934,1.0,0.928849,0.158653,0.469412,185.080822
avenue_training_02_clip_000020,avenue,training,02,20,321,352,32,0,0,0.0,25090.403175,7537.942276,6741.016287,1220.395413,4879.002555,0,0.0,-16.428367,405.116228,179.717757,78.09143,71.565051,16.452621,38.031445,0.420635,0.123016,0.0,0.0,0.0,0.0,0.0,0.0,0.011905,0.06746,0.18254,0.194444,90.91921,34.613544,38.177874,0.750619,21.30396,0,0.0,1368.621569,837.418191,868.277749,176.776695,399.158661,1.0,0,0.0,0.0,0.0,0.0,0.0,0.0,0.0,0.0,1,394.965421,477.894062,0.0,0.0,0.0,0.0,0.0,0.0,228.892354,379.553684,427.490833,435.223124,0.826471,1.0,0.0,0.0,0.0,0.0,0.0,0.0,0.47896,0.794221,0.894531,0.91071,0.0,0.0,0.0,0.0,0.0,0.0,29,31.0,8.689655,7.0,3.0,6.813291,866.242557,405.116228,408.169725,128.407874,2.138257,1.0,1.007537,0.316966,0.418224,169.429331
avenue_training_02_clip_000021,avenue,training,02,21,337,368,32,0,0,0.0,15814.469633,7029.017415,7060.0728,638.4582,3776.715501,0,0.0,0.617096,339.298562,130.077328,74.58916,68.503979,22.516885,25.826569,0.354922,0.0,0.007772,0.0,0.0,0.0,0.0,0.0,0.0,0.0,0.069948,0.567358,62.757287,13.449866,8.533289,0.05065,13.268152,0,0.0,1338.959484,854.778154,866.476341,113.192314,360.010471,1.0,0,0.0,0.0,0.0,0.0,0.0,0.0,0.0,0.0,1,378.282202,0.0,417.067615,0.0,0.0,0.0,0.0,0.0,0.0,0.0,286.483326,310.937695,0.907004,0.0,1.0,0.0,0.0,0.0,0.0,0.0,0.0,0.0,0.686899,0.745533,0.0,0.0,0.0,0.0,0.0,0.0,29,28.0,13.310345,9.0,3.0,8.542403,703.29908,339.298562,339.907823,98.270677,2.072803,1.0,1.001796,0.289629,0.367048,124.538967
avenue_training_02_clip_000022,avenue,training,02,22,353,384,32,0,0,0.0,25064.115889,8225.792639,7736.915047,277.341164,5124.616353,0,0.0,10.31108,370.561871,142.909841,75.590231,77.853125,9.720017,31.401113,0.471119,0.155235,0.021661,0.00722,0.005415,0.0,0.0,0.0,0.005415,0.0,0.081227,0.252708,116.953256,32.054691,23.292692,0.176174,26.364538,0,0.0,1364.562659,826.324655,918.850366,80.039053,416.454751,1.0,0,0.0,0.0,0.0,0.0,0.0,0.0,0.0,0.0,1,433.586878,417.179334,254.821197,495.31616,157.423348,0.0,0.0,0.0,374.297545,0.0,332.67209,297.371264,0.875374,0.842249,0.514462,1.0,0.317824,0.0,0.0,0.0,0.755674,0.0,0.671636,0.600367,0.0,0.0,0.0,0.0,0.0,0.0,52,31.0,10.653846,5.5,3.0,9.736696,1125.284626,370.561871,356.413348,71.888398,3.036698,1.0,0.961819,0.193998,0.55137,204.316586
avenue_training_02_clip_000023,avenue,training,02,23,369,400,32,0,0,0.0,28505.347687,8387.234205,7779.664847,656.37159,4942.545474,0,0.0,-4.535075,357.211755,179.483836,85.243938,79.946654,0.889615,33.385756,0.419962,0.077213,0.016949,0.0,0.0,0.0,0.00565,0.0,0.007533,0.026365,0.011299,0.435028,155.926626,30.940007,16.155995,0.917436,32.798639,0,0.0,1372.953022,893.14157,967.957871,111.803399,366.388615,1.0,0,0.0,0.0,0.0,0.0,0.0,0.0,0.0,0.0,1,351.098932,501.497257,235.472713,0.0,0.0,0.0,268.866039,0.0,537.919275,317.767534,90.73689,350.550143,0.652698,0.932291,0.437747,0.0,0.0,0.0,0.499826,0.0,1.0,0.590735,0.168681,0.651678,0.0,0.0,0.0,0.0,0.0,0.0,42,30.0,12.642857,7.5,3.0,9.603624,883.893024,357.211755,333.444145,84.776145,2.474423,1.0,0.933464,0.237327,0.429564,153.445447
avenue_training_02_clip_000024,avenue,training,02,24,385,416,32,0,0,0.0,22512.967118,7240.701151,6175.203283,199.090441,5318.305029,0,0.0,-3.207095,313.230363,157.863609,76.617168,75.265194,14.783288,27.894631,0.308793,0.08589,0.00818,0.0,0.0,0.0,0.0,0.0,0.00818,0.014315,0.110429,0.464213,99.47864,24.692126,18.862012,1.323257,22.538398,0,0.0,1367.30803,811.15077,869.991731,53.033009,421.401861,1.0,0,0.0,0.0,0.0,0.0,0.0,0.0,0.0,0.0,1,278.49169,444.395855,207.590818,0.0,0.0,0.0,0.0,0.0,96.908647,694.066366,270.497648,290.243267,0.401246,0.640279,0.299094,0.0,0.0,0.0,0.0,0.0,0.139624,1.0,0.389729,0.418178,0.0,0.0,0.0,0.0,0.0,0.0,44,31.0,11.113636,7.0,3.0,8.402424,828.650159,313.230363,287.627735,49.0512,2.645498,1.0,0.918263,0.156598,0.577238,180.808503
avenue_training_02_clip_000025,avenue,training,02,25,401,432,32,0,0,0.0,18441.920296,7001.743048,6287.222913,208.265812,4560.840414,0,0.0,8.22468,288.726208,168.896261,70.796583,68.355706,10.838325,38.807035,0.338129,0.103118,0.040767,0.019185,0.0,0.0,0.0,0.021583,0.009592,0.0,0.026379,0.441247,136.717009,38.838229,25.092196,0.168603,37.607976,0,0.0,1317.01604,751.444397,775.1008,100.0,419.261405,1.0,0,0.0,0.0,0.0,0.0,0.0,0.0,0.0,0.0,1,346.587845,394.442083,222.551637,185.445816,0.0,0.0,0.0,179.812282,78.337957,0.0,288.348511,257.458101,0.878679,1.0,0.564219,0.470147,0.0,0.0,0.0,0.455865,0.198604,0.0,0.731029,0.652715,0.0,0.0,0.0,0.0,0.0,0.0,37,31.0,11.27027,8.0,3.0,8.439446,789.956052,288.726208,262.455653,78.337957,2.736004,1.0,0.909012,0.271323,0.5144,148.520875
avenue_training_02_clip_000026,avenue,training,02,26,417,448,32,0,0,0.0,13367.303787,6826.753771,6533.053249,192.135998,3717.557032,0,0.0,6.056861,295.667224,169.908565,74.402859,78.857018,16.927513,35.218853,0.257996,0.1258,0.021322,0.023454,0.006397,0.0,0.0,0.0,0.0,0.0,0.172708,0.392324,114.123947,34.022549,28.684321,1.535583,27.153441,0,0.0,1367.536563,811.347207,912.179889,75.0,399.422052,0.998684,0,0.0,0.0,0.0,0.0,0.0,0.0,0.0,0.0,1,284.065574,283.375267,373.140353,214.595758,199.842205,0.0,0.0,0.0,0.0,0.0,307.404489,311.217212,0.761283,0.759433,1.0,0.575107,0.535568,0.0,0.0,0.0,0.0,0.0,0.823831,0.834049,0.052632,0.001316,0.0,0.0,0.001316,0.008217,40,31.0,11.725,7.0,3.0,9.418035,599.602591,295.667224,273.630675,71.15728,2.027964,1.0,0.925468,0.240667,0.43812,129.537838
avenue_training_02_clip_000027,avenue,training,02,27,433,464,32,0,0,0.0,33148.576515,9680.520287,7044.437182,1349.968536,6622.56775,0,0.0,-1.929648,382.27636,176.424316,85.845682,84.236273,11.575189,37.542595,0.439673,0.0409,0.02863,0.010225,0.0,0.0,0.0,0.0,0.01227,0.010225,0.108384,0.349693,106.027095,33.985004,21.719614,1.106434,28.323782,0,0.0,1360.6639,975.457264,1107.502822,189.159324,372.066639,0.986902,0,0.0,0.0,0.0,0.0,0.0,0.0,0.0,0.0,1,350.400568,473.111772,534.597064,93.165742,0.0,0.0,0.0,0.0,826.222358,742.199882,383.419783,260.160251,0.4241,0.57262,0.647038,0.112761,0.0,0.0,0.0,0.0,1.0,0.898305,0.464064,0.314879,0.5,0.013098,0.0,0.0,0.013098,0.077197,41,31.0,11.926829,8.0,3.0,9.612975,995.647392,382.27636,307.90859,93.165742,2.604523,1.0,0.805461,0.243713,0.599115,229.027582
avenue_training_02_clip_000028,avenue,training,02,28,449,480,32,0,0,0.0,24386.599929,8865.397748,6499.515438,638.826147,6093.316837,0,0.0,0.834486,314.790165,156.089908,75.960137,73.873663,4.564115,34.838707,0.254808,0.045673,0.036058,0.014423,0.0,0.0,0.0,0.0,0.014423,0.03125,0.108173,0.495192,113.708322,39.06054,26.963676,1.629733,32.710254,0,0.0,1341.93191,795.877485,864.790545,39.528471,378.110231,0.992544,0,0.0,0.0,0.0,0.0,0.0,0.0,0.0,0.0,1,266.403249,348.506426,408.369993,178.429794,0.0,0.0,0.0,0.0,554.758904,390.649077,278.658127,288.831525,0.480214,0.628212,0.736122,0.321635,0.0,0.0,0.0,0.0,1.0,0.704178,0.502305,0.520643,0.25,0.007456,0.0,0.0,0.007456,0.040229,38,31.0,10.947368,6.0,3.0,9.547519,843.268565,314.790165,270.482363,26.751948,2.678828,1.0,0.859247,0.084983,0.551369,173.565422
avenue_training_02_clip_000029,avenue,training,02,29,465,496,32,0,0,0.0,19795.879413,6913.947114,6256.302681,1301.358784,3978.13352,0,0.0,-5.131451,305.342842,155.754241,80.747335,77.367041,10.091057,32.095185,0.360731,0.018265,0.009132,0.0,0.009132,0.0,0.0,0.0,0.0,0.027397,0.16895,0.406393,132.702298,28.180393,20.208427,0.522005,28.876035,0,0.0,1331.646068,807.608567,849.024942,150.0,371.827464,0.997888,0,0.0,0.0,0.0,0.0,0.0,0.0,0.0,0.0,1,280.649008,299.325942,752.063495,0.0,624.807297,0.0,0.0,0.0,0.0,295.243702,331.721251,256.165288,0.373172,0.398006,1.0,0.0,0.830791,0.0,0.0,0.0,0.0,0.392578,0.441081,0.340617,0.038462,0.002112,0.0,0.0,0.002112,0.008469,34,31.0,12.882353,7.5,3.0,10.156901,752.063495,305.342842,265.212333,107.771198,2.463013,1.0,0.868572,0.352951,0.498671,152.265693
avenue_training_02_clip_000030,avenue,training,02,30,481,512,32,0,0,0.0,20611.335838,6527.438431,5799.573738,133.127476,5077.793053,0,0.0,-2.845944,251.326157,179.378779,80.675151,76.479022,20.772255,34.190312,0.292994,0.099788,0.010616,0.0,0.0,0.0,0.0,0.0,0.0,0.006369,0.101911,0.488323,74.367486,24.588278,22.65415,0.464123,17.920793,0,0.0,1362.958638,659.547036,706.957789,67.31456,384.088077,0.999242,0,0.0,0.0,0.0,0.0,0.0,0.0,0.0,0.0,1,188.749031,340.314814,303.562823,0.0,0.0,0.0,0.0,0.0,0.0,221.162927,299.592815,231.487858,0.554631,1.0,0.892006,0.0,0.0,0.0,0.0,0.0,0.0,0.649877,0.88034,0.680217,0.033333,0.000758,0.0,0.0,0.000758,0.004968,44,31.0,10.704545,8.0,3.0,8.917754,621.217643,251.326157,222.066061,61.60813,2.471759,1.0,0.883578,0.245132,0.591903,148.76078
avenue_training_02_clip_000031,avenue,training,02,31,497,528,32,0,0,0.0,18015.899591,6917.38546,6637.138859,824.256913,4204.607564,0,0.0,-19.229672,282.848606,156.801409,77.043703,81.863181,9.165343,36.334541,0.267806,0.008547,0.0,0.0,0.0,0.0,0.0,0.0,0.008547,0.054131,0.096866,0.564103,74.994092,23.649852,20.838216,0.179961,18.272791,0,0.0,1301.081281,744.540923,828.590671,67.31456,410.942793,0.998302,0,0.0,0.0,0.0,0.0,0.0,0.0,0.0,0.0,1,239.031012,138.160353,0.0,0.0,0.0,0.0,0.0,0.0,458.010075,290.769817,261.579346,318.175227,0.52189,0.301654,0.0,0.0,0.0,0.0,0.0,0.0,1.0,0.634855,0.571121,0.69469,0.052632,0.001698,0.0,0.0,0.001698,0.009299,31,31.0,11.322581,7.0,3.0,9.673332,533.970754,282.848606,276.147434,42.496115,1.887832,1.0,0.976308,0.150243,0.479879,135.733149
avenue_training_02_clip_000032,avenue,training,02,32,513,544,32,0,0,0.0,21582.253954,7637.675576,7177.708861,109.071978,4561.923474,0,0.0,-4.984086,310.064747,174.320744,80.569824,74.349248,3.489325,41.416397,0.579439,0.018692,0.018692,0.0,0.0,0.0,0.0,0.0,0.024922,0.040498,0.028037,0.28972,113.322551,35.626863,27.914323,0.927215,30.084668,0,0.0,1360.147051,836.379607,857.776923,55.901699,414.519256,1.0,0,0.0,0.0,0.0,0.0,0.0,0.0,0.0,0.0,1,330.465945,195.011063,118.779522,0.0,0.0,0.0,0.0,0.0,493.721385,160.8692,519.141845,293.596124,0.636562,0.375641,0.2288,0.0,0.0,0.0,0.0,0.0,0.951034,0.309875,1.0,0.565541,0.0,0.0,0.0,0.0,0.0,0.0,27,31.0,11.888889,6.0,3.0,10.407737,637.546451,310.064747,306.748953,40.707707,2.056172,1.0,0.989306,0.131288,0.487933,151.29073
avenue_training_02_clip_000033,avenue,training,02,33,529,560,32,0,0,0.0,23161.095289,7283.938019,6448.477257,140.907925,5053.494864,0,0.0,-8.584735,335.907337,175.815084,85.154464,81.325049,13.884668,33.478279,0.390909,0.1,0.0,0.0,0.009091,0.0,0.0,0.0,0.018182,0.0,0.172727,0.309091,140.526983,32.200489,21.206609,2.153911,33.949539,0,0.0,1347.335333,850.393729,949.236624,156.624551,357.354026,0.993132,0,0.0,0.0,0.0,0.0,0.0,0.0,0.0,0.0,1,245.801376,273.864563,0.0,0.0,201.001598,0.0,0.0,0.0,873.218936,0.0,363.629465,303.225081,0.281489,0.313626,0.0,0.0,0.230185,0.0,0.0,0.0,1.0,0.0,0.416424,0.34725,0.142857,0.006868,0.0,0.0,0.006868,0.02805,26,30.0,12.692308,9.5,3.0,9.011827,1344.517175,335.907337,278.144082,85.141739,4.002643,1.0,0.828038,0.253468,0.749371,251.719296
avenue_training_02_clip_000034,avenue,training,02,34,545,576,32,0,0,0.0,19880.857411,8088.734591,8339.005199,2169.324355,3897.850881,0,0.0,1.523878,330.473347,161.898201,86.318219,80.511779,46.15036,27.683787,0.254417,0.060071,0.017668,0.042403,0.0,0.0,0.0,0.0,0.0,0.031802,0.204947,0.388693,104.652959,30.556802,27.810803,2.161257,24.926925,0,0.0,1330.00235,844.882813,865.754729,228.103595,330.680503,1.0,0,0.0,0.0,0.0,0.0,0.0,0.0,0.0,0.0,1,347.776535,463.044962,182.550296,180.371008,0.0,0.0,0.0,0.0,0.0,329.542828,280.255903,318.464426,0.751064,1.0,0.394239,0.389532,0.0,0.0,0.0,0.0,0.0,0.711686,0.605246,0.687761,0.0,0.0,0.0,0.0,0.0,0.0,25,31.0,11.32,8.0,3.0,8.812355,1001.055257,330.473347,295.566514,110.456603,3.029156,1.0,0.894373,0.334238,0.528294,174.587238
avenue_training_02_clip_000035,avenue,training,02,35,561,592,32,0,0,0.0,24460.879571,5547.256929,4069.908476,540.940558,4927.369719,0,0.0,9.136685,211.402761,96.354504,64.02675,64.121493,6.241914,22.688758,0.466887,0.115894,0.013245,0.019868,0.009934,0.0,0.0,0.0,0.02649,0.0,0.112583,0.235099,125.109597,37.517002,21.156706,0.330469,38.77516,0,0.0,1309.401104,660.884055,635.712831,103.077641,331.371687,1.0,0,0.0,0.0,0.0,0.0,0.0,0.0,0.0,0.0,1,191.984236,159.47106,585.265266,200.924562,83.391563,0.0,0.0,0.0,379.492223,0.0,141.41212,194.590494,0.328029,0.272477,1.0,0.343305,0.142485,0.0,0.0,0.0,0.648411,0.0,0.241621,0.332483,0.0,0.0,0.0,0.0,0.0,0.0,22,31.0,13.727273,9.0,3.0,9.950705,585.265266,211.402761,169.123852,83.391563,2.768484,1.0,0.800008,0.394468,0.590528,124.839206
avenue_training_02_clip_000036,avenue,training,02,36,577,608,32,0,0,0.0,17938.394002,6317.620779,5892.125407,627.286153,3773.689064,0,0.0,0.917921,224.998136,121.92963,70.962639,72.1516,0.23973,26.424033,0.394068,0.016949,0.025424,0.012712,0.0,0.0,0.0,0.0,0.0,0.033898,0.042373,0.474576,111.582079,31.563443,26.217591,3.741104,26.304374,0,0.0,1347.277347,701.482189,694.734662,88.82919,401.514004,1.0,0,0.0,0.0,0.0,0.0,0.0,0.0,0.0,0.0,1,218.60107,75.284155,253.675586,196.154852,0.0,0.0,0.0,0.0,0.0,180.715424,239.893109,247.526467,0.861735,0.296773,1.0,0.773251,0.0,0.0,0.0,0.0,0.0,0.712388,0.945669,0.97576,0.0,0.0,0.0,0.0,0.0,0.0,21,28.0,11.238095,8.0,3.0,8.064648,522.011914,224.998136,232.545605,66.521087,2.320072,1.0,1.033545,0.295652,0.432986,97.420962
avenue_training_02_clip_000037,avenue,training,02,37,593,624,32,0,0,0.0,30951.150018,7126.694415,5420.777497,626.334198,6593.391606,0,0.0,-7.964779,233.293997,178.331663,74.379909,67.85421,6.115504,35.754393,0.074074,0.174603,0.0,0.015873,0.015873,0.0,0.0,0.0,0.042328,0.063492,0.084656,0.529101,133.435927,36.764934,31.258882,0.523016,35.174022,0,0.0,1299.338774,604.758613,545.537302,90.138782,386.781067,1.0,0,0.0,0.0,0.0,0.0,0.0,0.0,0.0,0.0,1,433.649703,314.193617,0.0,229.809704,155.098008,0.0,0.0,0.0,111.669894,287.24334,189.540752,169.588742,1.0,0.724533,0.0,0.529943,0.357657,0.0,0.0,0.0,0.257512,0.662386,0.437083,0.391073,0.0,0.0,0.0,0.0,0.0,0.0,24,28.0,7.875,5.0,3.0,6.771955,669.023,233.293997,220.918286,67.739958,2.867725,1.0,0.946952,0.290363,0.560085,130.664486
avenue_training_02_clip_000038,avenue,training,02,38,609,640,32,0,0,0.0,13949.451174,4561.989499,4246.835465,235.864509,3215.845154,0,0.0,-8.609241,208.926025,128.106089,76.683143,78.070271,11.888658,33.652525,0.15,0.26875,0.025,0.0,0.0,0.0,0.01875,0.0,0.025,0.0,0.0,0.5125,143.64502,38.285295,20.160579,1.262649,39.031502,0,0.0,1255.487953,563.207599,425.183784,63.737744,390.522315,0.997738,0,0.0,0.0,0.0,0.0,0.0,0.0,0.0,0.0,1,175.091842,246.43005,159.905242,0.0,0.0,0.0,56.191976,0.0,188.252651,0.0,0.0,235.353361,0.710513,1.0,0.648887,0.0,0.0,0.0,0.228024,0.0,0.763919,0.0,0.0,0.955051,0.038462,0.002262,0.0,0.0,0.002262,0.00905,17,29.0,9.411765,6.0,3.0,7.84451,534.965425,208.926025,214.616414,56.191976,2.560549,1.0,1.027236,0.268956,0.520365,108.717719
avenue_training_02_clip_000039,avenue,training,02,39,625,656,32,0,0,0.0,24125.630598,9169.163685,6593.848083,164.957514,6534.870973,0,0.0,10.129858,312.100859,174.766138,80.828049,83.293336,26.565051,34.217773,0.372414,0.062069,0.068966,0.02069,0.02069,0.0,0.0,0.0,0.0,0.089655,0.110345,0.255172,126.798542,42.773392,29.306728,0.278527,35.433694,0,0.0,1357.905096,866.353224,871.580262,62.5,400.851708,1.0,0,0.0,0.0,0.0,0.0,0.0,0.0,0.0,0.0,1,281.930266,268.486881,180.673638,978.496472,632.512612,0.0,0.0,0.0,0.0,332.071011,166.124227,217.531336,0.288126,0.274387,0.184644,1.0,0.646413,0.0,0.0,0.0,0.0,0.339369,0.169775,0.222312,0.0,0.0,0.0,0.0,0.0,0.0,18,23.0,8.055556,6.5,3.0,5.327833,978.496472,312.100859,272.840368,59.20085,3.135193,1.0,0.874206,0.189685,0.647273,202.014401
avenue_training_02_clip_000040,avenue,training,02,40,641,672,32,0,0,0.0,14802.302914,4454.514543,3951.2126,156.829908,3475.335818,0,0.0,-8.505984,200.822214,178.15239,73.895214,63.467894,7.534244,41.513804,0.322034,0.059322,0.025424,0.0,0.0,0.0,0.0,0.0,0.033898,0.042373,0.025424,0.491525,90.87455,31.74006,22.120628,0.153719,28.148211,0,0.0,1344.258625,460.967223,346.518283,79.056942,354.337204,1.0,0,0.0,0.0,0.0,0.0,0.0,0.0,0.0,0.0,1,331.375904,123.037985,156.957471,0.0,0.0,0.0,0.0,0.0,121.862705,179.061452,57.20614,169.576325,1.0,0.371294,0.473654,0.0,0.0,0.0,0.0,0.0,0.367748,0.540357,0.172632,0.511734,0.0,0.0,0.0,0.0,0.0,0.0,14,26.0,8.428571,5.5,3.0,7.108489,667.311055,200.822214,160.707452,57.20614,3.322895,1.0,0.800248,0.28486,0.700329,140.641577
avenue_training_02_clip_000041,avenue,training,02,41,657,688,32,0,0,0.0,12530.886828,4148.907917,3212.5234,485.557206,4005.413277,0,0.0,19.159607,159.099529,152.102729,66.736847,58.798371,25.321252,40.033595,0.114286,0.085714,0.0,0.042857,0.0,0.0,0.0,0.0,0.0,0.0,0.0,0.757143,82.778033,27.629528,20.436901,2.196913,24.922214,0,0.0,1364.734406,455.954975,261.007663,76.034532,446.596922,1.0,0,0.0,0.0,0.0,0.0,0.0,0.0,0.0,0.0,1,58.822555,62.707723,0.0,339.006084,0.0,0.0,0.0,0.0,0.0,0.0,0.0,198.112596,0.173515,0.184975,0.0,1.0,0.0,0.0,0.0,0.0,0.0,0.0,0.0,0.584392,0.0,0.0,0.0,0.0,0.0,0.0,7,27.0,10.0,6.0,3.0,8.602325,339.006084,159.099529,136.605147,57.781501,2.13078,1.0,0.858614,0.363178,0.641137,102.004624
avenue_training_02_clip_000042,avenue,training,02,42,673,704,32,0,0,0.0,12635.800168,5450.959211,6258.585087,483.122703,3430.708576,0,0.0,-14.679662,215.531371,92.237242,49.62413,54.452747,13.556223,24.526442,0.445946,0.108108,0.0,0.0,0.0,0.0,0.0,0.0,0.0,0.135135,0.216216,0.094595,69.881037,44.319063,42.735031,4.840062,18.428764,0,0.0,1322.166782,593.222336,567.477973,72.886899,394.049185,1.0,0,0.0,0.0,0.0,0.0,0.0,0.0,0.0,0.0,1,248.931729,57.93044,0.0,0.0,0.0,0.0,0.0,0.0,0.0,186.685624,313.289279,194.94993,0.794575,0.18491,0.0,0.0,0.0,0.0,0.0,0.0,0.0,0.595889,1.0,0.622268,0.0,0.0,0.0,0.0,0.0,0.0,11,15.0,6.727273,6.0,3.0,3.544289,501.302772,215.531371,215.520621,57.908216,2.325892,1.0,0.99995,0.268677,0.534696,115.243771
avenue_training_02_clip_000043,avenue,training,02,43,689,720,32,0,0,0.0,7592.48216,5402.172602,5967.915601,435.765226,2365.924323,0,0.0,11.48623,204.784597,105.636432,66.339033,83.947629,3.17983,38.576257,0.619048,0.047619,0.0,0.0,0.0,0.0,0.0,0.0,0.0,0.0,0.0,0.333333,43.233787,17.283635,11.832587,2.423726,14.190184,0,0.0,905.538514,545.527955,603.764234,62.5,249.266672,1.0,0,0.0,0.0,0.0,0.0,0.0,0.0,0.0,0.0,1,215.751405,53.784695,0.0,0.0,0.0,0.0,0.0,0.0,0.0,0.0,0.0,258.350932,0.83511,0.208185,0.0,0.0,0.0,0.0,0.0,0.0,0.0,0.0,0.0,1.0,0.0,0.0,0.0,0.0,0.0,0.0,7,23.0,9.0,6.0,3.0,6.845228,311.212127,204.784597,199.167546,53.784695,1.519705,1.0,0.972571,0.26264,0.384773,78.795491
avenue_training_02_clip_000044,avenue,training,02,44,705,736,32,0,0,0.0,10496.001552,4254.233543,3886.863801,557.756628,3220.101078,0,0.0,6.835425,185.013049,84.965835,53.610271,53.130102,7.765166,25.197117,0.544643,0.053571,0.026786,0.0,0.0,0.0,0.0,0.0,0.0,0.0,0.0625,0.3125,58.046389,20.737332,16.041972,3.323365,19.099426,0,0.0,1076.162163,493.354195,490.216789,95.197164,359.440564,1.0,0,0.0,0.0,0.0,0.0,0.0,0.0,0.0,0.0,1,185.433379,242.444805,93.75,0.0,0.0,0.0,0.0,0.0,0.0,0.0,79.471682,230.770054,0.764848,1.0,0.386686,0.0,0.0,0.0,0.0,0.0,0.0,0.0,0.327793,0.951846,0.0,0.0,0.0,0.0,0.0,0.0,11,24.0,10.181818,8.0,3.0,6.235065,343.25126,185.013049,180.664126,70.277591,1.855281,1.0,0.976494,0.379852,0.508433,94.066787
avenue_training_02_clip_000045,avenue,training,02,45,721,752,32,0,0,0.0,22194.622208,5307.401599,2735.399832,531.738162,6084.064094,0,0.0,2.038244,209.13538,102.528808,54.253877,54.17958,8.349622,26.25625,0.307018,0.096491,0.026316,0.0,0.0,0.0,0.0,0.0,0.0,0.035088,0.026316,0.508772,85.708293,29.897428,21.542296,2.226228,23.218179,0,0.0,1366.164796,441.209407,234.27081,79.056942,420.383006,1.0,0,0.0,0.0,0.0,0.0,0.0,0.0,0.0,0.0,1,109.704614,381.719845,191.129425,0.0,0.0,0.0,0.0,0.0,0.0,164.41791,401.982917,229.350639,0.272909,0.949592,0.475467,0.0,0.0,0.0,0.0,0.0,0.0,0.409017,1.0,0.570548,0.0,0.0,0.0,0.0,0.0,0.0,17,19.0,6.705882,5.0,3.0,4.823529,669.239399,209.13538,154.366987,52.374465,3.20003,1.0,0.73812,0.250433,0.786432,164.470797
avenue_training_02_clip_000046,avenue,training,02,46,737,768,32,0,0,0.0,12309.306766,5595.38298,6013.430708,433.856155,3567.28346,0,0.0,-0.541446,265.941143,160.786979,67.384044,62.031374,5.546862,41.757312,0.254902,0.143791,0.026144,0.0,0.0,0.0,0.0,0.0,0.019608,0.03268,0.039216,0.48366,116.781476,35.151075,26.418897,3.373752,30.967507,0,0.0,1246.55776,622.818943,544.575523,123.110723,390.095743,1.0,0,0.0,0.0,0.0,0.0,0.0,0.0,0.0,0.0,1,180.006286,394.188961,120.602447,0.0,0.0,0.0,0.0,0.0,262.116832,216.398103,409.334424,285.989863,0.439754,0.963,0.294631,0.0,0.0,0.0,0.0,0.0,0.640349,0.528658,1.0,0.69867,0.0,0.0,0.0,0.0,0.0,0.0,17,29.0,9.0,6.0,3.0,6.561922,493.955811,265.941143,270.986162,88.967463,1.857388,1.0,1.01897,0.334538,0.439136,116.784309
avenue_training_02_clip_000047,avenue,training,02,47,753,784,32,0,0,0.0,11740.864044,5160.318223,5723.067616,392.243736,3333.589055,0,0.0,0.904722,267.433338,89.617576,66.414634,64.972516,28.022834,15.873641,0.181208,0.14094,0.0,0.0,0.0,0.0,0.0,0.0,0.0,0.0,0.147651,0.530201,39.276509,22.47448,17.717442,2.495987,12.04042,0,0.0,1217.707888,661.774179,684.310785,88.388348,383.05973,1.0,0,0.0,0.0,0.0,0.0,0.0,0.0,0.0,0.0,1,228.131943,242.606127,0.0,0.0,0.0,0.0,0.0,0.0,0.0,0.0,366.404207,269.216992,0.622624,0.662127,0.0,0.0,0.0,0.0,0.0,0.0,0.0,0.0,1.0,0.734754,0.0,0.0,0.0,0.0,0.0,0.0,13,25.0,11.461538,11.0,3.0,7.238948,419.746542,267.433338,274.875173,61.871843,1.569537,1.0,1.027827,0.231354,0.405792,108.522409
avenue_training_02_clip_000048,avenue,training,02,48,769,800,32,0,0,0.0,22904.746649,8131.05211,7049.610553,407.439601,6503.253684,0,0.0,2.19771,316.446502,167.452865,76.892706,81.544984,4.065051,55.426415,0.480769,0.192308,0.028846,0.0,0.0,0.0,0.0,0.0,0.028846,0.028846,0.067308,0.173077,110.367408,37.179557,29.463845,0.512324,33.148044,0,0.0,1368.05062,673.296693,614.537428,150.519932,417.303866,1.0,0,0.0,0.0,0.0,0.0,0.0,0.0,0.0,0.0,1,284.679635,428.910969,410.346354,0.0,0.0,0.0,0.0,0.0,256.259645,285.491998,175.365002,276.210444,0.663727,1.0,0.956717,0.0,0.0,0.0,0.0,0.0,0.597466,0.665621,0.408861,0.643981,0.0,0.0,0.0,0.0,0.0,0.0,13,25.0,8.0,4.0,3.0,7.049277,823.543739,316.446502,284.000739,108.629449,2.602474,1.0,0.897468,0.343279,0.592462,187.482533
avenue_training_02_clip_000049,avenue,training,02,49,785,816,32,0,0,0.0,14835.368871,6153.665223,5352.752366,231.551674,4124.039065,0,0.0,-13.147594,274.653875,168.690068,80.338662,76.540448,33.789321,35.555487,0.122222,0.133333,0.033333,0.0,0.0,0.0,0.0,0.0,0.033333,0.0,0.044444,0.633333,103.598863,29.877086,13.883631,0.105119,32.539686,0,0.0,1263.056808,661.728693,557.477578,138.067013,371.533113,1.0,0,0.0,0.0,0.0,0.0,0.0,0.0,0.0,0.0,1,176.587199,361.512942,206.187477,0.0,0.0,0.0,0.0,0.0,336.826975,0.0,125.422261,302.442628,0.488467,1.0,0.570346,0.0,0.0,0.0,0.0,0.0,0.931715,0.0,0.346937,0.836602,0.0,0.0,0.0,0.0,0.0,0.0,11,17.0,8.181818,5.0,3.0,5.113586,469.151691,274.653875,285.468335,67.674367,1.708156,1.0,1.039375,0.246399,0.449986,123.590506
avenue_training_02_clip_000050,avenue,training,02,50,801,832,32,0,0,0.0,31585.670153,9048.537729,7152.583347,25.778865,8776.321132,0,0.0,23.936502,288.449513,158.06152,80.06344,78.360118,4.731161,32.630665,0.764706,0.166667,0.039216,0.0,0.0,0.0,0.0,0.0,0.0,0.0,0.0,0.029412,62.909391,20.971869,14.485771,5.661466,17.145751,0,0.0,1291.377656,697.438991,831.657342,39.528471,497.076164,0.958333,0,0.0,0.0,0.0,0.0,0.0,0.0,0.0,0.0,1,318.457076,211.202316,46.178177,0.0,0.0,0.0,0.0,0.0,0.0,0.0,0.0,659.664253,0.482756,0.320166,0.070003,0.0,0.0,0.0,0.0,0.0,0.0,0.0,0.0,1.0,0.5,0.041667,0.0,0.0,0.041667,0.138193,12,26.0,8.5,5.0,3.0,7.5,659.664253,288.449513,308.438306,19.764235,2.286931,1.0,1.069298,0.068519,0.644167,185.809756
avenue_training_02_clip_000051,avenue,training,02,51,817,848,32,0,0,0.0,9355.815096,3949.354498,2866.520372,659.82846,3015.73684,0,0.0,13.751998,287.683935,137.082565,77.595725,76.432516,22.637417,34.054615,0.436364,0.263636,0.0,0.0,0.0,0.0,0.0,0.0,0.0,0.0,0.0,0.3,29.534556,15.717906,15.558917,2.62461,8.850094,0,0.0,1200.260388,595.262297,496.747232,175.0,346.351252,1.0,0,0.0,0.0,0.0,0.0,0.0,0.0,0.0,0.0,1,262.438236,375.846984,0.0,0.0,0.0,0.0,0.0,0.0,0.0,0.0,0.0,205.930759,0.698258,1.0,0.0,0.0,0.0,0.0,0.0,0.0,0.0,0.0,0.0,0.547911,0.0,0.0,0.0,0.0,0.0,0.0,9,20.0,12.222222,13.0,3.0,5.286834,604.025049,287.683935,271.852361,82.903349,2.099613,1.0,0.944969,0.288175,0.61589,177.181544
avenue_training_02_clip_000052,avenue,training,02,52,833,864,32,0,0,0.0,15389.66284,5848.561573,4209.493551,71.717271,4748.15408,0,0.0,0.489127,265.364947,134.070488,62.029405,46.425094,18.434949,37.04151,0.492958,0.133803,0.0,0.0,0.0,0.0,0.0,0.0,0.0,0.035211,0.056338,0.28169,80.99728,26.681728,29.854955,2.135605,21.368297,0,0.0,1319.32748,684.961265,775.1008,55.901699,423.224129,1.0,0,0.0,0.0,0.0,0.0,0.0,0.0,0.0,0.0,1,267.460864,138.487614,0.0,0.0,0.0,0.0,0.0,0.0,0.0,633.654397,291.42165,304.726356,0.422093,0.218554,0.0,0.0,0.0,0.0,0.0,0.0,0.0,1.0,0.459906,0.480903,0.0,0.0,0.0,0.0,0.0,0.0,13,31.0,10.923077,5.0,3.0,9.918604,633.654397,265.364947,235.946092,54.467354,2.38786,1.0,0.889138,0.205255,0.622454,165.177551
avenue_training_02_clip_000053,avenue,training,02,53,849,880,32,0,0,0.0,24477.148764,5511.280081,3141.849986,0.0,6622.98226,0,0.0,15.677357,219.861979,126.420087,62.867754,60.249743,7.62815,32.224755,0.208333,0.125,0.025,0.0,0.0,0.0,0.0,0.0,0.0,0.0,0.0,0.641667,68.088732,28.30686,26.432493,9.092699,14.487256,0,0.0,1292.587038,518.006154,404.861759,62.5,411.804609,0.989583,0,0.0,0.0,0.0,0.0,0.0,0.0,0.0,0.0,1,171.017306,82.171504,703.143069,0.0,0.0,0.0,0.0,0.0,0.0,0.0,0.0,224.441926,0.243218,0.116863,1.0,0.0,0.0,0.0,0.0,0.0,0.0,0.0,0.0,0.319198,0.125,0.010417,0.0,0.0,0.010417,0.034548,12,31.0,10.0,8.0,3.0,7.947746,703.143069,219.861979,144.606827,54.819977,3.198111,1.0,0.657717,0.249338,0.804628,176.907082
avenue_training_02_clip_000054,avenue,training,02,54,865,896,32,0,0,0.0,7009.641277,2842.216854,2527.195668,0.0,2426.367748,0,0.0,19.242481,162.12251,76.20759,42.149544,46.376692,0.0,23.186534,0.45,0.1,0.0,0.0,0.0,0.021429,0.0,0.0,0.0,0.0,0.042857,0.385714,134.192468,34.077706,22.724548,1.702188,33.616326,0,0.0,1363.015957,478.394657,407.38354,55.901699,398.062014,1.0,0,0.0,0.0,0.0,0.0,0.0,0.0,0.0,0.0,1,231.49737,81.240871,0.0,0.0,0.0,55.901699,0.0,0.0,0.0,0.0,156.166367,187.896653,1.0,0.350936,0.0,0.0,0.0,0.241479,0.0,0.0,0.0,0.0,0.674592,0.811658,0.0,0.0,0.0,0.0,0.0,0.0,12,28.0,11.666667,6.0,3.0,9.076833,283.556709,162.12251,145.816394,53.784695,1.749027,1.0,0.899421,0.331753,0.508844,82.495073
avenue_training_02_clip_000055,avenue,training,02,55,881,912,32,0,0,0.0,23419.298329,6006.707806,4374.978333,294.793748,5827.199264,0,0.0,8.242875,214.961298,125.782526,53.606071,52.191751,14.150378,29.751088,0.329412,0.164706,0.0,0.035294,0.0,0.0,0.0,0.0,0.0,0.023529,0.064706,0.382353,96.482415,31.143069,21.211392,1.626418,26.813489,0,0.0,1235.161933,649.816414,776.611228,72.886899,433.639792,1.0,0,0.0,0.0,0.0,0.0,0.0,0.0,0.0,0.0,1,197.015986,206.089157,0.0,102.287066,0.0,0.0,0.0,0.0,0.0,59.926715,342.137381,251.872534,0.575839,0.602358,0.0,0.298965,0.0,0.0,0.0,0.0,0.0,0.175154,1.0,0.736174,0.0,0.0,0.0,0.0,0.0,0.0,17,30.0,10.0,6.0,4.0,8.798396,384.698796,214.961298,178.941104,59.926715,1.789619,1.0,0.832434,0.278779,0.522166,112.24548
avenue_training_02_clip_000056,avenue,training,02,56,897,928,32,0,0,0.0,15382.078698,6903.816518,5595.021144,618.886173,4623.691576,0,0.0,1.244305,285.344524,128.860921,63.309089,67.320579,12.38757,24.427035,0.35443,0.189873,0.0,0.018987,0.0,0.0,0.0,0.0,0.0,0.025316,0.094937,0.316456,112.938925,34.859754,27.920451,1.887897,26.220104,0,0.0,1337.55841,710.174895,575.543222,89.486382,405.743859,1.0,0,0.0,0.0,0.0,0.0,0.0,0.0,0.0,0.0,1,210.786702,216.873239,0.0,239.383834,0.0,0.0,0.0,0.0,0.0,80.241375,507.934641,303.949557,0.414988,0.426971,0.0,0.471289,0.0,0.0,0.0,0.0,0.0,0.157976,1.0,0.598403,0.0,0.0,0.0,0.0,0.0,0.0,17,31.0,9.294118,6.0,3.0,7.266075,739.137666,285.344524,248.045558,61.783327,2.590334,1.0,0.869284,0.216522,0.614503,175.345215
avenue_training_02_clip_000057,avenue,training,02,57,913,944,32,0,0,0.0,25291.184921,8505.790535,6940.006776,289.440526,6574.775068,0,0.0,8.655222,292.998305,162.801459,76.64846,62.746243,8.130102,42.878336,0.226994,0.03681,0.03681,0.018405,0.0,0.0,0.0,0.0,0.0,0.0,0.03681,0.644172,90.646018,34.400248,27.476596,6.694784,23.354106,0,0.0,1339.601153,684.920113,711.54869,39.528471,405.161601,1.0,0,0.0,0.0,0.0,0.0,0.0,0.0,0.0,0.0,1,249.770725,305.49451,313.531679,186.204004,0.0,0.0,0.0,0.0,0.0,0.0,232.692296,340.183936,0.734223,0.898027,0.921653,0.547363,0.0,0.0,0.0,0.0,0.0,0.0,0.684019,1.0,0.0,0.0,0.0,0.0,0.0,0.0,20,31.0,8.15,4.5,3.0,8.356285,593.323698,292.998305,269.141201,33.73966,2.025007,1.0,0.918576,0.115153,0.511431,149.848432
avenue_training_02_clip_000058,avenue,training,02,58,929,960,32,0,0,0.0,18948.00093,8364.482871,7749.688574,568.643785,4853.220317,0,0.0,21.601257,336.671935,173.442404,76.93609,60.001698,10.304846,43.55217,0.424242,0.077922,0.047619,0.021645,0.0,0.0,0.0,0.0,0.0,0.0,0.017316,0.411255,83.02368,28.076801,23.396519,0.400699,20.872953,0,0.0,1370.447007,799.217058,801.658437,125.0,367.400887,1.0,0,0.0,0.0,0.0,0.0,0.0,0.0,0.0,0.0,1,372.951613,430.953732,261.888478,169.261369,0.0,0.0,0.0,0.0,0.0,0.0,250.298336,286.623068,0.86541,1.0,0.607695,0.39276,0.0,0.0,0.0,0.0,0.0,0.0,0.580801,0.66509,0.0,0.0,0.0,0.0,0.0,0.0,23,31.0,10.043478,5.0,3.0,9.028834,768.376515,336.671935,314.405126,85.013018,2.282271,1.0,0.933862,0.25251,0.453614,152.719194
avenue_training_02_clip_000059,avenue,training,02,59,945,976,32,0,0,0.0,30734.834258,7356.227824,6424.73997,78.690824,6614.496833,0,0.0,-1.743218,291.824119,147.922194,70.911073,66.684264,6.590609,37.433885,0.426778,0.0,0.058577,0.0,0.0,0.0,0.0,0.0,0.0,0.020921,0.108787,0.384937,89.774426,29.374197,21.329808,0.611508,25.135565,0,0.0,1346.117101,680.864393,667.306863,76.034532,392.846672,1.0,0,0.0,0.0,0.0,0.0,0.0,0.0,0.0,0.0,1,273.171156,0.0,210.913284,0.0,0.0,0.0,0.0,0.0,0.0,369.100306,339.437001,302.68944,0.7401,0.0,0.571425,0.0,0.0,0.0,0.0,0.0,0.0,1.0,0.919633,0.820074,0.0,0.0,0.0,0.0,0.0,0.0,22,27.0,10.863636,7.5,3.0,7.659192,675.30903,291.824119,286.977046,64.657193,2.314096,1.0,0.983391,0.221562,0.570591,166.512267
avenue_training_02_clip_000060,avenue,training,02,60,961,992,32,0,0,0.0,19540.333775,6781.009042,5269.284084,468.871219,5627.519202,0,0.0,-2.364161,293.95475,150.422161,72.213417,60.388845,7.972698,39.774174,0.512367,0.063604,0.0,0.021201,0.0,0.0,0.0,0.0,0.014134,0.014134,0.176678,0.19788,107.6299,32.515076,26.373592,5.473891,27.245736,0,0.0,1354.275637,691.8105,598.239458,79.056942,483.45316,1.0,0,0.0,0.0,0.0,0.0,0.0,0.0,0.0,0.0,1,194.981489,357.380313,0.0,66.460834,0.0,0.0,0.0,0.0,619.716373,561.97608,437.753364,243.217018,0.31463,0.576684,0.0,0.107244,0.0,0.0,0.0,0.0,1.0,0.906828,0.706377,0.392465,0.0,0.0,0.0,0.0,0.0,0.0,26,31.0,10.884615,6.0,3.0,8.967149,622.757386,293.95475,243.542067,53.688562,2.118548,1.0,0.828502,0.182642,0.617776,181.598301
avenue_training_02_clip_000061,avenue,training,02,61,977,1008,32,0,0,0.0,20303.636548,8146.274512,7101.380843,739.154667,5040.344238,0,0.0,7.484357,287.523831,145.750717,75.728417,74.438758,5.710593,32.451336,0.250996,0.223108,0.0,0.023904,0.011952,0.0,0.0,0.0,0.0,0.0,0.047809,0.442231,123.571468,26.503863,20.227364,3.253713,26.672646,0,0.0,1302.521593,749.961444,879.097549,87.5,369.809928,0.998628,0,0.0,0.0,0.0,0.0,0.0,0.0,0.0,0.0,1,254.953045,319.846747,0.0,62.447114,519.265045,0.0,0.0,0.0,0.0,0.0,265.879384,304.992781,0.490988,0.61596,0.0,0.120261,1.0,0.0,0.0,0.0,0.0,0.0,0.51203,0.587355,0.037037,0.001372,0.0,0.0,0.001372,0.006995,27,31.0,9.296296,6.0,3.0,7.417771,564.106419,287.523831,300.537326,62.447114,1.961947,1.0,1.045261,0.217189,0.423877,121.87487
avenue_training_02_clip_000062,avenue,training,02,62,993,1024,32,0,0,0.0,19613.556673,7370.463996,7574.877683,1158.992218,4764.038003,0,0.0,-6.912875,346.923574,173.909169,84.584335,82.762431,11.888658,31.164531,0.603846,0.05,0.0,0.0,0.0,0.0,0.0,0.0,0.011538,0.023077,0.042308,0.269231,87.772504,25.946901,18.873096,1.076259,20.393559,0,0.0,1275.551351,811.631021,961.200421,150.519932,387.726253,1.0,0,0.0,0.0,0.0,0.0,0.0,0.0,0.0,0.0,1,361.38361,480.030343,0.0,0.0,0.0,0.0,0.0,0.0,288.431994,140.246863,347.094081,307.028732,0.752835,1.0,0.0,0.0,0.0,0.0,0.0,0.0,0.600862,0.292162,0.723067,0.639603,0.0,0.0,0.0,0.0,0.0,0.0,25,29.0,10.4,6.0,3.0,8.854377,972.451532,346.923574,301.335269,125.649077,2.803071,1.0,0.868593,0.362181,0.58936,204.462773
avenue_training_02_clip_000063,avenue,training,02,63,1009,1040,32,0,0,0.0,27174.563663,6564.564286,6330.486783,223.586036,5988.630167,0,0.0,8.981246,251.029889,100.609057,61.101098,61.227677,13.912495,24.518791,0.380074,0.0369,0.04059,0.02214,0.0,0.0,0.0,0.0,0.0,0.04059,0.0,0.479705,87.030221,32.693593,19.000978,0.132906,28.910324,0,0.0,1331.411375,659.721372,594.276083,62.5,462.08773,1.0,0,0.0,0.0,0.0,0.0,0.0,0.0,0.0,0.0,1,247.928166,176.231085,185.285203,437.590587,0.0,0.0,0.0,0.0,0.0,255.567819,0.0,275.082636,0.566576,0.402731,0.423421,1.0,0.0,0.0,0.0,0.0,0.0,0.584034,0.0,0.62863,0.0,0.0,0.0,0.0,0.0,0.0,23,31.0,11.782609,6.0,3.0,10.438043,452.736153,251.029889,250.025513,43.692765,1.803515,1.0,0.995999,0.174054,0.516883,129.753203
avenue_training_02_clip_000064,avenue,training,02,64,1025,1056,32,0,0,0.0,31798.486059,5818.106907,3912.827442,0.0,6600.55974,0,0.0,-5.855706,247.14503,163.351014,57.557338,61.76944,0.0,44.22644,0.130612,0.126531,0.020408,0.0,0.0,0.0,0.0,0.0,0.0,0.057143,0.012245,0.653061,83.409894,31.761874,25.18493,3.053249,26.114188,0,0.0,1367.136606,591.915703,443.882023,88.388348,415.789746,0.998621,0,0.0,0.0,0.0,0.0,0.0,0.0,0.0,0.0,1,166.168968,208.24585,244.684398,0.0,0.0,0.0,0.0,0.0,0.0,301.021739,731.166885,245.055557,0.227265,0.284813,0.334649,0.0,0.0,0.0,0.0,0.0,0.0,0.4117,1.0,0.335157,0.034483,0.001379,0.0,0.0,0.001379,0.006757,25,31.0,9.8,6.0,3.0,8.908423,743.91023,247.14503,186.912024,49.757556,3.010015,1.0,0.756285,0.201329,0.720338,178.027903
avenue_training_02_clip_000065,avenue,training,02,65,1041,1072,32,0,0,0.0,15526.631446,5835.921273,6030.956975,588.114379,3847.669043,0,0.0,2.041034,289.486409,157.5,69.912159,60.625743,3.551733,37.704747,0.079439,0.102804,0.03271,0.0,0.0,0.0,0.0,0.0,0.0,0.03271,0.079439,0.672897,82.272345,27.700859,22.766313,2.665598,20.477105,0,0.0,1333.815017,653.976791,665.441583,75.0,397.792454,1.0,0,0.0,0.0,0.0,0.0,0.0,0.0,0.0,0.0,1,157.72044,377.677147,133.782763,0.0,0.0,0.0,0.0,0.0,0.0,222.576925,234.895298,351.308878,0.417607,1.0,0.354225,0.0,0.0,0.0,0.0,0.0,0.0,0.589331,0.621947,0.930183,0.0,0.0,0.0,0.0,0.0,0.0,21,31.0,10.190476,7.0,3.0,8.555806,991.208993,289.486409,230.736326,55.150283,3.424026,1.0,0.797054,0.190511,0.731257,211.688966
avenue_training_02_clip_000066,avenue,training,02,66,1057,1088,32,0,0,0.0,16817.795155,6765.388137,5725.941788,120.364002,5291.982902,0,0.0,3.307952,248.929403,123.556058,64.272584,64.085641,22.564112,27.225933,0.573099,0.017544,0.02924,0.0,0.0,0.0,0.0,0.0,0.0,0.0,0.017544,0.362573,65.291724,18.549797,12.439773,2.41591,16.941941,0,0.0,1252.247979,649.422843,688.446868,67.31456,400.213124,1.0,0,0.0,0.0,0.0,0.0,0.0,0.0,0.0,0.0,1,225.036335,415.412845,71.196382,0.0,0.0,0.0,0.0,0.0,0.0,0.0,64.90728,304.131725,0.541717,1.0,0.171387,0.0,0.0,0.0,0.0,0.0,0.0,0.0,0.156248,0.732119,0.0,0.0,0.0,0.0,0.0,0.0,18,31.0,9.5,5.5,3.0,8.354972,637.174379,248.929403,218.10889,64.90728,2.559659,1.0,0.876188,0.260746,0.592928,147.597289
avenue_training_02_clip_000067,avenue,training,02,67,1073,1104,32,0,0,0.0,17727.031194,6541.534893,4698.224398,814.631766,4897.43132,0,0.0,-5.044157,269.928149,118.083172,52.658016,62.614956,2.566637,31.505362,0.354839,0.032258,0.021505,0.0,0.0,0.0,0.0,0.0,0.0,0.037634,0.032258,0.521505,81.772251,28.176146,16.939497,1.807737,24.029885,0,0.0,1346.34923,704.871016,692.890658,100.778222,370.965499,1.0,0,0.0,0.0,0.0,0.0,0.0,0.0,0.0,0.0,1,315.957144,250.26756,216.74322,0.0,0.0,0.0,0.0,0.0,0.0,321.288252,303.823318,201.939384,0.983407,0.77895,0.674607,0.0,0.0,0.0,0.0,0.0,0.0,1.0,0.945641,0.62853,0.0,0.0,0.0,0.0,0.0,0.0,16,31.0,11.625,7.0,3.0,9.109576,634.848033,269.928149,251.757984,70.019742,2.351915,1.0,0.932686,0.259401,0.480959,129.824451
avenue_training_02_clip_000068,avenue,training,02,68,1089,1120,32,0,0,0.0,25605.919047,5922.397164,4631.731487,655.943598,5783.368525,0,0.0,-12.781727,272.44099,128.025139,66.696899,66.809314,11.309932,29.325733,0.275168,0.127517,0.0,0.0,0.0,0.0,0.0,0.0,0.020134,0.067114,0.147651,0.362416,79.915905,27.867383,26.180392,1.648159,23.049209,0,0.0,1328.180146,654.408784,567.847307,63.737744,391.366133,1.0,0,0.0,0.0,0.0,0.0,0.0,0.0,0.0,0.0,1,224.177513,207.716021,0.0,0.0,0.0,0.0,0.0,0.0,635.229103,401.666436,453.61813,170.577971,0.352908,0.326994,0.0,0.0,0.0,0.0,0.0,0.0,1.0,0.632317,0.714102,0.26853,0.0,0.0,0.0,0.0,0.0,0.0,18,18.0,8.277778,8.0,3.0,4.10698,635.229103,272.44099,240.54303,50.618872,2.331621,1.0,0.882918,0.185798,0.573853,156.341045
avenue_training_02_clip_000069,avenue,training,02,69,1105,1136,32,0,0,0.0,17202.576354,4865.704579,3358.478678,195.901112,5230.728391,0,0.0,-9.392628,196.35473,131.222858,63.817767,69.423969,14.369898,36.969056,0.173077,0.153846,0.0,0.0,0.0,0.0,0.028846,0.0,0.0,0.028846,0.288462,0.326923,151.66988,39.525464,27.318095,2.036783,34.702862,0,0.0,1087.787318,397.564283,323.227051,63.737744,290.911108,1.0,0,0.0,0.0,0.0,0.0,0.0,0.0,0.0,0.0,1,208.690723,225.926935,0.0,0.0,0.0,0.0,59.819722,0.0,0.0,82.40297,170.883873,249.443581,0.836625,0.905724,0.0,0.0,0.0,0.0,0.239813,0.0,0.0,0.330347,0.68506,1.0,0.0,0.0,0.0,0.0,0.0,0.0,16,21.0,6.5,4.0,3.0,5.385165,454.053,196.35473,161.880903,59.819722,2.312412,1.0,0.824431,0.304651,0.575643,113.030306
avenue_training_02_clip_000070,avenue,training,02,70,1121,1152,32,0,0,0.0,15409.013446,5868.373774,5573.854972,142.660758,4733.649913,0,0.0,-12.329043,230.126422,133.953771,70.856429,63.434949,10.765632,39.303655,0.097561,0.04878,0.0,0.0,0.0,0.0,0.0,0.0,0.0,0.060976,0.195122,0.597561,70.741162,28.327862,24.137634,5.375905,20.165186,0,0.0,1223.276849,648.722436,871.510901,37.5,475.1099,1.0,0,0.0,0.0,0.0,0.0,0.0,0.0,0.0,0.0,1,117.460446,61.90542,0.0,0.0,0.0,0.0,0.0,0.0,0.0,412.459667,167.149978,342.517288,0.28478,0.150088,0.0,0.0,0.0,0.0,0.0,0.0,0.0,1.0,0.405252,0.830426,0.0,0.0,0.0,0.0,0.0,0.0,9,26.0,9.111111,5.0,3.0,7.489911,507.898412,230.126422,256.522649,32.725425,2.207041,1.0,1.114703,0.142206,0.66424,152.859148
avenue_training_02_clip_000071,avenue,training,02,71,1137,1168,32,0,0,0.0,12742.675648,5109.804931,5338.349589,22.208691,4195.512904,0,0.0,4.365732,214.816668,96.842773,58.436422,62.469949,8.130102,27.081277,0.307692,0.141026,0.051282,0.0,0.0,0.0,0.0,0.0,0.0,0.038462,0.0,0.461538,90.300681,23.770631,14.936083,0.944345,27.101049,0,0.0,1355.198325,560.100308,418.21212,62.5,450.740004,1.0,0,0.0,0.0,0.0,0.0,0.0,0.0,0.0,0.0,1,275.716025,266.148938,77.245813,0.0,0.0,0.0,0.0,0.0,0.0,87.944174,0.0,204.654551,1.0,0.965301,0.280164,0.0,0.0,0.0,0.0,0.0,0.0,0.318966,0.0,0.742266,0.0,0.0,0.0,0.0,0.0,0.0,10,20.0,7.8,4.0,3.0,5.706137,572.962589,214.816668,206.932092,53.784695,2.667217,1.0,0.963296,0.250375,0.683806,146.892935
avenue_training_02_clip_000072,avenue,training,02,72,1153,1184,32,0,0,0.0,25813.035644,9114.249162,7882.868986,0.0,7835.664488,0,0.0,-35.913589,329.012341,116.736511,63.856762,65.409883,0.0,32.877452,0.488889,0.0,0.0,0.0,0.0,0.0,0.0,0.0,0.155556,0.066667,0.0,0.288889,68.356404,45.230746,40.111194,21.382834,16.527945,0,0.0,1370.447007,751.95037,887.764045,55.901699,464.781168,1.0,0,0.0,0.0,0.0,0.0,0.0,0.0,0.0,0.0,1,276.012729,0.0,0.0,0.0,0.0,0.0,0.0,0.0,579.445828,55.901699,0.0,260.254844,0.476339,0.0,0.0,0.0,0.0,0.0,0.0,0.0,1.0,0.096474,0.0,0.449144,0.0,0.0,0.0,0.0,0.0,0.0,7,13.0,6.428571,6.0,3.0,3.499271,803.591923,329.012341,260.254844,55.901699,2.442437,1.0,0.791018,0.169908,0.702766,231.218595
avenue_training_02_clip_000073,avenue,training,02,73,1169,1200,32,0,0,0.0,13934.944634,6599.25103,5619.600809,1222.857868,4601.499446,0,0.0,-35.725493,246.697264,85.871873,70.953866,78.392591,41.158407,17.864642,0.0,0.0,0.0,0.0,0.0,0.0,0.0,0.0,0.0,0.166667,0.416667,0.416667,33.499361,19.345789,19.345789,5.192216,13.417393,0,0.0,1142.434353,565.732907,497.436915,125.623445,366.671831,1.0,0,0.0,0.0,0.0,0.0,0.0,0.0,0.0,0.0,1,0.0,0.0,0.0,0.0,0.0,0.0,0.0,0.0,0.0,313.676732,239.751627,193.60907,0.0,0.0,0.0,0.0,0.0,0.0,0.0,0.0,0.0,1.0,0.764327,0.617225,0.0,0.0,0.0,0.0,0.0,0.0,4,10.0,6.0,5.0,4.0,2.44949,416.667915,246.697264,253.642901,62.835339,1.688985,1.0,1.028155,0.254706,0.536234,132.28741
avenue_training_02_clip_000074,avenue,training,02,74,1185,1216,32,0,0,0.0,0.0,0.0,0.0,0.0,0.0,0,0.0,0.0,0.0,0.0,0.0,0.0,0.0,0.0,0.0,0.0,0.0,0.0,0.0,0.0,0.0,0.0,0.0,0.0,0.0,0.0,0.0,0.0,0.0,0.0,0.0,0,0.0,0.0,0.0,0.0,0.0,0.0,0.0,1,0.0,0.0,0.0,0.0,0.0,0.0,0.0,0.0,0,0.0,0.0,0.0,0.0,0.0,0.0,0.0,0.0,0.0,0.0,0.0,0.0,0.0,0.0,0.0,0.0,0.0,0.0,0.0,0.0,0.0,0.0,0.0,0.0,0.0,0.0,0.0,0.0,1.0,0.0,0,0.0,0.0,0.0,0.0,0.0,0.0,0.0,0.0,0.0,0.0,0.0,0.0,0.0,0.0,0.0
avenue_training_02_clip_000075,avenue,training,02,75,1201,1232,32,0,0,0.0,7847.191917,5663.31308,4994.867704,4147.879618,1582.475337,0,0.0,-15.250806,212.485225,86.6615,78.672723,77.522625,71.834043,6.107668,0.5625,0.25,0.0,0.0,0.0,0.0,0.0,0.0,0.1875,0.0,0.0,0.0,95.142105,63.42807,58.077539,37.064567,24.010015,0,0.0,660.521811,489.544443,574.592247,233.519271,184.404698,1.0,0,0.0,0.0,0.0,0.0,0.0,0.0,0.0,0.0,1,221.733844,265.160151,0.0,0.0,0.0,0.0,0.0,0.0,150.561679,0.0,0.0,0.0,0.836226,1.0,0.0,0.0,0.0,0.0,0.0,0.0,0.567814,0.0,0.0,0.0,0.0,0.0,0.0,0.0,0.0,0.0,3,9.0,5.333333,4.0,3.0,2.624669,265.160151,212.485225,221.733844,150.561679,1.247899,1.0,1.043526,0.708575,0.222319,47.239497
avenue_training_02_clip_000076,avenue,training,02,76,1217,1248,32,0,0,0.0,6214.134576,3492.18667,3394.654013,277.386758,1882.569985,0,0.0,-43.623354,165.083407,146.309932,62.847757,63.950797,4.802602,47.251463,0.171429,0.0,0.0,0.0,0.0,0.0,0.0,0.0,0.0,0.457143,0.085714,0.285714,50.331615,31.819407,36.28576,9.128196,13.597443,0,0.0,566.375538,341.591756,327.258469,113.192314,146.424289,1.0,0,0.0,0.0,0.0,0.0,0.0,0.0,0.0,0.0,1,191.616783,0.0,0.0,0.0,0.0,0.0,0.0,0.0,0.0,153.063638,164.302218,175.390526,1.0,0.0,0.0,0.0,0.0,0.0,0.0,0.0,0.0,0.798801,0.857452,0.915319,0.0,0.0,0.0,0.0,0.0,0.0,6,10.0,5.833333,5.0,3.0,2.477678,211.049168,165.083407,169.846372,101.657303,1.27844,1.0,1.028852,0.615794,0.211183,34.862851
avenue_training_02_clip_000077,avenue,training,02,77,1233,1264,32,0,0,0.0,7256.842194,4451.836993,5003.838991,542.827796,2437.103074,0,0.0,17.108916,174.426451,89.314462,70.724568,67.399403,58.785004,11.301472,0.314815,0.148148,0.0,0.0,0.0,0.0,0.0,0.0,0.0,0.0,0.0,0.537037,39.854264,26.005299,26.005299,12.156334,10.945952,0,0.0,1149.048519,662.786994,691.757024,118.585412,365.532202,1.0,0,0.0,0.0,0.0,0.0,0.0,0.0,0.0,0.0,1,153.482491,69.896944,0.0,0.0,0.0,0.0,0.0,0.0,0.0,0.0,0.0,237.163185,0.64716,0.294721,0.0,0.0,0.0,0.0,0.0,0.0,0.0,0.0,0.0,1.0,0.0,0.0,0.0,0.0,0.0,0.0,4,19.0,13.5,13.5,8.0,4.609772,277.435338,174.426451,175.186761,69.896944,1.590558,1.0,1.004359,0.400724,0.429795,74.967585
avenue_training_02_clip_000078,avenue,training,02,78,1249,1280,32,0,0,0.0,6302.571669,4494.698022,4744.191993,2335.731904,1195.130368,0,0.0,10.797027,192.733413,81.132412,60.863249,61.276781,41.87787,14.323823,0.0,0.538462,0.057692,0.0,0.0,0.0,0.0,0.0,0.0,0.115385,0.0,0.288462,82.454546,43.728194,38.43749,12.731583,21.894489,0,0.0,875.35707,545.31386,531.710672,243.429276,253.80435,1.0,0,0.0,0.0,0.0,0.0,0.0,0.0,0.0,0.0,1,0.0,187.685685,196.714638,0.0,0.0,0.0,0.0,0.0,0.0,172.01647,0.0,206.148999,0.0,0.910437,0.954235,0.0,0.0,0.0,0.0,0.0,0.0,0.834428,0.0,1.0,0.0,0.0,0.0,0.0,0.0,0.0,6,15.0,8.666667,8.5,3.0,4.570436,206.686459,192.733413,193.126165,172.01647,1.072396,1.0,1.002038,0.89251,0.06224,11.995794
avenue_training_02_clip_000079,avenue,training,02,79,1265,1296,32,0,0,0.0,13877.289544,5079.388358,3725.614378,574.288231,4260.56313,0,0.0,-1.502817,215.752562,87.65783,57.289294,62.3811,18.434949,22.105465,0.779221,0.168831,0.0,0.0,0.0,0.0,0.0,0.0,0.051948,0.0,0.0,0.0,113.077115,37.692372,29.206753,8.006561,34.865738,0,0.0,1188.486432,624.694089,450.276853,62.5,418.607878,1.0,0,0.0,0.0,0.0,0.0,0.0,0.0,0.0,0.0,1,267.558543,177.09555,0.0,0.0,0.0,0.0,0.0,0.0,47.185647,0.0,0.0,0.0,1.0,0.661895,0.0,0.0,0.0,0.0,0.0,0.0,0.176356,0.0,0.0,0.0,0.0,0.0,0.0,0.0,0.0,0.0,6,31.0,12.833333,10.5,4.0,9.370462,376.592712,215.752562,186.996737,47.185647,1.745484,1.0,0.866718,0.218703,0.524158,113.08843
avenue_training_02_clip_000080,avenue,training,02,80,1281,1312,32,0,0,0.0,30859.10822,12689.981017,7179.37391,3079.846663,10518.353524,0,0.0,0.513941,354.050554,123.678824,70.195481,67.143474,6.481152,36.007475,0.62069,0.0,0.0,0.068966,0.0,0.0,0.0,0.051724,0.0,0.0,0.0,0.258621,125.933173,40.907057,16.143738,3.563903,47.031882,0,0.0,1334.224962,840.156032,751.664819,275.283944,387.078554,1.0,0,0.0,0.0,0.0,0.0,0.0,0.0,0.0,0.0,1,192.8283,0.0,0.0,324.911017,0.0,0.0,0.0,697.221217,0.0,0.0,0.0,438.868374,0.276567,0.0,0.0,0.466009,0.0,0.0,0.0,1.0,0.0,0.0,0.0,0.629454,0.0,0.0,0.0,0.0,0.0,0.0,7,22.0,8.285714,6.0,3.0,6.157789,697.221217,354.050554,324.911017,145.551104,1.96927,1.0,0.917697,0.411103,0.498724,176.573591
avenue_training_02_clip_000081,avenue,training,02,81,1297,1328,32,0,0,0.0,6239.854792,2041.982183,998.266589,337.613446,1952.273051,0,0.0,8.1541,123.059698,121.910308,67.3944,58.247968,26.565051,32.836458,0.5,0.0,0.0,0.0,0.083333,0.0,0.0,0.0,0.0,0.0,0.222222,0.194444,117.445957,34.337165,27.72338,0.423491,34.757284,0,0.0,313.498405,180.700715,168.991042,53.033009,86.910384,1.0,0,0.0,0.0,0.0,0.0,0.0,0.0,0.0,0.0,1,83.632126,0.0,0.0,0.0,152.747946,0.0,0.0,0.0,0.0,0.0,84.249191,206.16744,0.405651,0.0,0.0,0.0,0.740893,0.0,0.0,0.0,0.0,0.0,0.408645,1.0,0.0,0.0,0.0,0.0,0.0,0.0,8,8.0,4.5,3.5,3.0,1.870829,228.159873,123.059698,111.861514,46.28074,1.854058,1.0,0.909002,0.376084,0.472392,58.132398
avenue_training_02_clip_000082,avenue,training,02,82,1313,1344,32,0,0,0.0,7473.089095,4490.669606,5001.963561,719.687807,2638.490451,0,0.0,-14.880676,198.121242,118.90724,75.833639,70.042084,28.637613,27.673333,0.223529,0.282353,0.0,0.0,0.0,0.0,0.0,0.0,0.0,0.070588,0.047059,0.376471,63.494851,25.985525,17.453654,5.112931,21.303289,0,0.0,1312.738074,662.970735,344.260984,142.521928,493.327062,1.0,0,0.0,0.0,0.0,0.0,0.0,0.0,0.0,0.0,1,221.028723,286.32212,0.0,0.0,0.0,0.0,0.0,0.0,0.0,101.56183,189.287394,196.21621,0.771958,1.0,0.0,0.0,0.0,0.0,0.0,0.0,0.0,0.354712,0.661099,0.685299,0.0,0.0,0.0,0.0,0.0,0.0,7,24.0,12.142857,7.0,4.0,7.586239,308.378855,198.121242,189.287394,101.56183,1.556516,1.0,0.955412,0.512625,0.373642,74.026505
avenue_training_02_clip_000083,avenue,training,02,83,1329,1360,32,0,0,0.0,12849.309966,5488.223939,4884.052936,265.985999,4330.768698,0,0.0,-9.540466,227.66459,108.147218,71.154184,67.983693,2.489553,32.838885,0.214286,0.178571,0.0,0.0,0.0,0.0,0.0,0.035714,0.0,0.0,0.0,0.571429,134.834413,38.382865,28.501829,1.054786,38.925094,0,0.0,880.695748,522.63849,575.543222,100.778222,261.190613,1.0,0,0.0,0.0,0.0,0.0,0.0,0.0,0.0,0.0,1,207.390891,185.297313,0.0,0.0,0.0,0.0,0.0,319.021611,0.0,0.0,0.0,236.145823,0.650084,0.58083,0.0,0.0,0.0,0.0,0.0,1.0,0.0,0.0,0.0,0.740219,0.0,0.0,0.0,0.0,0.0,0.0,9,26.0,9.333333,5.0,3.0,7.438638,361.358126,227.66459,240.50555,95.458502,1.587239,1.0,1.056403,0.419294,0.344817,78.502596
avenue_training_02_clip_000084,avenue,training,02,84,1345,1376,32,0,0,0.0,14253.329594,7180.467483,8440.824514,1382.847615,3995.970427,0,0.0,-0.908424,235.280187,117.50469,80.615996,76.685912,34.086714,22.205517,0.244681,0.180851,0.053191,0.0,0.0,0.0,0.0,0.0,0.0,0.106383,0.0,0.414894,74.542434,37.198297,33.347448,4.525617,24.685239,0,0.0,1350.231462,760.507956,788.860506,209.538183,422.31541,1.0,0,0.0,0.0,0.0,0.0,0.0,0.0,0.0,0.0,1,222.15386,189.014925,273.166163,0.0,0.0,0.0,0.0,0.0,0.0,225.711632,0.0,268.624959,0.813255,0.691941,1.0,0.0,0.0,0.0,0.0,0.0,0.0,0.82628,0.0,0.983376,0.0,0.0,0.0,0.0,0.0,0.0,10,21.0,9.4,7.0,4.0,6.069596,309.340322,235.280187,265.687219,112.424765,1.314774,1.0,1.129237,0.477834,0.269516,63.411914
avenue_training_02_clip_000085,avenue,training,02,85,1361,1392,32,0,0,0.0,7372.155375,5462.268278,5425.571004,3252.02362,1401.590729,0,0.0,-24.034195,200.786681,125.23165,65.582758,56.981378,17.541878,34.930757,0.508475,0.0,0.0,0.0,0.0,0.0,0.0,0.118644,0.0,0.0,0.0,0.372881,108.5734,43.42936,45.874122,3.23455,37.325779,0,0.0,1275.245074,818.529475,950.082233,296.924338,432.234124,1.0,0,0.0,0.0,0.0,0.0,0.0,0.0,0.0,0.0,1,164.685522,0.0,0.0,0.0,0.0,0.0,0.0,264.066499,0.0,0.0,0.0,205.247931,0.623652,0.0,0.0,0.0,0.0,0.0,0.0,1.0,0.0,0.0,0.0,0.777259,0.0,0.0,0.0,0.0,0.0,0.0,5,23.0,11.8,7.0,3.0,7.756288,264.066499,200.786681,200.000989,132.118635,1.315159,1.0,0.996087,0.658005,0.20926,42.016647
avenue_training_02_clip_000086,avenue,training,02,86,1377,1408,32,0,0,0.0,9350.455246,5702.449405,5650.93101,2157.480354,3492.123299,0,0.0,40.662693,213.329221,88.109464,69.14545,70.40721,47.657916,17.608611,0.0,0.589744,0.076923,0.0,0.0,0.0,0.0,0.0,0.0,0.0,0.0,0.333333,46.040593,23.020297,18.464206,9.112182,14.174855,0,0.0,1028.727977,547.293303,432.056747,296.33174,284.621363,1.0,0,0.0,0.0,0.0,0.0,0.0,0.0,0.0,0.0,1,0.0,160.147259,288.222851,0.0,0.0,0.0,0.0,0.0,0.0,0.0,0.0,244.799514,0.0,0.555637,1.0,0.0,0.0,0.0,0.0,0.0,0.0,0.0,0.0,0.849341,0.0,0.0,0.0,0.0,0.0,0.0,4,17.0,9.75,9.5,3.0,5.53963,288.222851,213.329221,209.862502,145.369028,1.351071,1.0,0.98375,0.68143,0.264058,56.331318
avenue_training_02_clip_000087,avenue,training,02,87,1393,1424,32,0,0,0.0,8489.917897,4334.214313,4502.036538,319.36233,2697.000156,0,0.0,48.190804,163.826958,163.444329,76.080874,67.024473,15.06378,48.40049,0.285714,0.142857,0.0,0.0,0.0,0.122449,0.0,0.0,0.0,0.0,0.0,0.44898,116.826822,47.285312,47.225193,1.38646,39.04424,0,0.0,1076.815328,589.243673,378.318649,76.034532,408.43564,1.0,0,0.0,0.0,0.0,0.0,0.0,0.0,0.0,0.0,1,228.04288,137.872206,0.0,0.0,0.0,59.207826,0.0,0.0,0.0,0.0,0.0,165.969,1.0,0.604589,0.0,0.0,0.0,0.259635,0.0,0.0,0.0,0.0,0.0,0.727797,0.0,0.0,0.0,0.0,0.0,0.0,5,22.0,9.8,7.0,4.0,6.4,234.720334,163.826958,165.969,59.207826,1.432733,1.0,1.013075,0.361405,0.385664,63.182191
avenue_training_02_clip_000088,avenue,training,02,88,1409,1440,32,0,0,0.0,5971.156716,2776.313247,2209.278191,161.735734,2348.60258,0,0.0,-20.52455,151.658099,161.447401,70.241347,61.815653,13.945277,49.685359,0.833333,0.0,0.0,0.0,0.0,0.0,0.0,0.083333,0.0,0.0,0.0,0.083333,104.648538,41.859415,24.518298,20.338527,32.141108,0,0.0,1165.78836,465.567711,316.474723,51.53882,426.79381,1.0,0,0.0,0.0,0.0,0.0,0.0,0.0,0.0,0.0,1,145.899076,0.0,0.0,0.0,0.0,0.0,0.0,48.304106,0.0,0.0,0.0,272.289159,0.535824,0.0,0.0,0.0,0.0,0.0,0.0,0.1774,0.0,0.0,0.0,1.0,0.0,0.0,0.0,0.0,0.0,0.0,5,13.0,7.2,7.0,3.0,3.919184,272.289159,151.658099,189.929426,48.304106,1.795415,1.0,1.252353,0.318507,0.571517,86.675192
avenue_training_02_clip_000089,avenue,training,02,89,1425,1456,32,0,0,0.0,6734.134789,5362.355125,5154.619085,4198.311501,1045.614854,0,0.0,-4.249503,232.777855,108.536069,86.242716,76.148259,74.043819,15.787176,0.151515,0.0,0.0,0.0,0.0,0.0,0.0,0.0,0.0,0.0,0.0,0.848485,25.156381,16.770921,12.821514,12.334867,5.932743,0,0.0,1037.123426,712.869682,625.4998,475.985819,237.267747,1.0,0,0.0,0.0,0.0,0.0,0.0,0.0,0.0,0.0,1,300.41234,0.0,0.0,0.0,0.0,0.0,0.0,0.0,0.0,0.0,0.0,198.960613,1.0,0.0,0.0,0.0,0.0,0.0,0.0,0.0,0.0,0.0,0.0,0.662292,0.0,0.0,0.0,0.0,0.0,0.0,3,18.0,11.0,10.0,5.0,5.354126,300.41234,232.777855,251.432714,146.488512,1.290554,1.0,1.08014,0.629306,0.275837,64.208717
avenue_training_02_clip_000090,avenue,training,02,90,1441,1472,32,0,0,0.0,7122.680394,2516.015845,1428.559638,596.360568,2184.161165,0,0.0,4.37091,187.47284,170.627728,73.757936,65.837936,18.013687,47.69752,0.544118,0.0,0.0,0.088235,0.0,0.0,0.0,0.0,0.0,0.0,0.073529,0.294118,100.208544,30.622196,21.215944,3.211136,30.656735,0,0.0,1292.405703,412.353416,315.485737,76.034532,385.802578,1.0,0,0.0,0.0,0.0,0.0,0.0,0.0,0.0,0.0,1,175.057894,0.0,0.0,28.297076,0.0,0.0,0.0,0.0,0.0,0.0,101.631164,277.421951,0.631017,0.0,0.0,0.102,0.0,0.0,0.0,0.0,0.0,0.0,0.366341,1.0,0.0,0.0,0.0,0.0,0.0,0.0,7,27.0,9.714286,6.0,3.0,7.959079,400.042045,187.47284,193.230941,28.297076,2.133867,1.0,1.030714,0.15094,0.61904,116.053118
avenue_training_02_clip_000091,avenue,training,02,91,1457,1488,32,0,0,0.0,15326.724707,3164.099711,1711.94642,199.090441,4235.84793,0,0.0,47.08195,179.309275,161.200475,42.018034,25.128393,9.462322,43.434469,0.505155,0.0,0.041237,0.051546,0.030928,0.030928,0.0,0.0,0.0,0.0,0.051546,0.28866,128.186889,57.382052,48.381256,13.697152,32.025135,0,0.0,1126.734774,344.388679,213.856242,53.033009,330.337706,1.0,0,0.0,0.0,0.0,0.0,0.0,0.0,0.0,0.0,1,125.599975,0.0,100.862591,155.421904,49.0512,43.922422,0.0,0.0,0.0,0.0,733.390404,208.044327,0.171259,0.0,0.137529,0.211922,0.066883,0.05989,0.0,0.0,0.0,0.0,1.0,0.283675,0.0,0.0,0.0,0.0,0.0,0.0,10,28.0,9.7,5.0,3.0,8.602906,733.390404,179.309275,105.942265,43.922422,4.090086,1.0,0.590835,0.244953,1.072122,192.241342
avenue_training_02_clip_000092,avenue,training,02,92,1473,1504,32,0,0,0.0,13542.938836,5930.323126,5296.007532,637.065039,3849.413117,0,0.0,10.860219,227.363554,155.47228,76.092715,68.644148,15.843082,39.85774,0.525547,0.116788,0.0,0.036496,0.0,0.0,0.0,0.0,0.0,0.0,0.109489,0.211679,89.417354,27.299439,24.210904,1.158964,24.537037,0,0.0,1174.268389,635.387583,735.444765,100.778222,318.520974,1.0,0,0.0,0.0,0.0,0.0,0.0,0.0,0.0,0.0,1,218.985569,160.515751,0.0,281.578637,0.0,0.0,0.0,0.0,0.0,0.0,334.969945,198.875437,0.653747,0.479194,0.0,0.840609,0.0,0.0,0.0,0.0,0.0,0.0,1.0,0.593711,0.0,0.0,0.0,0.0,0.0,0.0,14,22.0,9.785714,7.0,3.0,6.899053,459.377757,227.363554,221.516323,84.301438,2.020455,1.0,0.974282,0.370778,0.403237,91.681383
avenue_training_02_clip_000093,avenue,training,02,93,1480,1511,32,0,0,0.0,13747.842941,5560.726379,5335.119221,426.389432,3794.227388,0,0.0,6.773042,240.710751,158.344011,83.653934,74.623294,42.967474,37.959943,0.372549,0.098039,0.0,0.058824,0.0,0.0,0.0,0.0,0.0,0.029412,0.196078,0.245098,101.141394,33.824374,30.343975,0.07066,31.333663,0,0.0,1203.185875,694.601439,808.258158,100.778222,407.681575,1.0,0,0.0,0.0,0.0,0.0,0.0,0.0,0.0,0.0,1,274.831848,263.79232,0.0,298.186681,0.0,0.0,0.0,0.0,0.0,154.816224,198.621955,229.736266,0.921677,0.884655,0.0,1.0,0.0,0.0,0.0,0.0,0.0,0.519192,0.666099,0.770444,0.0,0.0,0.0,0.0,0.0,0.0,11,27.0,9.272727,6.0,3.0,7.312392,349.633171,240.710751,233.087261,89.407837,1.452503,1.0,0.968329,0.371433,0.328255,79.014426
avenue_training_03_clip_000000,avenue,training,03,0,1,32,32,0,0,0.0,19117.424586,6904.798307,4927.709968,338.147005,5145.566162,0,0.0,26.728635,290.134409,160.453071,71.153306,66.559281,24.508669,30.975568,0.198925,0.177419,0.021505,0.0,0.05914,0.0,0.0,0.0,0.0,0.064516,0.0,0.478495,122.402295,37.558168,26.332702,5.797095,36.571709,0,0.0,1241.596754,721.306661,763.397192,103.077641,394.798569,1.0,0,0.0,0.0,0.0,0.0,0.0,0.0,0.0,0.0,1,335.157288,410.406581,200.001662,0.0,97.809111,0.0,0.0,0.0,0.0,395.46961,0.0,222.783421,0.816647,1.0,0.487326,0.0,0.238322,0.0,0.0,0.0,0.0,0.963604,0.0,0.542836,0.0,0.0,0.0,0.0,0.0,0.0,18,29.0,10.333333,9.5,3.0,7.535103,645.421146,290.134409,240.083092,88.929106,2.224559,1.0,0.827489,0.30651,0.50061,145.24424
avenue_training_03_clip_000001,avenue,training,03,1,17,48,32,0,0,0.0,25156.832325,7365.144005,5920.861797,533.571455,5180.390489,0,0.0,3.594243,326.700805,156.685334,77.722748,73.282526,13.282526,29.668606,0.434389,0.058824,0.013575,0.027149,0.0,0.0,0.0,0.0,0.0,0.0181,0.090498,0.357466,103.745942,29.908586,15.953271,0.320159,27.898196,0,0.0,1253.058758,863.753499,914.637906,130.503831,337.679823,1.0,0,0.0,0.0,0.0,0.0,0.0,0.0,0.0,0.0,1,360.763544,630.15004,174.108562,294.281634,0.0,0.0,0.0,0.0,0.0,218.149428,340.105435,235.947242,0.572504,1.0,0.276297,0.467002,0.0,0.0,0.0,0.0,0.0,0.346186,0.539721,0.37443,0.0,0.0,0.0,0.0,0.0,0.0,19,31.0,11.631579,8.0,3.0,8.737159,871.380786,326.700805,263.764896,116.275259,2.667213,1.0,0.807359,0.355907,0.545755,178.298523
avenue_training_03_clip_000002,avenue,training,03,2,33,64,32,0,0,0.0,17733.488172,7150.450912,7010.576564,1785.507365,4278.625897,0,0.0,11.555019,281.99383,130.203748,77.444157,71.928791,29.687053,27.416949,0.620072,0.09319,0.017921,0.017921,0.0,0.010753,0.0,0.010753,0.0,0.0,0.078853,0.150538,153.390673,35.592184,16.403607,0.519809,39.7854,0,0.0,1331.411375,690.707869,682.65706,135.208173,304.304329,1.0,0,0.0,0.0,0.0,0.0,0.0,0.0,0.0,0.0,1,295.623074,257.066088,411.31329,191.730183,0.0,92.604086,0.0,141.348582,0.0,0.0,336.214527,291.372563,0.71873,0.624989,1.0,0.466141,0.0,0.225142,0.0,0.343652,0.0,0.0,0.817417,0.708396,0.0,0.0,0.0,0.0,0.0,0.0,26,30.0,10.730769,9.0,3.0,7.698939,652.780458,281.99383,284.767122,90.793654,2.314875,1.0,1.009834,0.32197,0.456923,128.849411
avenue_training_03_clip_000003,avenue,training,03,3,49,80,32,0,0,0.0,13743.664673,5971.578394,5682.261198,406.157859,3956.809827,0,0.0,2.091129,267.440068,146.830113,65.571138,67.729605,8.32565,31.884947,0.240506,0.105485,0.029536,0.012658,0.0,0.0,0.0,0.0,0.016878,0.0,0.172996,0.421941,108.619198,38.578199,35.859494,2.258867,28.744454,0,0.0,1322.521266,663.006783,563.052819,90.138782,424.321082,1.0,0,0.0,0.0,0.0,0.0,0.0,0.0,0.0,0.0,1,298.501182,189.049059,309.290762,649.873293,0.0,0.0,0.0,0.0,328.647029,0.0,180.973087,279.780298,0.459322,0.290901,0.475925,1.0,0.0,0.0,0.0,0.0,0.505709,0.0,0.278474,0.430515,0.0,0.0,0.0,0.0,0.0,0.0,24,31.0,9.875,7.0,3.0,8.427695,649.873293,267.440068,281.285937,57.34564,2.429977,1.0,1.051772,0.214424,0.539344,144.242071
avenue_training_03_clip_000004,avenue,training,03,4,65,96,32,0,0,0.0,11757.301741,4798.311579,4871.249185,197.01192,3207.485636,0,0.0,2.880401,251.931626,90.563054,53.559533,59.948458,15.298859,25.410606,0.474227,0.159794,0.0,0.092784,0.015464,0.0,0.0,0.015464,0.0,0.030928,0.056701,0.154639,130.66418,47.408606,28.752146,1.528126,45.088961,0,0.0,1300.240362,598.099084,513.109394,103.077641,385.231624,0.998039,0,0.0,0.0,0.0,0.0,0.0,0.0,0.0,0.0,1,238.080039,191.60031,0.0,132.483754,195.816577,0.0,0.0,415.68441,0.0,223.953433,362.812901,306.377971,0.572742,0.460927,0.0,0.318712,0.47107,0.0,0.0,1.0,0.0,0.538758,0.872809,0.737045,0.033333,0.001961,0.0,0.0,0.001961,0.007843,17,31.0,11.411765,6.0,3.0,10.409604,494.436369,251.931626,264.714062,85.733227,1.962582,1.0,1.050738,0.340304,0.444935,112.093262
avenue_training_03_clip_000005,avenue,training,03,5,81,112,32,0,0,0.0,23214.399222,7315.893776,5046.770182,770.488514,6205.205361,0,0.0,9.897331,265.893307,154.769695,64.171416,51.506398,28.889991,33.348118,0.392562,0.107438,0.0,0.045455,0.0,0.0,0.0,0.0,0.0,0.0,0.173554,0.280992,102.817755,26.94195,21.94922,0.679857,25.579206,0,0.0,1328.533026,838.372029,962.844371,83.852549,361.53062,1.0,0,0.0,0.0,0.0,0.0,0.0,0.0,0.0,0.0,1,246.780524,274.249681,0.0,264.561184,0.0,0.0,0.0,0.0,0.0,0.0,320.28024,245.74894,0.770514,0.85628,0.0,0.82603,0.0,0.0,0.0,0.0,0.0,0.0,1.0,0.767293,0.0,0.0,0.0,0.0,0.0,0.0,18,31.0,13.444444,7.0,3.0,10.563155,566.571133,265.893307,234.938556,68.442779,2.130821,1.0,0.883582,0.257407,0.4557,121.167513
avenue_training_03_clip_000006,avenue,training,03,6,97,128,32,0,0,0.0,14315.851062,4995.347183,4678.970361,106.171817,3828.603813,0,0.0,4.686018,259.596945,171.311561,60.22132,62.71296,10.436434,34.379617,0.234615,0.061538,0.046154,0.023077,0.0,0.0,0.0,0.0,0.011538,0.011538,0.034615,0.576923,118.942132,35.571685,20.215768,1.860701,34.507351,0,0.0,1332.760294,670.700849,752.47792,76.034532,429.194452,1.0,0,0.0,0.0,0.0,0.0,0.0,0.0,0.0,0.0,1,234.958621,86.695556,310.020784,306.298532,0.0,0.0,0.0,0.0,663.688091,198.266808,311.13658,227.515039,0.35402,0.130627,0.467118,0.46151,0.0,0.0,0.0,0.0,1.0,0.298735,0.468799,0.342804,0.0,0.0,0.0,0.0,0.0,0.0,22,31.0,11.818182,8.0,3.0,9.158386,663.688091,259.596945,248.217084,62.737475,2.55661,1.0,0.956163,0.241673,0.550177,142.824408
avenue_training_03_clip_000007,avenue,training,03,7,113,144,32,0,0,0.0,7899.309049,3999.002483,4220.553807,457.729308,2383.34137,0,0.0,6.848596,215.261254,88.070511,54.084602,57.790006,5.996818,23.456489,0.654206,0.014019,0.042056,0.0,0.023364,0.0,0.0,0.014019,0.0,0.0,0.018692,0.233645,148.866718,30.42276,14.090435,0.458605,40.950152,0,0.0,1300.060095,587.694566,665.090399,72.886899,382.875044,1.0,0,0.0,0.0,0.0,0.0,0.0,0.0,0.0,0.0,1,186.984204,115.455138,331.669945,0.0,161.552512,0.0,0.0,54.121119,0.0,0.0,316.407726,303.159574,0.563766,0.348103,1.0,0.0,0.487088,0.0,0.0,0.163178,0.0,0.0,0.953984,0.91404,0.0,0.0,0.0,0.0,0.0,0.0,18,31.0,11.888889,6.5,3.0,10.060312,468.965314,215.261254,206.820567,54.121119,2.178587,1.0,0.960789,0.251421,0.461765,99.40014
avenue_training_03_clip_000008,avenue,training,03,8,129,160,32,0,0,0.0,19690.343742,6856.186831,6730.466457,669.024846,5206.411773,0,0.0,13.635369,283.967149,178.914625,81.324999,75.241305,25.665191,38.700846,0.396341,0.018293,0.018293,0.018293,0.0,0.0,0.0,0.0,0.0,0.0,0.0,0.54878,90.400874,28.627308,26.301835,1.1305,23.427287,0,0.0,1289.682616,697.211899,752.080448,106.800047,347.543176,1.0,0,0.0,0.0,0.0,0.0,0.0,0.0,0.0,0.0,1,225.775602,432.537383,511.731639,265.625,0.0,0.0,0.0,0.0,0.0,0.0,0.0,263.096084,0.441199,0.845243,1.0,0.519071,0.0,0.0,0.0,0.0,0.0,0.0,0.0,0.514129,0.0,0.0,0.0,0.0,0.0,0.0,13,31.0,12.615385,5.0,3.0,10.845335,511.731639,283.967149,286.656213,93.41955,1.80208,1.0,1.00947,0.32898,0.378231,107.405318
avenue_training_03_clip_000009,avenue,training,03,9,145,176,32,0,0,0.0,15432.078072,6221.000729,6183.762336,540.773721,4227.291781,0,0.0,9.449165,249.803276,120.190711,68.244467,63.793489,7.125016,29.652992,0.360947,0.017751,0.017751,0.023669,0.0,0.0,0.0,0.0,0.0,0.0,0.106509,0.473373,97.243027,30.747168,22.906312,2.395412,27.432628,0,0.0,1325.0,708.734092,778.685173,100.778222,456.967214,1.0,0,0.0,0.0,0.0,0.0,0.0,0.0,0.0,0.0,1,273.20654,100.444174,69.139111,584.258171,0.0,0.0,0.0,0.0,0.0,0.0,176.337624,268.689712,0.467613,0.171917,0.118337,1.0,0.0,0.0,0.0,0.0,0.0,0.0,0.301815,0.459882,0.0,0.0,0.0,0.0,0.0,0.0,16,31.0,10.5625,6.5,3.0,9.158116,584.258171,249.803276,230.745147,67.0651,2.338873,1.0,0.923708,0.268472,0.58276,145.575456
avenue_training_03_clip_000010,avenue,training,03,10,161,192,32,0,0,0.0,14526.443334,4474.802077,3861.478675,38.470508,4372.152788,0,0.0,-10.7476,251.894166,172.61362,67.782326,61.861598,6.490772,41.384507,0.314607,0.022472,0.0,0.0,0.0,0.0,0.0,0.0,0.016854,0.0,0.016854,0.629213,86.270522,18.310173,10.740376,0.168948,21.688192,0,0.0,1250.562373,622.722512,741.214362,51.53882,401.723427,1.0,0,0.0,0.0,0.0,0.0,0.0,0.0,0.0,0.0,1,284.848886,432.441213,0.0,0.0,0.0,0.0,0.0,0.0,50.76941,0.0,698.991919,189.856508,0.407514,0.618664,0.0,0.0,0.0,0.0,0.0,0.0,0.072632,0.0,1.0,0.271615,0.0,0.0,0.0,0.0,0.0,0.0,16,31.0,11.125,5.5,3.0,9.949089,698.991919,251.894166,218.035298,50.51294,2.774943,1.0,0.865583,0.200532,0.642137,161.750482
avenue_training_03_clip_000011,avenue,training,03,11,177,208,32,0,0,0.0,19676.583867,6408.807678,5494.393407,397.44835,4695.14389,0,0.0,1.502464,272.602522,101.418294,59.948902,65.756512,11.083173,26.753444,0.43,0.09,0.0,0.0,0.0,0.0,0.0,0.0,0.0,0.0,0.0,0.48,47.016979,16.103186,10.366756,0.46625,14.18593,0,0.0,1337.55841,763.657618,777.516077,83.852549,412.700845,1.0,0,0.0,0.0,0.0,0.0,0.0,0.0,0.0,0.0,1,250.543758,297.809337,0.0,0.0,0.0,0.0,0.0,0.0,0.0,0.0,0.0,276.455119,0.841289,1.0,0.0,0.0,0.0,0.0,0.0,0.0,0.0,0.0,0.0,0.928296,0.0,0.0,0.0,0.0,0.0,0.0,17,29.0,11.764706,8.0,3.0,9.045827,751.284217,272.602522,236.973184,51.629488,2.755969,1.0,0.869299,0.189395,0.617633,168.368232
avenue_training_03_clip_000012,avenue,training,03,12,193,224,32,0,0,0.0,23751.928939,9533.865204,8376.59248,2699.178807,5990.828516,0,0.0,-4.16614,336.886022,118.010818,75.518627,82.020094,12.994617,30.008715,0.451389,0.076389,0.034722,0.0,0.0,0.0,0.0,0.0,0.0,0.041667,0.076389,0.319444,66.14198,30.402522,30.73991,1.638114,20.532213,0,0.0,1250.562373,880.909545,907.692817,353.774292,266.420992,1.0,0,0.0,0.0,0.0,0.0,0.0,0.0,0.0,0.0,1,345.36225,290.980899,367.010579,0.0,0.0,0.0,0.0,0.0,0.0,270.567584,478.179101,254.441018,0.722245,0.608519,0.767517,0.0,0.0,0.0,0.0,0.0,0.0,0.565829,1.0,0.532104,0.0,0.0,0.0,0.0,0.0,0.0,15,27.0,9.6,8.0,3.0,6.447739,558.795014,336.886022,313.04615,216.509291,1.658706,1.0,0.929235,0.642678,0.292164,98.425824
avenue_training_03_clip_000013,avenue,training,03,13,209,240,32,0,0,0.0,18606.579472,5580.812756,5350.891803,90.06411,4726.398143,0,0.0,-4.814061,238.337083,114.443955,68.776456,59.683414,31.293527,28.461161,0.704,0.0,0.024,0.0,0.0,0.0,0.0,0.0,0.0,0.0,0.072,0.2,73.345971,26.22257,21.573563,6.935222,18.67799,0,0.0,1365.306742,703.451873,628.505811,45.069391,494.128145,1.0,0,0.0,0.0,0.0,0.0,0.0,0.0,0.0,0.0,1,241.133918,0.0,128.137133,0.0,0.0,0.0,0.0,0.0,0.0,0.0,410.513445,176.302844,0.587396,0.0,0.312139,0.0,0.0,0.0,0.0,0.0,0.0,0.0,1.0,0.429469,0.0,0.0,0.0,0.0,0.0,0.0,12,30.0,10.416667,5.5,3.0,9.393777,466.422612,238.337083,246.255718,37.489626,1.956987,1.0,1.033224,0.157297,0.509403,121.409637
avenue_training_03_clip_000014,avenue,training,03,14,225,256,32,0,0,0.0,20507.055463,7901.221419,5181.712878,1935.660028,7036.490303,0,0.0,11.107623,264.26332,151.330456,75.264022,64.20383,28.950995,37.445769,0.346154,0.038462,0.038462,0.0,0.0,0.0,0.0,0.0,0.0,0.0,0.0,0.576923,66.802823,21.419285,13.692922,3.824366,19.569492,0,0.0,1007.782219,565.597978,396.972046,213.965535,309.828968,1.0,0,0.0,0.0,0.0,0.0,0.0,0.0,0.0,0.0,1,193.969467,597.641109,492.31673,0.0,0.0,0.0,0.0,0.0,0.0,0.0,0.0,170.844724,0.324558,1.0,0.823767,0.0,0.0,0.0,0.0,0.0,0.0,0.0,0.0,0.285865,0.0,0.0,0.0,0.0,0.0,0.0,9,29.0,8.666667,7.0,3.0,7.615773,597.641109,264.26332,213.113243,111.235491,2.261536,1.0,0.806443,0.420927,0.603537,159.492833
avenue_training_03_clip_000015,avenue,training,03,15,241,272,32,0,0,0.0,8190.133171,6209.641034,6081.574707,4357.215225,1567.400339,0,0.0,28.387427,247.023489,69.138235,53.070442,59.32636,30.746731,16.285562,0.0,0.285714,0.081633,0.0,0.0,0.0,0.0,0.0,0.0,0.0,0.0,0.632653,35.624173,23.749448,32.711688,2.912484,14.781857,0,0.0,1088.935834,830.352706,1076.162163,325.96012,356.697539,1.0,0,0.0,0.0,0.0,0.0,0.0,0.0,0.0,0.0,1,0.0,295.830509,231.436712,0.0,0.0,0.0,0.0,0.0,0.0,0.0,0.0,213.803245,0.0,1.0,0.782329,0.0,0.0,0.0,0.0,0.0,0.0,0.0,0.0,0.722722,0.0,0.0,0.0,0.0,0.0,0.0,3,31.0,16.333333,14.0,4.0,11.145502,295.830509,247.023489,231.436712,213.803245,1.19758,1.0,0.936902,0.865518,0.142717,35.254586
avenue_training_03_clip_000016,avenue,training,03,16,257,288,32,0,0,0.0,8220.847261,4379.598197,4383.523768,270.807712,2827.411812,0,0.0,-3.505356,240.797854,103.559003,62.773322,59.945289,7.125016,26.796977,0.442857,0.114286,0.0,0.0,0.0,0.0,0.0,0.0,0.0,0.0,0.157143,0.285714,63.377797,28.607775,28.878382,0.349218,24.873195,0,0.0,1107.996503,532.595772,458.950482,55.901699,366.16406,1.0,0,0.0,0.0,0.0,0.0,0.0,0.0,0.0,0.0,1,230.786005,193.132981,0.0,0.0,0.0,0.0,0.0,0.0,0.0,0.0,350.774029,202.594269,0.657934,0.550591,0.0,0.0,0.0,0.0,0.0,0.0,0.0,0.0,1.0,0.577563,0.0,0.0,0.0,0.0,0.0,0.0,8,31.0,8.75,5.0,3.0,9.065732,547.28334,240.797854,222.053652,50.485545,2.272792,1.0,0.922158,0.209659,0.604525,145.568286
avenue_training_03_clip_000017,avenue,training,03,17,273,304,32,0,0,0.0,7907.252905,4537.79799,5515.591577,82.478757,2840.169059,0,0.0,-17.380249,220.641999,88.66861,69.127999,79.64396,31.717474,21.2535,0.350877,0.0,0.0,0.0,0.0,0.0,0.0,0.0,0.0,0.0,0.140351,0.508772,30.329785,20.189977,23.660631,0.621381,10.412653,0,0.0,967.761593,576.273056,697.540321,62.5,323.655859,1.0,0,0.0,0.0,0.0,0.0,0.0,0.0,0.0,0.0,1,259.018693,0.0,0.0,0.0,0.0,0.0,0.0,0.0,0.0,0.0,176.02098,233.130649,1.0,0.0,0.0,0.0,0.0,0.0,0.0,0.0,0.0,0.0,0.679569,0.900053,0.0,0.0,0.0,0.0,0.0,0.0,5,29.0,11.4,8.0,4.0,9.286549,293.940827,220.641999,233.130649,58.101133,1.332207,1.0,1.056601,0.263328,0.386802,85.344784
avenue_training_03_clip_000018,avenue,training,03,18,289,320,32,0,0,0.0,14722.620086,6602.213461,5872.400219,1335.898609,4445.685424,0,0.0,-5.170099,258.256131,91.046229,76.477654,77.207556,56.674762,11.136428,0.296296,0.0,0.0,0.0,0.0,0.0,0.0,0.0,0.0,0.0,0.092593,0.611111,36.32084,18.718831,13.850604,1.687575,13.598736,0,0.0,1090.011468,680.260798,727.366826,287.5,322.967099,1.0,0,0.0,0.0,0.0,0.0,0.0,0.0,0.0,0.0,1,221.295285,0.0,0.0,0.0,0.0,0.0,0.0,0.0,0.0,0.0,110.798789,368.945647,0.599805,0.0,0.0,0.0,0.0,0.0,0.0,0.0,0.0,0.0,0.300312,1.0,0.0,0.0,0.0,0.0,0.0,0.0,5,26.0,10.8,7.0,5.0,7.782031,483.483758,258.256131,222.102033,110.798789,1.87211,1.0,0.860007,0.429027,0.47493,122.653555
avenue_training_03_clip_000019,avenue,training,03,19,305,336,32,0,0,0.0,6168.941722,3742.129303,3854.058452,1091.458588,2169.003703,0,0.0,-5.969893,167.018751,88.414633,63.261961,56.519876,51.593459,14.898976,0.285714,0.107143,0.0,0.0,0.0,0.0,0.0,0.0,0.0,0.0,0.607143,0.0,59.492408,39.081082,39.081082,18.669756,14.799984,0,0.0,963.797826,443.42635,357.355204,95.197164,319.29016,1.0,0,0.0,0.0,0.0,0.0,0.0,0.0,0.0,0.0,1,132.704591,224.55986,0.0,0.0,0.0,0.0,0.0,0.0,0.0,0.0,155.405277,0.0,0.590954,1.0,0.0,0.0,0.0,0.0,0.0,0.0,0.0,0.0,0.692044,0.0,0.0,0.0,0.0,0.0,0.0,0.0,4,14.0,7.0,5.5,3.0,4.527693,237.442562,167.018751,178.632226,73.367992,1.421652,1.0,1.069534,0.43928,0.404073,67.487811
avenue_training_03_clip_000020,avenue,training,03,20,321,352,32,0,0,0.0,8647.637574,4660.957591,3627.79826,2740.596267,2391.598029,0,0.0,19.847276,218.37471,81.710104,72.601559,70.957589,66.780954,5.953324,0.5,0.0,0.0,0.1875,0.0,0.0,0.0,0.0,0.0,0.0,0.0,0.3125,75.242445,37.621222,29.548156,16.146133,24.120166,0,0.0,622.745935,370.649901,336.176835,187.5,159.502089,1.0,0,0.0,0.0,0.0,0.0,0.0,0.0,0.0,0.0,1,136.824815,0.0,0.0,449.793184,0.0,0.0,0.0,0.0,0.0,0.0,0.0,150.056025,0.304195,0.0,0.0,1.0,0.0,0.0,0.0,0.0,0.0,0.0,0.0,0.333611,0.0,0.0,0.0,0.0,0.0,0.0,4,5.0,4.0,4.0,3.0,1.0,449.793184,218.37471,146.756103,130.193449,2.059731,1.0,0.672038,0.596193,0.612712,133.800853
avenue_training_03_clip_000021,avenue,training,03,21,337,368,32,0,0,0.0,3720.646139,3720.646139,3720.646139,3720.646139,0.0,0,0.0,54.217474,102.363773,55.304846,55.304846,55.304846,55.304846,0.0,0.0,1.0,0.0,0.0,0.0,0.0,0.0,0.0,0.0,0.0,0.0,0.0,0.0,0.0,0.0,0.0,0.0,0,0.0,176.776695,176.776695,176.776695,176.776695,0.0,1.0,0,0.0,0.0,0.0,0.0,0.0,0.0,0.0,0.0,1,0.0,102.363773,0.0,0.0,0.0,0.0,0.0,0.0,0.0,0.0,0.0,0.0,0.0,1.0,0.0,0.0,0.0,0.0,0.0,0.0,0.0,0.0,0.0,0.0,0.0,0.0,0.0,0.0,0.0,0.0,1,3.0,3.0,3.0,3.0,0.0,102.363773,102.363773,102.363773,102.363773,1.0,1.0,1.0,1.0,0.0,0.0
avenue_training_03_clip_000022,avenue,training,03,22,353,384,32,0,0,0.0,4820.423824,2894.294514,3629.174565,233.285154,1943.449993,0,0.0,55.767048,137.071134,75.897365,43.472373,44.214908,10.304846,26.783181,0.0,0.785714,0.214286,0.0,0.0,0.0,0.0,0.0,0.0,0.0,0.0,0.0,20.950426,13.96695,14.441992,6.508433,5.90548,0,0.0,597.52092,314.154655,256.554697,88.388348,211.80543,1.0,0,0.0,0.0,0.0,0.0,0.0,0.0,0.0,0.0,1,0.0,163.745379,83.722645,0.0,0.0,0.0,0.0,0.0,0.0,0.0,0.0,0.0,0.0,1.0,0.511298,0.0,0.0,0.0,0.0,0.0,0.0,0.0,0.0,0.0,0.0,0.0,0.0,0.0,0.0,0.0,3,8.0,4.666667,3.0,3.0,2.357023,167.344537,137.071134,160.14622,83.722645,1.220859,1.0,1.168344,0.610797,0.276042,37.83737
avenue_training_03_clip_000023,avenue,training,03,23,369,400,32,0,0,0.0,31220.077089,9004.642913,7409.235131,1500.229767,6125.902678,0,0.0,-0.386291,456.180657,170.525071,80.136713,77.660913,2.935673,41.447957,0.195918,0.191837,0.085714,0.053061,0.0,0.02449,0.02449,0.02449,0.036735,0.040816,0.146939,0.17551,171.834927,56.860394,45.354093,0.758705,45.153511,0,0.0,1363.015957,762.512914,721.218587,85.009191,375.737561,0.983648,0,0.0,0.0,0.0,0.0,0.0,0.0,0.0,0.0,1,375.948597,338.5562,668.114585,425.920237,0.0,143.51037,231.395062,658.861132,459.093915,672.408857,517.408378,507.292324,0.559107,0.503498,0.993614,0.633424,0.0,0.213427,0.344129,0.979852,0.68276,1.0,0.769485,0.75444,0.333333,0.016352,0.0,0.0,0.016352,0.060266,53,14.0,4.622642,4.0,3.0,2.38095,1267.340699,456.180657,363.530915,55.004595,2.778155,1.0,0.796901,0.120576,0.625052,285.136427
avenue_training_03_clip_000024,avenue,training,03,24,385,416,32,0,0,0.0,28302.704679,9379.251273,9265.012951,168.255846,5553.40455,0,0.0,5.777013,487.079976,147.339087,89.013918,87.524625,14.840128,33.339356,0.253602,0.247839,0.043228,0.020173,0.023055,0.0,0.0,0.0,0.040346,0.048991,0.051873,0.270893,141.703586,44.31364,34.658444,1.328255,33.17441,0,0.0,1368.05062,899.258232,1004.52103,25.0,362.642074,1.0,0,0.0,0.0,0.0,0.0,0.0,0.0,0.0,0.0,1,469.680586,501.702278,358.652232,520.142393,326.426216,0.0,0.0,0.0,424.309358,454.553351,560.752487,559.659133,0.83759,0.894695,0.639591,0.927579,0.582122,0.0,0.0,0.0,0.756679,0.810613,1.0,0.99805,0.0,0.0,0.0,0.0,0.0,0.0,59,17.0,5.881356,5.0,3.0,3.014568,888.549816,487.079976,508.830988,19.487712,1.824238,1.0,1.044656,0.040009,0.405104,197.317897
avenue_training_03_clip_000025,avenue,training,03,25,401,432,32,0,0,0.0,17273.786604,6129.168364,4705.200275,318.112322,4700.317054,0,0.0,-17.64766,328.316195,167.795376,104.580819,120.67728,29.538782,44.038367,0.394737,0.105263,0.035088,0.0,0.0,0.0,0.0,0.0,0.087719,0.166667,0.096491,0.114035,94.87896,39.570482,35.781539,1.754458,24.386331,0,0.0,1268.673027,562.268641,509.901951,78.312276,345.649121,1.0,0,0.0,0.0,0.0,0.0,0.0,0.0,0.0,0.0,1,301.134719,102.735779,622.828705,0.0,0.0,0.0,0.0,0.0,346.85301,285.332181,167.786511,658.50006,0.457304,0.156015,0.945829,0.0,0.0,0.0,0.0,0.0,0.526732,0.433306,0.254801,1.0,0.0,0.0,0.0,0.0,0.0,0.0,23,13.0,4.956522,5.0,3.0,2.349436,872.621417,328.316195,292.097404,51.656138,2.657869,1.0,0.889683,0.157337,0.645374,211.886826
avenue_training_03_clip_000026,avenue,training,03,26,417,448,32,0,0,0.0,10189.368386,2890.755239,2101.871993,356.638254,3069.816683,0,0.0,9.813856,137.350908,113.439042,67.086248,79.840626,19.732449,33.887664,0.069767,0.313953,0.046512,0.0,0.0,0.0,0.0,0.0,0.0,0.0,0.290698,0.27907,64.815235,30.66531,28.267966,1.310075,19.814349,0,0.0,1298.37639,370.70726,181.389916,70.710678,389.809091,0.979167,0,0.0,0.0,0.0,0.0,0.0,0.0,0.0,0.0,1,57.005832,152.260264,106.156202,0.0,0.0,0.0,0.0,0.0,0.0,0.0,93.261899,222.300452,0.256436,0.68493,0.477535,0.0,0.0,0.0,0.0,0.0,0.0,0.0,0.419531,1.0,0.166667,0.020833,0.0,0.0,0.020833,0.05512,8,20.0,10.75,6.5,4.0,6.456586,346.79339,137.350908,101.981858,55.524043,2.524871,1.0,0.742491,0.40425,0.666445,91.536882
avenue_training_03_clip_000027,avenue,training,03,27,433,464,32,0,0,0.0,7018.456386,3593.727403,3981.480019,75.560247,2281.84795,0,0.0,21.207292,166.63429,100.491477,64.073561,66.192973,8.972627,26.61027,0.16129,0.048387,0.209677,0.0,0.048387,0.0,0.0,0.0,0.0,0.0,0.032258,0.5,110.603353,40.568636,38.590647,7.258656,25.378612,0,0.0,1288.046001,484.311398,343.238255,79.056942,386.191306,1.0,0,0.0,0.0,0.0,0.0,0.0,0.0,0.0,0.0,1,127.876062,139.076317,181.004807,0.0,157.906488,0.0,0.0,0.0,0.0,0.0,241.687724,174.147438,0.529096,0.575438,0.74892,0.0,0.653349,0.0,0.0,0.0,0.0,0.0,1.0,0.720547,0.0,0.0,0.0,0.0,0.0,0.0,13,24.0,9.538462,7.0,3.0,6.558792,257.166899,166.63429,178.206386,59.861593,1.543301,1.0,1.069446,0.359239,0.418931,69.808323
avenue_training_03_clip_000028,avenue,training,03,28,449,480,32,0,0,0.0,8440.192208,4968.040323,4601.831738,1281.080251,2230.721739,0,0.0,18.115568,185.504009,97.915201,64.869964,73.384349,15.255119,25.862957,0.328571,0.207143,0.071429,0.028571,0.0,0.0,0.0,0.0,0.0,0.035714,0.0,0.328571,96.096694,31.410846,20.47479,0.861307,28.899491,0,0.0,1370.447007,582.034388,465.484342,142.521928,368.306562,1.0,0,0.0,0.0,0.0,0.0,0.0,0.0,0.0,0.0,1,200.277858,197.136937,271.719518,154.972474,0.0,0.0,0.0,0.0,0.0,134.281268,0.0,160.890155,0.737076,0.725516,1.0,0.57034,0.0,0.0,0.0,0.0,0.0,0.494191,0.0,0.592119,0.0,0.0,0.0,0.0,0.0,0.0,14,29.0,10.0,7.5,3.0,7.358183,296.271386,185.504009,169.252124,83.760964,1.597116,1.0,0.912391,0.451532,0.367917,68.250147
avenue_training_03_clip_000029,avenue,training,03,29,465,496,32,0,0,0.0,14688.171477,6958.045226,5810.819182,0.0,4255.066802,0,0.0,-16.791491,255.015106,131.704506,61.874827,62.16133,0.0,37.821342,0.238532,0.155963,0.0,0.027523,0.0,0.0,0.0,0.06422,0.0,0.027523,0.0,0.486239,117.063204,48.066553,35.768091,0.43375,41.357775,0,0.0,1112.780863,594.722527,497.562811,87.5,270.518235,1.0,0,0.0,0.0,0.0,0.0,0.0,0.0,0.0,0.0,1,238.399423,190.373102,0.0,393.850197,0.0,0.0,0.0,281.008374,0.0,238.920171,0.0,240.474455,0.605305,0.483364,0.0,1.0,0.0,0.0,0.0,0.713491,0.0,0.606627,0.0,0.610573,0.0,0.0,0.0,0.0,0.0,0.0,12,26.0,9.083333,5.0,3.0,7.772369,393.850197,255.015106,256.655205,87.5,1.544419,1.0,1.006432,0.343117,0.312357,79.655641
avenue_training_03_clip_000030,avenue,training,03,30,481,512,32,0,0,0.0,14908.688414,7382.561413,6954.71698,3101.690413,3960.096449,0,0.0,-3.248095,313.585046,103.267192,87.913072,93.976467,56.66105,15.124729,0.525424,0.042373,0.0,0.0,0.0,0.0,0.0,0.0,0.076271,0.0,0.042373,0.313559,86.754001,27.105343,21.501201,1.388426,23.035241,0,0.0,1229.074855,765.451096,685.071877,415.519253,313.689378,1.0,0,0.0,0.0,0.0,0.0,0.0,0.0,0.0,0.0,1,354.458104,327.515937,0.0,0.0,0.0,0.0,0.0,0.0,375.093619,0.0,338.634309,161.15804,0.944986,0.873158,0.0,0.0,0.0,0.0,0.0,0.0,1.0,0.0,0.902799,0.429648,0.0,0.0,0.0,0.0,0.0,0.0,10,27.0,11.8,8.0,4.0,8.364209,460.065024,313.585046,343.311913,138.504289,1.467114,1.0,1.094796,0.44168,0.324735,101.832021
avenue_training_03_clip_000031,avenue,training,03,31,497,528,32,0,0,0.0,19923.058984,6753.057967,5410.405272,481.497057,5248.240962,0,0.0,16.665202,293.231303,171.940592,86.295218,82.550084,20.878715,42.418509,0.423313,0.171779,0.0,0.07362,0.02454,0.0,0.0,0.0,0.0,0.0,0.159509,0.147239,110.712054,36.432332,23.846192,0.16566,32.561765,0,0.0,1325.0,631.740321,613.009992,100.778222,348.574294,1.0,0,0.0,0.0,0.0,0.0,0.0,0.0,0.0,0.0,1,255.935516,235.221627,0.0,331.181059,209.619573,0.0,0.0,0.0,0.0,0.0,373.657611,353.784563,0.684947,0.629511,0.0,0.886322,0.560994,0.0,0.0,0.0,0.0,0.0,1.0,0.946815,0.0,0.0,0.0,0.0,0.0,0.0,19,24.0,8.578947,6.0,3.0,5.932212,598.670879,293.231303,258.375065,83.013755,2.041634,1.0,0.881131,0.2831,0.534663,156.77995
avenue_training_03_clip_000032,avenue,training,03,32,513,544,32,0,0,0.0,17518.657458,5101.582675,4091.901404,488.935702,4484.478657,0,0.0,-24.190657,232.323832,115.535716,58.07815,59.16563,7.267136,26.962538,0.284672,0.0,0.0,0.0,0.0,0.036496,0.043796,0.043796,0.021898,0.0,0.167883,0.40146,161.259695,52.590081,34.095045,1.156162,48.740606,0,0.0,1338.492622,634.987879,547.72954,95.197164,454.189565,1.0,0,0.0,0.0,0.0,0.0,0.0,0.0,0.0,0.0,1,306.921875,0.0,0.0,0.0,0.0,123.07864,100.865278,182.444085,115.844731,0.0,285.395926,232.955389,1.0,0.0,0.0,0.0,0.0,0.40101,0.328635,0.594432,0.37744,0.0,0.929865,0.759005,0.0,0.0,0.0,0.0,0.0,0.0,14,20.0,9.785714,8.0,3.0,5.582864,521.443639,232.323832,196.917953,70.133277,2.244469,1.0,0.847602,0.301877,0.537759,124.934166
avenue_training_03_clip_000033,avenue,training,03,33,529,560,32,0,0,0.0,14723.601233,5492.063321,4380.360736,139.308465,4136.575888,0,0.0,22.834021,205.211571,104.069995,63.103038,68.74569,9.162347,30.416484,0.420513,0.035897,0.066667,0.051282,0.0,0.015385,0.0,0.0,0.0,0.112821,0.087179,0.210256,130.783396,50.274394,49.352323,2.592722,34.37477,0,0.0,1361.639637,638.569497,700.111598,72.886899,442.64584,1.0,0,0.0,0.0,0.0,0.0,0.0,0.0,0.0,0.0,1,291.622401,286.312198,176.651655,234.170689,0.0,70.100729,0.0,0.0,0.0,86.058858,187.833594,158.919097,1.0,0.981791,0.605755,0.802993,0.0,0.240382,0.0,0.0,0.0,0.295104,0.644099,0.544948,0.0,0.0,0.0,0.0,0.0,0.0,17,31.0,11.470588,7.0,3.0,9.456511,380.222506,205.211571,160.149163,70.100729,1.852832,1.0,0.78041,0.341602,0.513628,105.402372
avenue_training_03_clip_000034,avenue,training,03,34,545,576,32,0,0,0.0,20955.522184,6678.655171,5989.93255,337.289371,4741.757349,0,0.0,15.554699,255.949142,177.797402,82.417303,67.716085,24.244903,46.775321,0.205405,0.297297,0.016216,0.021622,0.032432,0.0,0.0,0.0,0.0,0.027027,0.227027,0.172973,106.197092,41.119663,22.547437,0.682258,31.823337,0,0.0,1305.038314,711.274685,663.84116,88.388348,402.897556,1.0,0,0.0,0.0,0.0,0.0,0.0,0.0,0.0,0.0,1,196.718909,298.176186,211.713703,246.632076,154.656592,0.0,0.0,0.0,0.0,66.253801,266.147886,417.312483,0.471395,0.714515,0.507327,0.591001,0.370601,0.0,0.0,0.0,0.0,0.158763,0.637766,1.0,0.0,0.0,0.0,0.0,0.0,0.0,16,29.0,11.5625,5.5,3.0,9.816878,556.610444,255.949142,251.467331,66.253801,2.174692,1.0,0.98249,0.258855,0.485832,124.348165
avenue_training_03_clip_000035,avenue,training,03,35,561,592,32,0,0,0.0,14441.307642,6725.335054,5153.135445,1306.306163,4475.518103,0,0.0,15.139415,291.901112,147.859286,69.479335,57.924228,23.146713,35.790594,0.445378,0.084034,0.184874,0.084034,0.0,0.0,0.0,0.084034,0.0,0.0,0.0,0.117647,139.711389,43.260975,29.541402,5.825592,41.632359,0,0.0,1244.236714,823.004888,857.503644,218.660696,365.038671,1.0,0,0.0,0.0,0.0,0.0,0.0,0.0,0.0,0.0,1,199.8817,408.136366,209.679863,149.404482,0.0,0.0,0.0,233.328746,0.0,0.0,0.0,618.779088,0.323026,0.659583,0.338861,0.24145,0.0,0.0,0.0,0.377079,0.0,0.0,0.0,1.0,0.0,0.0,0.0,0.0,0.0,0.0,9,31.0,13.222222,10.0,3.0,8.283555,618.779088,291.901112,233.328746,113.503736,2.119824,1.0,0.799342,0.388843,0.514648,150.226336
avenue_training_03_clip_000036,avenue,training,03,36,577,608,32,0,0,0.0,13504.458916,6102.580719,5017.572468,104.328292,3900.653345,0,0.0,23.663136,240.081658,97.461569,57.750178,52.340141,15.752133,23.939682,0.373494,0.096386,0.277108,0.108434,0.0,0.0,0.0,0.048193,0.0,0.0,0.096386,0.0,145.45168,60.595009,53.054338,7.506275,41.923046,0,0.0,1205.780349,660.253538,609.943645,39.528471,362.276255,1.0,0,0.0,0.0,0.0,0.0,0.0,0.0,0.0,0.0,1,251.779333,328.938395,99.207485,519.083395,0.0,0.0,0.0,175.451337,0.0,0.0,206.904178,0.0,0.485046,0.633691,0.191121,1.0,0.0,0.0,0.0,0.338002,0.0,0.0,0.398595,0.0,0.0,0.0,0.0,0.0,0.0,0.0,7,31.0,11.857143,8.0,3.0,9.34159,519.083395,240.081658,206.904178,37.441905,2.162112,1.0,0.861808,0.155955,0.585834,140.648085
avenue_training_03_clip_000037,avenue,training,03,37,593,624,32,0,0,0.0,32210.70035,9466.802509,7381.443826,308.723283,9954.084964,0,0.0,13.494873,261.260497,73.111641,43.286406,58.388643,1.818303,28.488209,0.055556,0.0,0.263889,0.0,0.0,0.041667,0.0,0.0,0.055556,0.0,0.069444,0.513889,145.612869,57.819345,48.305096,4.542246,46.641483,0,0.0,1341.93191,737.564959,901.387819,95.197164,517.715348,0.995238,0,0.0,0.0,0.0,0.0,0.0,0.0,0.0,0.0,1,482.9799,0.0,263.112609,0.0,0.0,106.811654,0.0,0.0,125.104102,0.0,522.819255,163.99798,0.923799,0.0,0.503257,0.0,0.0,0.204299,0.0,0.0,0.239287,0.0,1.0,0.31368,0.033333,0.004762,0.0,0.0,0.004762,0.011664,7,31.0,10.285714,5.0,3.0,9.880924,522.819255,261.260497,263.112609,62.314478,2.001142,1.0,1.007089,0.238515,0.646283,168.848191
avenue_training_03_clip_000038,avenue,training,03,38,609,640,32,0,0,0.0,8533.05256,3144.211895,2631.663157,138.523005,2616.73854,0,0.0,21.956695,142.892858,133.08172,60.359178,53.147774,12.960023,38.300957,0.52459,0.07377,0.204918,0.0,0.090164,0.0,0.0,0.02459,0.057377,0.02459,0.0,0.0,164.584254,61.068631,59.402142,2.511491,47.455675,0,0.0,1239.518556,404.004117,237.646154,45.069391,360.410865,1.0,0,0.0,0.0,0.0,0.0,0.0,0.0,0.0,0.0,1,167.894095,61.241068,131.913185,0.0,105.076624,0.0,0.0,42.298931,279.88525,276.529195,0.0,0.0,0.599868,0.218808,0.471312,0.0,0.375428,0.0,0.0,0.15113,1.0,0.988009,0.0,0.0,0.0,0.0,0.0,0.0,0.0,0.0,13,31.0,9.384615,6.0,3.0,9.042961,279.88525,142.892858,120.177684,42.298931,1.958707,1.0,0.841034,0.296019,0.524474,74.943655
avenue_training_03_clip_000039,avenue,training,03,39,625,656,32,0,0,0.0,6181.716901,3104.395991,2626.253308,500.137613,1797.002817,0,0.0,43.212535,182.420698,100.97727,55.808952,47.720897,24.092792,21.218084,0.561151,0.395683,0.0,0.0,0.043165,0.0,0.0,0.0,0.0,0.0,0.0,0.0,92.34943,21.386202,14.334689,7.191467,21.477664,0,0.0,1330.061089,532.694321,387.5504,51.53882,381.327206,1.0,0,0.0,0.0,0.0,0.0,0.0,0.0,0.0,0.0,1,174.085766,180.984475,0.0,0.0,241.047631,0.0,0.0,0.0,0.0,0.0,0.0,0.0,0.722205,0.750825,0.0,0.0,1.0,0.0,0.0,0.0,0.0,0.0,0.0,0.0,0.0,0.0,0.0,0.0,0.0,0.0,13,31.0,10.692308,7.0,4.0,7.629746,318.138724,182.420698,208.579419,43.163223,1.743984,1.0,1.143398,0.236614,0.437827,79.868642
avenue_training_03_clip_000040,avenue,training,03,40,641,672,32,0,0,0.0,14858.896179,6799.64671,6849.85279,923.073063,4251.783327,0,0.0,31.671307,278.913618,89.138474,56.346168,53.353424,6.457819,24.20896,0.49375,0.20625,0.03125,0.0875,0.025,0.0,0.0,0.0,0.01875,0.0,0.0375,0.1,133.412002,49.414804,45.99848,0.881655,37.805268,0,0.0,1361.180554,778.941572,975.080125,150.519932,433.514155,1.0,0,0.0,0.0,0.0,0.0,0.0,0.0,0.0,0.0,1,273.056039,292.666487,122.187069,237.530843,512.671698,0.0,0.0,0.0,253.10803,0.0,162.126464,403.554516,0.532614,0.570865,0.238334,0.46332,1.0,0.0,0.0,0.0,0.493704,0.0,0.316238,0.78716,0.0,0.0,0.0,0.0,0.0,0.0,13,30.0,12.307692,10.0,3.0,9.041652,512.671698,278.913618,256.261806,120.037885,1.838102,1.0,0.918786,0.430377,0.453426,126.466739
avenue_training_03_clip_000041,avenue,training,03,41,657,688,32,0,0,0.0,27733.509931,6175.805325,5420.374036,441.941738,5847.216903,0,0.0,27.738339,266.76403,143.972627,75.671593,63.948064,31.717474,33.699505,0.263158,0.115789,0.178947,0.0,0.047368,0.015789,0.0,0.0,0.0,0.015789,0.0,0.363158,132.931757,41.569313,41.741304,1.789332,30.720982,0,0.0,1261.942946,625.999113,635.04429,17.67767,404.734396,0.978261,0,0.0,0.0,0.0,0.0,0.0,0.0,0.0,0.0,1,236.935727,406.282328,227.854184,0.0,222.342327,108.769526,0.0,0.0,0.0,8.838835,0.0,288.916631,0.58318,1.0,0.560827,0.0,0.547261,0.267719,0.0,0.0,0.0,0.021755,0.0,0.711123,0.5,0.021739,0.0,0.0,0.021739,0.101966,23,31.0,8.26087,6.0,3.0,7.668214,627.245329,266.76403,258.547892,8.838835,2.351311,1.0,0.969201,0.033134,0.569015,151.792634
avenue_training_03_clip_000042,avenue,training,03,42,673,704,32,0,0,0.0,13110.970788,4499.026577,3539.728434,640.180239,3663.68858,0,0.0,6.489274,183.279481,169.695154,71.404623,60.020445,28.003372,37.762344,0.294118,0.102941,0.0,0.014706,0.014706,0.0,0.0,0.0,0.0,0.0,0.171569,0.401961,135.033545,37.192124,29.120596,1.727278,35.111365,0,0.0,1302.941384,571.668444,413.655482,72.886899,405.88851,0.996094,0,0.0,0.0,0.0,0.0,0.0,0.0,0.0,0.0,1,196.424401,242.094793,0.0,217.765074,115.641027,0.0,0.0,0.0,0.0,0.0,162.162803,190.114796,0.811353,1.0,0.0,0.899503,0.477668,0.0,0.0,0.0,0.0,0.0,0.669832,0.785291,0.0625,0.003906,0.0,0.0,0.003906,0.015129,16,30.0,12.75,9.5,3.0,9.437293,384.846033,183.279481,173.878054,41.15159,2.099777,1.0,0.948705,0.224529,0.450638,82.592634
avenue_training_03_clip_000043,avenue,training,03,43,689,720,32,0,0,0.0,23436.67015,7000.351837,5228.87252,193.135621,6101.674087,0,0.0,28.145133,265.007909,158.747937,68.108778,58.422802,19.653824,36.284103,0.255708,0.159817,0.246575,0.077626,0.013699,0.013699,0.013699,0.0,0.0,0.027397,0.0,0.191781,172.991712,49.629358,34.398552,3.312936,43.555001,0,0.0,1366.107609,725.4218,748.049491,27.95085,439.577133,1.0,0,0.0,0.0,0.0,0.0,0.0,0.0,0.0,0.0,1,286.822404,170.675146,377.461229,301.228438,336.663299,191.259191,68.312321,0.0,0.0,302.528361,0.0,222.773036,0.759872,0.452166,1.0,0.798038,0.891915,0.506699,0.180978,0.0,0.0,0.801482,0.0,0.590188,0.0,0.0,0.0,0.0,0.0,0.0,20,30.0,10.95,7.0,3.0,8.720522,693.714513,265.007909,241.778811,20.963012,2.617712,1.0,0.912346,0.079103,0.59992,158.983665
avenue_training_03_clip_000044,avenue,training,03,44,705,736,32,0,0,0.0,25534.480602,6440.094131,6328.272738,65.325649,5222.473262,0,0.0,7.03852,238.74936,165.291696,71.813423,69.296112,15.444073,38.585433,0.630137,0.141553,0.045662,0.0,0.022831,0.0,0.013699,0.0,0.0,0.013699,0.013699,0.118721,172.909505,36.10752,21.489954,0.769458,42.383435,0,0.0,1237.752499,650.942933,609.463135,87.5,346.721381,1.0,0,0.0,0.0,0.0,0.0,0.0,0.0,0.0,0.0,1,221.816379,293.344314,255.907003,0.0,154.642327,0.0,169.47714,0.0,0.0,523.189612,223.129132,183.689117,0.423969,0.560685,0.489129,0.0,0.295576,0.0,0.323931,0.0,0.0,1.0,0.426479,0.351095,0.0,0.0,0.0,0.0,0.0,0.0,21,31.0,10.428571,10.0,3.0,7.638071,523.189612,238.74936,239.149338,73.147868,2.191376,1.0,1.001675,0.306379,0.436954,104.32236
avenue_training_03_clip_000045,avenue,training,03,45,721,752,32,0,0,0.0,23443.910624,6171.854025,5199.594604,258.883476,5361.857378,0,0.0,17.341369,254.147343,135.0,63.902767,60.666694,14.766892,26.349376,0.509434,0.103774,0.018868,0.075472,0.0,0.0,0.0,0.0,0.0,0.0,0.099057,0.193396,95.981449,32.044218,28.519608,3.012103,25.455638,0,0.0,1285.009728,667.610751,765.44239,35.355339,426.51574,1.0,0,0.0,0.0,0.0,0.0,0.0,0.0,0.0,0.0,1,269.633979,175.749469,296.33815,238.634465,0.0,0.0,0.0,0.0,0.0,0.0,237.778675,281.455024,0.909886,0.593071,1.0,0.805278,0.0,0.0,0.0,0.0,0.0,0.0,0.80239,0.949777,0.0,0.0,0.0,0.0,0.0,0.0,20,31.0,10.6,9.0,3.0,7.754998,649.155776,254.147343,252.875303,30.17767,2.55425,1.0,0.994995,0.118741,0.592659,150.622739
avenue_training_03_clip_000046,avenue,training,03,46,737,768,32,0,0,0.0,11068.097677,5331.768028,5863.273301,345.283782,3101.871648,0,0.0,-15.645663,248.89681,140.117746,66.826493,62.557116,24.851586,30.277276,0.284314,0.240196,0.044118,0.0,0.0,0.0,0.0,0.04902,0.083333,0.0,0.215686,0.083333,115.97921,51.522233,36.861831,9.409369,35.07241,0,0.0,1330.061089,612.233308,509.901951,162.98006,330.43554,1.0,0,0.0,0.0,0.0,0.0,0.0,0.0,0.0,0.0,1,208.578824,228.524659,328.943785,0.0,0.0,0.0,0.0,386.363294,170.417321,0.0,226.254517,324.10443,0.539852,0.591476,0.851385,0.0,0.0,0.0,0.0,1.0,0.441081,0.0,0.5856,0.838859,0.0,0.0,0.0,0.0,0.0,0.0,19,31.0,10.736842,9.0,3.0,7.017588,487.099601,248.89681,219.515431,96.008993,1.957034,1.0,0.881954,0.385738,0.443231,110.318796
avenue_training_03_clip_000047,avenue,training,03,47,753,784,32,0,0,0.0,16503.892679,6033.795082,5469.820085,527.05194,4750.666288,0,0.0,18.797171,236.393709,162.717362,58.148505,59.141393,8.597949,32.007667,0.441048,0.218341,0.061135,0.026201,0.034934,0.0,0.0131,0.0,0.0,0.061135,0.0,0.144105,170.748702,44.004031,26.668556,0.441106,41.406604,0,0.0,1347.335333,693.901433,774.798361,95.197164,407.942278,1.0,0,0.0,0.0,0.0,0.0,0.0,0.0,0.0,0.0,1,219.155639,162.923684,275.549657,123.613588,244.553681,0.0,557.686192,0.0,0.0,420.497678,0.0,164.949874,0.392973,0.292142,0.494094,0.221654,0.438515,0.0,1.0,0.0,0.0,0.754004,0.0,0.295775,0.0,0.0,0.0,0.0,0.0,0.0,23,31.0,9.956522,8.0,3.0,7.012277,593.467051,236.393709,198.904803,71.848244,2.510503,1.0,0.841413,0.303935,0.587361,138.848514
avenue_training_03_clip_000048,avenue,training,03,48,769,800,32,0,0,0.0,20677.226741,5706.288451,4850.114714,214.544762,4420.011184,0,0.0,-5.054692,240.504888,149.534273,61.321315,57.638861,4.398705,37.689923,0.313167,0.032028,0.071174,0.0,0.0,0.017794,0.014235,0.010676,0.021352,0.010676,0.032028,0.476868,165.382175,50.323288,24.552275,1.519401,48.33766,0,0.0,1277.265145,625.123423,662.617914,83.852549,357.64095,1.0,0,0.0,0.0,0.0,0.0,0.0,0.0,0.0,0.0,1,243.96849,391.999108,179.744978,0.0,0.0,57.737603,118.913508,191.041996,310.427136,165.2905,243.863465,260.13565,0.62237,1.0,0.458534,0.0,0.0,0.14729,0.303351,0.487353,0.791908,0.42166,0.622102,0.663613,0.0,0.0,0.0,0.0,0.0,0.0,27,31.0,10.407407,5.0,3.0,8.47768,425.593584,240.504888,240.75735,57.737603,1.769584,1.0,1.00105,0.240068,0.385889,92.808259
avenue_training_03_clip_000049,avenue,training,03,49,785,816,32,0,0,0.0,11743.024192,5155.314244,5223.808042,0.0,3291.462155,0,0.0,4.678274,236.944777,95.881049,65.728978,65.508271,25.685792,19.206374,0.184332,0.050691,0.179724,0.0,0.018433,0.0,0.0,0.0,0.023041,0.0,0.023041,0.520737,128.004074,34.364854,22.659757,1.925138,36.520435,0,0.0,1279.892574,633.72639,576.434933,62.5,388.564034,1.0,0,0.0,0.0,0.0,0.0,0.0,0.0,0.0,0.0,1,335.292972,294.823522,229.532936,0.0,204.717417,0.0,0.0,0.0,134.116623,0.0,111.876842,197.705835,1.0,0.879301,0.684574,0.0,0.610563,0.0,0.0,0.0,0.399998,0.0,0.333669,0.589651,0.0,0.0,0.0,0.0,0.0,0.0,18,31.0,12.055556,8.0,3.0,9.766566,559.320327,236.944777,236.543545,46.346273,2.360551,1.0,0.998307,0.195599,0.591405,140.130302
avenue_training_03_clip_000050,avenue,training,03,50,801,832,32,0,0,0.0,24811.797431,8294.430992,6745.911678,801.879065,6391.185556,0,0.0,7.687337,284.850104,162.844664,69.139519,58.322996,4.295841,41.153016,0.273109,0.184874,0.222689,0.0,0.029412,0.0,0.0,0.012605,0.02521,0.0,0.121849,0.130252,140.487984,42.234261,23.740808,1.015605,40.976565,0,0.0,1343.328422,823.924162,925.337776,145.773797,376.637792,0.996825,0,0.0,0.0,0.0,0.0,0.0,0.0,0.0,0.0,1,306.011362,224.825723,146.036688,0.0,318.109703,0.0,0.0,86.862324,301.12445,0.0,389.683821,386.016283,0.785281,0.576944,0.374757,0.0,0.816328,0.0,0.0,0.222905,0.77274,0.0,1.0,0.990588,0.066667,0.003175,0.0,0.0,0.003175,0.014197,21,29.0,11.333333,8.0,3.0,8.242361,571.682557,284.850104,294.460264,86.862324,2.006959,1.0,1.033738,0.30494,0.435033,123.919076
avenue_training_03_clip_000051,avenue,training,03,51,817,848,32,0,0,0.0,20935.479789,6617.575931,4383.070914,38.470508,5726.221377,0,0.0,18.123367,252.993265,154.750011,65.25405,58.120663,14.036243,29.840267,0.259574,0.144681,0.029787,0.068085,0.0,0.025532,0.0,0.012766,0.0,0.0,0.080851,0.378723,153.123367,45.720649,30.916848,6.383128,39.208062,0,0.0,1353.756348,687.675979,827.741657,51.53882,457.358685,1.0,0,0.0,0.0,0.0,0.0,0.0,0.0,0.0,0.0,1,246.915522,364.703532,132.837827,266.929069,0.0,86.191178,0.0,125.778824,0.0,0.0,204.755662,293.262649,0.677031,1.0,0.364235,0.731907,0.0,0.236332,0.0,0.34488,0.0,0.0,0.56143,0.804112,0.0,0.0,0.0,0.0,0.0,0.0,23,31.0,10.217391,7.0,3.0,8.187777,601.776816,252.993265,210.520554,50.76941,2.378628,1.0,0.832119,0.200675,0.61046,154.442256
avenue_training_03_clip_000052,avenue,training,03,52,833,864,32,0,0,0.0,18915.061841,6971.808544,6748.916946,846.272458,4370.883893,0,0.0,17.871455,279.329394,180.0,81.218662,75.76067,31.073524,39.456291,0.324742,0.365979,0.134021,0.0,0.0,0.0,0.0,0.015464,0.0,0.036082,0.0,0.123711,160.209652,38.830325,27.276099,4.075488,36.507392,0,0.0,1327.650651,794.369168,988.448911,100.778222,416.283389,1.0,0,0.0,0.0,0.0,0.0,0.0,0.0,0.0,0.0,1,362.462657,163.557629,354.458005,0.0,0.0,0.0,0.0,117.703671,0.0,480.777936,0.0,190.757021,0.753909,0.340194,0.737259,0.0,0.0,0.0,0.0,0.244819,0.0,1.0,0.0,0.396767,0.0,0.0,0.0,0.0,0.0,0.0,18,31.0,10.777778,8.5,3.0,8.07297,574.606277,279.329394,248.749592,81.639111,2.057092,1.0,0.890524,0.292268,0.505728,141.264777
avenue_training_03_clip_000053,avenue,training,03,53,849,880,32,0,0,0.0,14324.806017,5687.104909,4705.110405,138.523005,3958.831906,0,0.0,0.88516,251.044718,128.984902,57.222717,57.264774,0.264644,33.350629,0.232044,0.055249,0.044199,0.038674,0.033149,0.0,0.0,0.0,0.033149,0.071823,0.077348,0.414365,141.67857,49.176347,42.126371,1.102369,39.927768,0,0.0,1218.926269,553.964684,470.538256,45.069391,325.717484,1.0,0,0.0,0.0,0.0,0.0,0.0,0.0,0.0,0.0,1,153.984057,240.710538,349.244628,174.116852,474.51567,0.0,0.0,0.0,195.606922,344.791492,191.818094,223.576153,0.324508,0.507276,0.736002,0.366936,1.0,0.0,0.0,0.0,0.412224,0.726618,0.40424,0.471167,0.0,0.0,0.0,0.0,0.0,0.0,25,31.0,7.24,5.0,3.0,6.313668,575.035221,251.044718,233.041462,42.298931,2.290569,1.0,0.928287,0.168492,0.53243,133.663675
avenue_training_03_clip_000054,avenue,training,03,54,865,896,32,0,0,0.0,14175.514077,4914.991899,3968.141635,1125.537948,4022.610166,0,0.0,17.390909,234.690636,142.865306,61.395739,61.658961,4.296848,33.946586,0.022727,0.212121,0.272727,0.068182,0.090909,0.0,0.0,0.0,0.075758,0.068182,0.045455,0.143939,126.817019,75.228269,78.473359,0.107332,36.475902,0,0.0,1181.762455,603.00102,455.064084,138.067013,380.587441,1.0,0,0.0,0.0,0.0,0.0,0.0,0.0,0.0,0.0,1,268.454166,213.922172,158.775559,268.442742,275.138752,0.0,0.0,0.0,308.60065,245.211177,170.497826,194.380746,0.869908,0.693201,0.514502,0.869871,0.891569,0.0,0.0,0.0,1.0,0.794591,0.552487,0.629878,0.0,0.0,0.0,0.0,0.0,0.0,16,31.0,8.25,5.0,3.0,8.227241,465.513709,234.690636,205.288818,86.663131,1.983521,1.0,0.874721,0.369265,0.441912,103.712635
avenue_training_03_clip_000055,avenue,training,03,55,881,912,32,0,0,0.0,28321.124949,7343.387806,6462.460713,1422.680829,6455.671441,0,0.0,-4.83657,246.784602,110.271268,54.202275,60.879618,8.139837,25.767311,0.611429,0.0,0.051429,0.0,0.0,0.0,0.0,0.0,0.0,0.022857,0.24,0.074286,88.953195,30.063046,19.686682,6.189414,23.934153,0,0.0,1350.925609,744.002761,715.855706,127.475488,420.293378,1.0,0,0.0,0.0,0.0,0.0,0.0,0.0,0.0,0.0,1,272.279456,0.0,117.372928,0.0,0.0,0.0,0.0,0.0,0.0,474.924971,182.957836,300.547631,0.57331,0.0,0.24714,0.0,0.0,0.0,0.0,0.0,0.0,1.0,0.385235,0.632832,0.0,0.0,0.0,0.0,0.0,0.0,16,31.0,10.9375,7.0,4.0,8.11995,474.924971,246.784602,261.271816,88.555934,1.924451,1.0,1.058704,0.358839,0.43557,107.492016
avenue_training_03_clip_000056,avenue,training,03,56,897,928,32,0,0,0.0,18512.522939,5845.200443,5837.333557,104.328292,4410.172382,0,0.0,5.541351,259.792294,115.684941,64.630078,62.884177,15.299942,23.72619,0.221519,0.044304,0.06962,0.0,0.0,0.0,0.0,0.0,0.031646,0.0,0.132911,0.5,109.487948,31.532901,21.698131,0.254569,27.622859,0,0.0,1357.214519,706.355448,701.052306,39.528471,460.923931,1.0,0,0.0,0.0,0.0,0.0,0.0,0.0,0.0,0.0,1,238.745433,173.673662,123.574157,0.0,0.0,0.0,0.0,0.0,547.653224,0.0,386.606287,286.838877,0.435943,0.317123,0.225643,0.0,0.0,0.0,0.0,0.0,1.0,0.0,0.705933,0.52376,0.0,0.0,0.0,0.0,0.0,0.0,16,27.0,9.875,7.0,3.0,7.338895,547.653224,259.792294,249.169495,37.441905,2.108043,1.0,0.95911,0.144122,0.524783,136.334598
avenue_training_03_clip_000057,avenue,training,03,57,913,944,32,0,0,0.0,17865.979698,8234.95816,6523.464093,717.309767,6018.7347,0,0.0,13.459675,419.803764,150.018361,74.407937,84.1772,6.340192,38.90668,0.280702,0.0,0.0,0.078947,0.0,0.0,0.0,0.0,0.0,0.035088,0.0,0.605263,99.886546,32.360222,16.503807,2.924314,32.939286,0,0.0,1281.112798,872.000779,1133.371629,113.192314,430.454089,1.0,0,0.0,0.0,0.0,0.0,0.0,0.0,0.0,0.0,1,392.617315,0.0,0.0,686.784434,0.0,0.0,0.0,0.0,0.0,496.006392,0.0,279.850824,0.571675,0.0,0.0,1.0,0.0,0.0,0.0,0.0,0.0,0.722216,0.0,0.40748,0.0,0.0,0.0,0.0,0.0,0.0,13,29.0,8.769231,5.0,3.0,8.495735,1247.967507,419.803764,343.770341,94.096157,2.97274,1.0,0.818883,0.224143,0.717752,301.314966
avenue_training_03_clip_000058,avenue,training,03,58,929,960,32,0,0,0.0,25836.456701,8113.960532,7558.443838,691.305516,6302.952965,0,0.0,1.365817,307.711589,124.951922,61.039767,57.627467,13.282526,30.731522,0.277778,0.256944,0.0,0.0,0.034722,0.0,0.0,0.0,0.048611,0.0,0.1875,0.194444,124.416709,47.509204,37.666737,7.490718,38.382066,0,0.0,1321.989504,803.018186,875.803203,87.5,410.249706,1.0,0,0.0,0.0,0.0,0.0,0.0,0.0,0.0,0.0,1,335.351183,366.930116,0.0,0.0,61.55909,0.0,0.0,0.0,294.156954,0.0,328.657571,250.867434,0.913937,1.0,0.0,0.0,0.167768,0.0,0.0,0.0,0.80167,0.0,0.895695,0.683693,0.0,0.0,0.0,0.0,0.0,0.0,13,28.0,11.076923,9.0,3.0,7.279703,651.937307,307.711589,250.867434,61.55909,2.118663,1.0,0.815268,0.200055,0.525934,161.836099
avenue_training_03_clip_000059,avenue,training,03,59,945,976,32,0,0,0.0,15480.35527,5522.36339,4565.93305,369.167057,4186.371642,0,0.0,9.123637,221.098556,74.690862,44.604476,41.060916,8.130102,18.841582,0.095238,0.15873,0.0,0.039683,0.0,0.02381,0.0,0.0,0.02381,0.047619,0.0,0.611111,154.858617,48.444363,30.942764,0.917943,44.14564,0,0.0,1294.700738,582.018915,512.359814,55.901699,352.800607,1.0,0,0.0,0.0,0.0,0.0,0.0,0.0,0.0,0.0,1,226.289403,198.207815,0.0,456.305297,0.0,257.153172,0.0,0.0,118.97293,309.854513,0.0,175.562005,0.495917,0.434375,0.0,1.0,0.0,0.563555,0.0,0.0,0.260731,0.679051,0.0,0.384747,0.0,0.0,0.0,0.0,0.0,0.0,14,29.0,9.0,6.0,3.0,7.396911,456.305297,221.098556,215.696905,47.715085,2.063809,1.0,0.975569,0.215809,0.469269,103.75467
avenue_training_03_clip_000060,avenue,training,03,60,961,992,32,0,0,0.0,26538.318832,6121.947192,3986.163609,40.563322,6358.905746,0,0.0,5.011145,217.149194,154.880584,69.095232,61.234101,3.066486,35.470139,0.222857,0.285714,0.051429,0.0,0.0,0.0,0.0,0.0,0.022857,0.0,0.074286,0.342857,118.484241,31.345713,23.684936,4.206329,28.906608,0,0.0,1331.000563,617.801442,607.922949,27.95085,413.062997,1.0,0,0.0,0.0,0.0,0.0,0.0,0.0,0.0,0.0,1,133.699451,208.709367,101.689759,0.0,0.0,0.0,0.0,0.0,419.241256,0.0,339.600278,242.731807,0.318908,0.497826,0.242557,0.0,0.0,0.0,0.0,0.0,1.0,0.0,0.810035,0.578979,0.0,0.0,0.0,0.0,0.0,0.0,19,30.0,9.210526,5.0,3.0,7.592094,567.311498,217.149194,195.714724,23.350425,2.612542,1.0,0.901291,0.107532,0.642966,139.619502
avenue_training_03_clip_000061,avenue,training,03,61,977,1008,32,0,0,0.0,30630.895702,6212.11686,5086.19355,287.144116,6536.931218,0,0.0,16.077831,211.874187,178.210089,75.448537,79.099295,1.080924,40.081264,0.216867,0.090361,0.024096,0.03012,0.018072,0.0,0.0,0.0,0.0,0.018072,0.114458,0.487952,125.878416,38.327308,23.810695,2.795305,31.673848,0,0.0,1325.235828,579.960361,590.021186,41.926275,370.402075,1.0,0,0.0,0.0,0.0,0.0,0.0,0.0,0.0,0.0,1,123.459522,242.096783,508.411943,136.036713,132.816325,0.0,0.0,0.0,0.0,480.770974,273.865949,166.618878,0.242834,0.476182,1.0,0.267572,0.261238,0.0,0.0,0.0,0.0,0.945633,0.538669,0.327724,0.0,0.0,0.0,0.0,0.0,0.0,19,31.0,8.736842,5.0,3.0,7.559185,508.411943,211.874187,203.522032,33.463137,2.399594,1.0,0.96058,0.157939,0.585779,124.11139
avenue_training_03_clip_000062,avenue,training,03,62,993,1024,32,0,0,0.0,30699.364489,6531.575154,5479.928912,0.0,7106.123568,0,0.0,9.073804,250.899738,102.097543,59.817783,56.763307,16.65911,21.958533,0.267081,0.093168,0.037267,0.0,0.0,0.0,0.0,0.0,0.0,0.0,0.10559,0.496894,77.858365,30.594627,30.510424,5.123331,18.57237,0,0.0,1334.693317,620.430358,554.568957,76.034532,434.385283,0.995536,0,0.0,0.0,0.0,0.0,0.0,0.0,0.0,0.0,1,238.772926,395.918116,207.549432,0.0,0.0,0.0,0.0,0.0,0.0,0.0,302.168158,176.61067,0.603087,1.0,0.524223,0.0,0.0,0.0,0.0,0.0,0.0,0.0,0.763209,0.446079,0.071429,0.004464,0.0,0.0,0.004464,0.01729,16,29.0,10.0625,6.0,3.0,8.692445,720.706027,250.899738,196.580173,55.694935,2.872486,1.0,0.783501,0.221981,0.707489,177.508931
avenue_training_03_clip_000063,avenue,training,03,63,1009,1040,32,0,0,0.0,15710.515046,7840.532251,7908.81272,3218.046072,3453.351184,0,0.0,-3.962171,313.725836,168.644917,83.728503,79.146158,41.702992,30.909732,0.286996,0.076233,0.0,0.0,0.0,0.0,0.0,0.0,0.0,0.040359,0.071749,0.524664,69.430203,26.316448,17.222531,1.066859,22.612904,0,0.0,1290.59095,859.145541,893.709422,430.479384,287.340808,1.0,0,0.0,0.0,0.0,0.0,0.0,0.0,0.0,0.0,1,229.093925,362.468058,0.0,0.0,0.0,0.0,0.0,0.0,0.0,343.338784,144.54304,364.10215,0.629202,0.995512,0.0,0.0,0.0,0.0,0.0,0.0,0.0,0.942974,0.396985,1.0,0.0,0.0,0.0,0.0,0.0,0.0,16,31.0,13.9375,11.5,3.0,10.298475,653.14757,313.725836,285.447752,144.54304,2.081906,1.0,0.909863,0.46073,0.426644,133.849071
avenue_training_03_clip_000064,avenue,training,03,64,1025,1056,32,0,0,0.0,16385.336086,6306.171477,5589.828323,267.618383,5237.171988,0,0.0,15.576078,272.660283,132.90311,69.869487,66.661364,29.697253,28.360274,0.449438,0.11236,0.022472,0.0,0.016854,0.016854,0.016854,0.0,0.033708,0.0,0.0,0.331461,167.421112,51.992298,31.964195,6.937531,50.085263,0,0.0,1369.420498,641.294847,606.915845,63.737744,433.267762,1.0,0,0.0,0.0,0.0,0.0,0.0,0.0,0.0,0.0,1,368.158768,215.458441,505.938183,0.0,82.243191,133.962382,58.385376,0.0,75.835301,0.0,0.0,312.870301,0.727675,0.425859,1.0,0.0,0.162556,0.26478,0.1154,0.0,0.14989,0.0,0.0,0.618396,0.0,0.0,0.0,0.0,0.0,0.0,18,26.0,9.888889,7.5,3.0,7.48249,932.478202,272.660283,233.713753,58.385376,3.419927,1.0,0.857161,0.214132,0.752632,205.212888
avenue_training_03_clip_000065,avenue,training,03,65,1041,1072,32,0,0,0.0,19746.512466,8851.330108,9343.587063,310.352309,4701.204139,0,0.0,11.096225,365.612194,149.519445,80.219007,81.108358,13.465208,30.235605,0.19209,0.169492,0.090395,0.033898,0.056497,0.0,0.0,0.0,0.0,0.084746,0.096045,0.276836,123.933398,48.451284,35.835974,4.471038,36.420251,0,0.0,1312.440475,947.642074,1102.553854,113.192314,367.062552,1.0,0,0.0,0.0,0.0,0.0,0.0,0.0,0.0,0.0,1,383.044614,238.455735,263.867318,533.565968,426.98586,0.0,0.0,0.0,0.0,424.520014,472.917433,287.35954,0.717896,0.44691,0.494536,1.0,0.800249,0.0,0.0,0.0,0.0,0.795628,0.886334,0.538564,0.0,0.0,0.0,0.0,0.0,0.0,21,30.0,8.428571,6.0,3.0,5.89246,701.513613,365.612194,365.332818,106.985268,1.918737,1.0,0.999236,0.29262,0.414733,151.631614
avenue_training_03_clip_000066,avenue,training,03,66,1057,1088,32,0,0,0.0,26391.01518,11460.732185,10561.136159,1318.489931,6548.919671,0,0.0,1.380898,329.660064,176.268603,82.575715,76.141551,25.592762,32.997281,0.365639,0.317181,0.039648,0.0,0.0,0.0,0.013216,0.0,0.0,0.013216,0.0837,0.167401,154.548274,35.205002,26.523181,0.107288,37.97517,0,0.0,1369.534592,962.390132,1023.536715,209.538183,324.987412,0.997475,0,0.0,0.0,0.0,0.0,0.0,0.0,0.0,0.0,1,358.128819,333.84042,150.788234,0.0,0.0,0.0,285.44544,0.0,0.0,588.872153,236.995023,284.601763,0.608161,0.566915,0.256063,0.0,0.0,0.0,0.484732,0.0,0.0,1.0,0.402456,0.4833,0.045455,0.002525,0.0,0.0,0.002525,0.010412,18,30.0,12.611111,11.0,3.0,8.42047,588.872153,329.660064,308.712309,97.637618,1.786301,1.0,0.936457,0.296177,0.397689,131.102071
avenue_training_03_clip_000067,avenue,training,03,67,1073,1104,32,0,0,0.0,16412.028217,6601.378203,6085.928945,1215.931403,3805.183866,0,0.0,32.912098,226.957754,116.565051,68.504366,72.014483,22.317532,27.186202,0.367742,0.348387,0.103226,0.090323,0.0,0.0,0.0,0.0,0.0,0.025806,0.0,0.064516,102.54206,35.553133,20.515349,0.925786,29.38746,0,0.0,1149.048519,733.599358,727.688979,151.038075,360.50269,1.0,0,0.0,0.0,0.0,0.0,0.0,0.0,0.0,0.0,1,213.348939,232.546609,307.056271,218.396522,0.0,0.0,0.0,0.0,0.0,145.712157,0.0,212.083183,0.69482,0.757342,1.0,0.711259,0.0,0.0,0.0,0.0,0.0,0.474545,0.0,0.690698,0.0,0.0,0.0,0.0,0.0,0.0,15,31.0,10.333333,8.0,3.0,7.560129,394.235384,226.957754,219.877159,103.469887,1.737043,1.0,0.968802,0.455899,0.353357,80.197194
avenue_training_03_clip_000068,avenue,training,03,68,1089,1120,32,0,0,0.0,24794.998224,6767.976686,4806.356972,330.28292,6769.787888,0,0.0,32.275826,268.884002,174.093859,85.281618,76.54348,23.562947,41.057601,0.125984,0.425197,0.062992,0.0,0.0,0.023622,0.0,0.0,0.0,0.0,0.0,0.362205,121.576132,33.537627,33.818936,0.024278,32.419109,0,0.0,1346.291202,641.875729,711.658423,63.737744,408.872895,1.0,0,0.0,0.0,0.0,0.0,0.0,0.0,0.0,0.0,1,238.445999,133.522202,135.21259,0.0,0.0,324.864308,0.0,0.0,0.0,0.0,0.0,464.695934,0.513123,0.287332,0.29097,0.0,0.0,0.69909,0.0,0.0,0.0,0.0,0.0,1.0,0.0,0.0,0.0,0.0,0.0,0.0,12,31.0,10.583333,6.5,3.0,9.595644,850.391237,268.884002,225.904516,43.696795,3.16267,1.0,0.840156,0.162512,0.813533,218.746039
avenue_training_03_clip_000069,avenue,training,03,69,1105,1136,32,0,0,0.0,9608.861047,4538.932912,4764.856633,325.431645,3334.567065,0,0.0,21.691872,195.21372,118.460692,72.931081,75.05639,9.462322,33.922542,0.470085,0.230769,0.0,0.0,0.0,0.025641,0.0,0.0,0.0,0.059829,0.042735,0.17094,153.576967,37.345398,22.555207,1.396566,42.848967,0,0.0,1326.473238,573.629445,486.834224,38.017266,455.791767,1.0,0,0.0,0.0,0.0,0.0,0.0,0.0,0.0,0.0,1,198.9745,179.894964,0.0,0.0,0.0,31.508633,0.0,0.0,0.0,201.434361,367.517759,212.800267,0.541401,0.489486,0.0,0.0,0.0,0.085734,0.0,0.0,0.0,0.548094,1.0,0.57902,0.0,0.0,0.0,0.0,0.0,0.0,12,29.0,9.75,7.5,3.0,7.037104,367.517759,195.21372,213.31305,31.508633,1.882643,1.0,1.092715,0.161406,0.615493,120.152783
avenue_training_03_clip_000070,avenue,training,03,70,1121,1152,32,0,0,0.0,14361.576185,4280.747132,3629.024168,280.478265,4249.977756,0,0.0,9.220344,187.112098,154.18139,51.890225,50.128235,10.514975,35.100676,0.339744,0.083333,0.192308,0.0,0.0,0.0,0.0,0.038462,0.025641,0.0,0.0,0.320513,132.741319,45.260166,31.908841,1.62428,37.467128,0,0.0,1214.624428,494.208322,413.009954,65.251916,409.95929,1.0,0,0.0,0.0,0.0,0.0,0.0,0.0,0.0,0.0,1,120.725712,424.653042,147.531718,0.0,0.0,0.0,0.0,221.616566,213.829575,0.0,0.0,151.347466,0.284293,1.0,0.347417,0.0,0.0,0.0,0.0,0.521877,0.503539,0.0,0.0,0.356403,0.0,0.0,0.0,0.0,0.0,0.0,16,31.0,9.75,6.0,3.0,7.420411,718.160412,187.112098,146.720666,43.320504,3.838129,1.0,0.784133,0.231522,0.854873,159.957137
avenue_training_03_clip_000071,avenue,training,03,71,1137,1168,32,0,0,0.0,8867.592326,4034.760097,4390.332553,164.756297,2869.628237,0,0.0,-12.008333,196.892207,98.471724,54.352255,60.062634,12.780501,28.349641,0.141509,0.179245,0.084906,0.0,0.0,0.0,0.0,0.0,0.066038,0.075472,0.103774,0.349057,102.355463,46.94485,48.332308,5.165186,31.731278,0,0.0,1324.351256,499.011834,419.262746,67.31456,419.347405,1.0,0,0.0,0.0,0.0,0.0,0.0,0.0,0.0,0.0,1,135.004546,241.601682,81.375895,0.0,0.0,0.0,0.0,0.0,173.187173,199.053392,182.480563,368.838596,0.366026,0.655034,0.220627,0.0,0.0,0.0,0.0,0.0,0.469547,0.539676,0.494744,1.0,0.0,0.0,0.0,0.0,0.0,0.0,11,30.0,9.636364,7.0,3.0,7.807604,507.369389,196.892207,182.480563,49.527601,2.576889,1.0,0.926804,0.251547,0.623771,122.815613
avenue_training_03_clip_000072,avenue,training,03,72,1153,1184,32,0,0,0.0,13156.02873,4782.155494,1350.90077,104.328292,4735.113213,0,0.0,15.413893,245.24487,89.693886,51.1053,49.930256,12.581435,27.744793,0.274725,0.197802,0.032967,0.098901,0.0,0.043956,0.0,0.032967,0.0,0.054945,0.098901,0.164835,163.696419,61.199016,51.625607,5.884364,50.511155,0,0.0,1352.832676,581.193273,222.494695,39.528471,534.019983,1.0,0,0.0,0.0,0.0,0.0,0.0,0.0,0.0,0.0,1,211.268653,359.228097,107.931918,90.830265,0.0,90.859369,0.0,37.441905,0.0,812.418558,414.006262,198.208053,0.260049,0.442171,0.132853,0.111802,0.0,0.111838,0.0,0.046087,0.0,1.0,0.509597,0.243973,0.0,0.0,0.0,0.0,0.0,0.0,12,18.0,7.583333,6.0,3.0,4.768968,812.418558,245.24487,125.730716,37.441905,3.312683,1.0,0.512674,0.152672,0.879564,215.708589
avenue_training_03_clip_000073,avenue,training,03,73,1169,1200,32,0,0,0.0,24826.845701,8095.10196,6730.676814,752.837304,6729.784638,0,0.0,34.141775,266.918812,139.009046,75.165503,69.170068,15.481878,32.132456,0.304348,0.26087,0.115942,0.0,0.021739,0.021739,0.0,0.0,0.0,0.0,0.057971,0.217391,123.358225,44.675353,29.708654,1.238208,36.351884,0,0.0,1113.131843,671.384528,672.976699,79.056942,342.151598,1.0,0,0.0,0.0,0.0,0.0,0.0,0.0,0.0,0.0,1,216.562235,318.642541,63.155086,0.0,545.814648,110.799513,0.0,0.0,0.0,0.0,187.665359,307.713113,0.396769,0.583793,0.115708,0.0,1.0,0.202998,0.0,0.0,0.0,0.0,0.343826,0.563769,0.0,0.0,0.0,0.0,0.0,0.0,14,31.0,9.857143,7.0,3.0,8.02547,577.008614,266.918812,237.937862,58.98128,2.161738,1.0,0.891424,0.220971,0.599508,160.019959
avenue_training_03_clip_000074,avenue,training,03,74,1185,1216,32,0,0,0.0,11083.258071,4833.729182,5025.696669,258.511923,2919.866942,0,0.0,32.608204,225.696176,128.118219,65.576176,68.881895,8.89309,34.244652,0.328571,0.028571,0.064286,0.121429,0.0,0.035714,0.0,0.0,0.0,0.0,0.1,0.321429,134.159618,40.385535,41.246969,1.136069,32.912105,0,0.0,1214.817373,654.12766,641.393808,75.0,385.445064,1.0,0,0.0,0.0,0.0,0.0,0.0,0.0,0.0,0.0,1,187.036406,275.59847,151.951869,194.729775,0.0,83.343828,0.0,0.0,0.0,0.0,380.573558,328.805023,0.491459,0.724166,0.399271,0.511674,0.0,0.218995,0.0,0.0,0.0,0.0,1.0,0.863972,0.0,0.0,0.0,0.0,0.0,0.0,14,31.0,10.0,6.0,4.0,7.606388,471.791366,225.696176,218.487794,50.0,2.090383,1.0,0.968061,0.221537,0.528822,119.353171
avenue_training_03_clip_000075,avenue,training,03,75,1201,1232,32,0,0,0.0,14714.7827,6955.31575,7703.66085,1289.31907,4704.201909,0,0.0,35.352949,237.214026,125.753887,65.882034,70.057418,12.87891,31.116892,0.038462,0.567308,0.028846,0.067308,0.0,0.0,0.0,0.0,0.0,0.028846,0.0,0.269231,107.476005,45.85036,41.321376,2.897551,33.676418,0,0.0,1289.682616,631.305513,499.667155,125.623445,416.623705,1.0,0,0.0,0.0,0.0,0.0,0.0,0.0,0.0,0.0,1,204.397466,151.258813,412.515766,299.427621,0.0,0.0,0.0,0.0,0.0,289.965431,0.0,206.314958,0.49549,0.366674,1.0,0.725857,0.0,0.0,0.0,0.0,0.0,0.70292,0.0,0.500138,0.0,0.0,0.0,0.0,0.0,0.0,10,24.0,10.4,5.5,3.0,8.101852,509.527015,237.214026,215.982968,89.328227,2.147963,1.0,0.910498,0.376572,0.549665,130.388314
avenue_training_03_clip_000076,avenue,training,03,76,1217,1248,32,0,0,0.0,19476.731571,5897.6171,5019.058448,643.743323,5565.471781,0,0.0,34.69092,243.490835,116.071477,67.241516,63.706255,28.455835,26.17256,0.289157,0.228916,0.0,0.060241,0.036145,0.0,0.0,0.0,0.0,0.0,0.108434,0.277108,93.433297,35.824248,29.434147,2.188821,31.745971,0,0.0,990.344006,511.993075,495.014204,115.244306,287.81906,1.0,0,0.0,0.0,0.0,0.0,0.0,0.0,0.0,0.0,1,262.07386,221.592692,0.0,64.774756,450.971583,0.0,0.0,0.0,0.0,0.0,273.555843,216.504656,0.581132,0.491367,0.0,0.143634,1.0,0.0,0.0,0.0,0.0,0.0,0.606592,0.480085,0.0,0.0,0.0,0.0,0.0,0.0,11,23.0,7.545455,6.0,3.0,5.399725,458.545717,243.490835,216.504656,64.774756,1.883216,1.0,0.88917,0.266025,0.54995,133.907823
avenue_training_03_clip_000077,avenue,training,03,77,1233,1264,32,0,0,0.0,12883.80276,4522.538902,3560.581039,438.476324,3775.52337,0,0.0,8.431767,199.183345,131.298136,70.8195,66.689342,31.051364,31.358096,0.40566,0.283019,0.0,0.0,0.0,0.0,0.0,0.0,0.0,0.0,0.037736,0.273585,57.201744,29.936698,35.090401,6.574315,15.695127,0,0.0,1299.278646,528.769306,391.190052,80.039053,403.365056,0.995,0,0.0,0.0,0.0,0.0,0.0,0.0,0.0,0.0,1,166.678021,152.363332,0.0,0.0,0.0,0.0,0.0,0.0,0.0,0.0,88.923584,315.261935,0.528697,0.483291,0.0,0.0,0.0,0.0,0.0,0.0,0.0,0.0,0.282063,1.0,0.05,0.005,0.0,0.0,0.005,0.015,10,26.0,10.6,6.0,3.0,8.027453,538.762779,199.183345,177.432527,71.269526,2.704859,1.0,0.8908,0.357809,0.643905,128.255184
avenue_training_03_clip_000078,avenue,training,03,78,1249,1280,32,0,0,0.0,25944.925782,9525.177813,6475.04923,2050.551311,7255.421778,0,0.0,-14.990221,310.079827,177.878904,88.611078,78.135125,39.501261,36.685515,0.044118,0.117647,0.0,0.0,0.0,0.0,0.0,0.0,0.044118,0.058824,0.058824,0.676471,101.417426,33.927872,21.561054,1.545199,31.016726,0,0.0,1369.876819,649.059278,465.908052,213.600094,393.248224,1.0,0,0.0,0.0,0.0,0.0,0.0,0.0,0.0,0.0,1,146.328518,456.21347,0.0,0.0,0.0,0.0,0.0,0.0,224.448395,354.752614,213.316448,311.921035,0.320746,1.0,0.0,0.0,0.0,0.0,0.0,0.0,0.491981,0.777602,0.46758,0.683717,0.0,0.0,0.0,0.0,0.0,0.0,11,20.0,6.181818,4.0,3.0,4.914139,656.965528,310.079827,239.243941,134.641508,2.118698,1.0,0.771556,0.434216,0.538282,166.910293
avenue_training_03_clip_000079,avenue,training,03,79,1265,1296,32,0,0,0.0,17574.895075,6294.684716,6068.837739,1377.561581,4373.650495,0,0.0,18.472075,247.053101,106.65658,58.939774,64.260371,19.308666,25.579272,0.27619,0.0,0.047619,0.047619,0.0,0.0,0.0,0.0,0.0,0.0,0.0,0.628571,92.597939,27.25321,23.580603,0.291774,25.71544,0,0.0,1041.183221,690.970852,782.723508,210.983148,313.817075,1.0,0,0.0,0.0,0.0,0.0,0.0,0.0,0.0,0.0,1,152.986078,0.0,462.208636,400.551968,0.0,0.0,0.0,0.0,0.0,0.0,0.0,229.762434,0.330989,0.0,1.0,0.866604,0.0,0.0,0.0,0.0,0.0,0.0,0.0,0.497097,0.0,0.0,0.0,0.0,0.0,0.0,10,22.0,10.5,10.5,4.0,5.60803,462.208636,247.053101,219.662364,93.51013,1.870888,1.0,0.88913,0.378502,0.472154,116.647165
avenue_training_03_clip_000080,avenue,training,03,80,1281,1312,32,0,0,0.0,18843.175336,7450.462206,8860.40012,747.212238,5067.555912,0,0.0,19.431033,266.345922,125.528769,69.243547,70.16018,34.008755,25.827674,0.308725,0.38255,0.107383,0.0,0.020134,0.0,0.0,0.0,0.053691,0.0,0.087248,0.040268,122.687461,42.693262,31.582289,4.240473,37.022578,0,0.0,1313.987253,742.286794,848.724039,75.0,456.247851,1.0,0,0.0,0.0,0.0,0.0,0.0,0.0,0.0,0.0,1,217.84049,405.166593,226.424955,0.0,103.616785,0.0,0.0,0.0,89.67649,0.0,264.413665,288.269013,0.537657,1.0,0.558844,0.0,0.255739,0.0,0.0,0.0,0.221332,0.0,0.652605,0.711483,0.0,0.0,0.0,0.0,0.0,0.0,14,22.0,10.642857,8.5,3.0,5.874973,502.674936,266.345922,280.488214,60.034695,1.887301,1.0,1.053098,0.225401,0.524537,139.708383
avenue_training_03_clip_000081,avenue,training,03,81,1297,1328,32,0,0,0.0,15641.414559,7842.371103,9051.361521,554.05098,4526.612435,0,0.0,16.909951,234.607014,176.11209,84.915874,77.646979,25.201124,40.120515,0.446429,0.0625,0.0625,0.0,0.0,0.0,0.0,0.0,0.0,0.0,0.116071,0.3125,60.489487,31.606189,27.425041,1.401858,20.104139,0,0.0,1350.057869,639.909381,582.152007,83.852549,386.143081,1.0,0,0.0,0.0,0.0,0.0,0.0,0.0,0.0,0.0,1,195.621787,151.545421,217.533239,0.0,0.0,0.0,0.0,0.0,0.0,0.0,289.72168,357.598173,0.547044,0.423787,0.608318,0.0,0.0,0.0,0.0,0.0,0.0,0.0,0.810188,1.0,0.0,0.0,0.0,0.0,0.0,0.0,12,25.0,9.333333,6.5,3.0,7.374882,394.45155,234.607014,246.507687,66.127007,1.681329,1.0,1.050726,0.281863,0.453446,106.381568
avenue_training_03_clip_000082,avenue,training,03,82,1313,1344,32,0,0,0.0,24489.801639,6782.483024,6457.283204,32.662825,5623.277315,0,0.0,-0.035437,247.741395,137.642545,70.567938,75.63046,23.17793,32.210219,0.65625,0.04375,0.0,0.01875,0.0,0.0,0.0,0.0,0.025,0.0,0.09375,0.1625,118.520862,31.185272,19.516652,0.658119,35.361887,0,0.0,1272.362468,734.423287,787.103075,45.500687,439.767977,1.0,0,0.0,0.0,0.0,0.0,0.0,0.0,0.0,0.0,1,214.911714,389.929488,0.0,716.955806,0.0,0.0,0.0,0.0,167.795502,0.0,212.595738,181.694591,0.299756,0.543868,0.0,1.0,0.0,0.0,0.0,0.0,0.234039,0.0,0.296526,0.253425,0.0,0.0,0.0,0.0,0.0,0.0,15,31.0,10.666667,7.0,3.0,8.145892,716.955806,247.741395,231.192141,44.84743,2.893969,1.0,0.933199,0.181025,0.643117,159.326555
avenue_training_03_clip_000083,avenue,training,03,83,1329,1360,32,0,0,0.0,14878.448957,7553.710901,5535.231679,161.735734,4858.025178,0,0.0,37.887326,261.979024,152.569374,81.366855,81.708953,19.653824,33.938436,0.17341,0.410405,0.132948,0.0,0.0,0.017341,0.0,0.0,0.0,0.0,0.0,0.265896,118.249519,34.12331,32.590847,5.031202,31.219644,0,0.0,1372.953022,895.439093,919.3238,51.53882,401.081521,1.0,0,0.0,0.0,0.0,0.0,0.0,0.0,0.0,0.0,1,182.019521,218.770561,434.934051,0.0,0.0,48.304106,0.0,0.0,0.0,0.0,0.0,302.165098,0.418499,0.502997,1.0,0.0,0.0,0.111061,0.0,0.0,0.0,0.0,0.0,0.694738,0.0,0.0,0.0,0.0,0.0,0.0,11,30.0,15.727273,15.0,3.0,9.854311,592.975763,261.979024,239.101324,48.304106,2.263447,1.0,0.912674,0.184382,0.559942,146.693012
avenue_training_03_clip_000084,avenue,training,03,84,1345,1376,32,0,0,0.0,18355.629333,7297.967138,7535.421272,139.026441,4623.419145,0,0.0,5.499227,253.266985,132.629493,79.174069,80.74199,16.667034,32.488742,0.428571,0.34375,0.0,0.013393,0.0,0.0,0.0,0.0,0.017857,0.013393,0.0,0.183036,122.555979,34.858782,24.421522,1.320296,33.197068,0,0.0,1372.15615,841.205585,846.776978,91.001374,468.155453,1.0,0,0.0,0.0,0.0,0.0,0.0,0.0,0.0,0.0,1,328.41422,244.811867,0.0,309.911106,0.0,0.0,0.0,0.0,75.647375,199.118085,0.0,192.782348,1.0,0.745436,0.0,0.943659,0.0,0.0,0.0,0.0,0.230341,0.606302,0.0,0.58701,0.0,0.0,0.0,0.0,0.0,0.0,17,31.0,13.176471,10.0,3.0,10.176301,443.322295,253.266985,291.635529,75.647375,1.750415,1.0,1.151494,0.298686,0.401923,101.793782
avenue_training_03_clip_000085,avenue,training,03,85,1361,1392,32,0,0,0.0,24881.897135,7821.061658,5424.645057,299.609147,6750.996396,0,0.0,16.911208,283.699691,154.253404,80.817175,67.933061,27.066861,38.228773,0.380711,0.086294,0.233503,0.030457,0.0,0.0,0.0,0.0,0.0,0.040609,0.030457,0.19797,97.717982,35.986772,28.643327,0.618177,28.882232,0,0.0,1252.123197,812.809119,870.524267,106.066017,345.864982,1.0,0,0.0,0.0,0.0,0.0,0.0,0.0,0.0,0.0,1,375.033015,230.300921,309.465877,77.983713,0.0,0.0,0.0,0.0,0.0,137.40315,195.864095,217.67388,1.0,0.614082,0.82517,0.207938,0.0,0.0,0.0,0.0,0.0,0.366376,0.522258,0.580413,0.0,0.0,0.0,0.0,0.0,0.0,15,31.0,13.133333,8.0,3.0,9.912058,634.96895,283.699691,225.178978,77.983713,2.238173,1.0,0.793723,0.274881,0.599974,170.21241
avenue_training_03_clip_000086,avenue,training,03,86,1377,1408,32,0,0,0.0,18398.574752,7245.884997,6419.456905,0.0,5321.612546,0,0.0,-0.822489,297.579789,86.075682,55.170266,57.465653,10.988651,23.051946,0.505051,0.141414,0.146465,0.030303,0.0,0.0,0.015152,0.035354,0.030303,0.0,0.0,0.09596,167.972592,57.998771,58.334485,1.078014,49.441068,0,0.0,1358.307771,843.119089,1024.008186,72.886899,452.081924,1.0,0,0.0,0.0,0.0,0.0,0.0,0.0,0.0,0.0,1,293.549337,252.852379,335.103762,560.489956,0.0,0.0,128.063638,151.079848,531.607541,0.0,0.0,186.002594,0.523737,0.451127,0.597876,1.0,0.0,0.0,0.228485,0.26955,0.948469,0.0,0.0,0.331857,0.0,0.0,0.0,0.0,0.0,0.0,18,29.0,11.0,5.5,3.0,9.46338,560.489956,297.579789,249.167588,69.813357,1.883495,1.0,0.837314,0.234604,0.538921,160.37207
avenue_training_03_clip_000087,avenue,training,03,87,1393,1424,32,0,0,0.0,17267.019932,7510.364177,6700.589595,793.890612,4785.873143,0,0.0,28.077642,295.855515,148.093554,71.369207,78.23026,11.309932,34.389627,0.407035,0.050251,0.251256,0.030151,0.0,0.0,0.0,0.0,0.0,0.040201,0.0,0.221106,112.422676,43.865576,41.810572,8.176656,27.986852,0,0.0,1351.445985,755.607201,729.699548,127.475488,410.125252,1.0,0,0.0,0.0,0.0,0.0,0.0,0.0,0.0,0.0,1,240.690377,410.264961,341.419851,113.210383,0.0,0.0,0.0,0.0,0.0,126.442152,0.0,342.046106,0.586671,1.0,0.832194,0.275945,0.0,0.0,0.0,0.0,0.0,0.308196,0.0,0.83372,0.0,0.0,0.0,0.0,0.0,0.0,18,31.0,11.055556,5.5,3.0,9.84588,531.742704,295.855515,310.515421,91.859312,1.797305,1.0,1.049551,0.310487,0.431257,127.589894
avenue_training_03_clip_000088,avenue,training,03,88,1409,1440,32,0,0,0.0,18255.268416,6399.628498,5247.46599,154.033603,4669.236625,0,0.0,13.536672,294.24593,179.596515,85.231151,76.990645,36.569922,38.819458,0.197674,0.215116,0.017442,0.034884,0.0,0.0,0.0,0.0,0.0,0.046512,0.040698,0.447674,101.778361,34.367291,26.737316,2.353849,25.748197,0,0.0,1336.50664,671.576664,627.155367,88.584548,402.594636,1.0,0,0.0,0.0,0.0,0.0,0.0,0.0,0.0,0.0,1,281.245596,398.336724,148.988391,134.715224,0.0,0.0,0.0,0.0,0.0,81.58051,200.726449,367.472219,0.70605,1.0,0.374026,0.338194,0.0,0.0,0.0,0.0,0.0,0.204803,0.503911,0.922517,0.0,0.0,0.0,0.0,0.0,0.0,20,28.0,8.6,6.0,3.0,6.88767,809.588046,294.24593,272.119072,59.883947,2.751399,1.0,0.924801,0.203517,0.583778,171.774268
avenue_training_03_clip_000089,avenue,training,03,89,1425,1456,32,0,0,0.0,18237.703089,7537.550487,6748.5737,250.229767,5813.838869,0,0.0,-0.078553,285.165253,169.746402,81.59824,74.493331,8.551364,48.567576,0.278409,0.170455,0.017045,0.022727,0.056818,0.0,0.017045,0.017045,0.0,0.0,0.227273,0.193182,151.003642,53.691669,34.179541,3.958737,45.363056,0,0.0,1368.621569,750.572457,852.565785,51.53882,415.591641,1.0,0,0.0,0.0,0.0,0.0,0.0,0.0,0.0,0.0,1,181.942875,303.013239,135.32478,169.172794,205.715471,0.0,490.377507,434.219806,0.0,0.0,263.924892,395.86543,0.371026,0.617918,0.27596,0.344985,0.419504,0.0,1.0,0.885481,0.0,0.0,0.538208,0.807267,0.0,0.0,0.0,0.0,0.0,0.0,18,27.0,9.777778,6.5,3.0,7.989963,490.377507,285.165253,281.619155,44.51941,1.719626,1.0,0.987565,0.156118,0.471831,134.549808
avenue_training_03_clip_000090,avenue,training,03,90,1441,1472,32,0,0,0.0,22468.567328,8699.716577,7488.182444,901.632012,5756.735358,0,0.0,12.353637,330.772018,169.520383,99.209629,86.352704,43.548182,36.70613,0.311475,0.153005,0.016393,0.0,0.032787,0.0,0.0,0.0,0.0,0.0,0.087432,0.398907,119.839114,38.819633,36.801843,4.808418,29.065854,0,0.0,1224.362079,767.013381,805.547174,154.616461,316.767287,0.996296,0,0.0,0.0,0.0,0.0,0.0,0.0,0.0,0.0,1,281.523846,340.00402,406.860875,0.0,67.99436,0.0,0.0,0.0,0.0,0.0,449.063503,322.99099,0.626913,0.75714,0.906021,0.0,0.151414,0.0,0.0,0.0,0.0,0.0,1.0,0.719255,0.055556,0.003704,0.0,0.0,0.003704,0.013858,15,30.0,12.2,7.0,3.0,9.826495,772.759922,330.772018,334.196868,67.99436,2.336231,1.0,1.010354,0.205563,0.497341,164.506634
avenue_training_03_clip_000091,avenue,training,03,91,1456,1487,32,0,0,0.0,12349.452569,5069.282279,5396.214421,135.323242,3860.105294,0,0.0,15.183992,264.64288,174.874401,77.866791,74.902214,0.946951,39.775467,0.167598,0.055866,0.251397,0.01676,0.0,0.0,0.0,0.0,0.01676,0.050279,0.0,0.441341,110.421109,46.615932,43.397262,4.700534,31.442339,0,0.0,1340.009328,639.610921,818.957909,123.743687,402.135054,1.0,0,0.0,0.0,0.0,0.0,0.0,0.0,0.0,0.0,1,446.145769,409.533499,145.719087,81.636079,0.0,0.0,0.0,0.0,138.071689,168.059232,0.0,292.17938,1.0,0.917937,0.326618,0.182981,0.0,0.0,0.0,0.0,0.309477,0.376691,0.0,0.654897,0.0,0.0,0.0,0.0,0.0,0.0,14,31.0,12.785714,9.5,3.0,9.321086,578.814299,264.64288,233.550376,56.81791,2.187152,1.0,0.882512,0.214697,0.570897,151.083972
avenue_training_04_clip_000000,avenue,training,04,0,1,32,32,0,0,0.0,13000.950216,3686.180987,2306.05417,135.403856,3953.75263,0,0.0,-16.573908,179.762054,87.542565,47.549659,51.457893,14.872441,21.174837,0.0,0.246914,0.0,0.0,0.037037,0.0,0.0,0.049383,0.0,0.0,0.666667,0.0,161.614897,64.000187,38.589077,16.920619,53.97754,0,0.0,807.871432,479.526818,665.94036,55.901699,284.891702,1.0,0,0.0,0.0,0.0,0.0,0.0,0.0,0.0,0.0,1,0.0,112.966786,0.0,0.0,130.509877,0.0,0.0,51.3347,0.0,0.0,240.880754,0.0,0.0,0.468974,0.0,0.0,0.541803,0.0,0.0,0.213113,0.0,0.0,1.0,0.0,0.0,0.0,0.0,0.0,0.0,0.0,7,26.0,11.571429,8.0,3.0,8.449127,461.179426,179.762054,148.05739,51.3347,2.565499,1.0,0.82363,0.28557,0.678646,121.994796
avenue_training_04_clip_000001,avenue,training,04,1,17,48,32,0,0,0.0,17249.13767,6815.965681,6231.939467,114.728607,5792.379394,0,0.0,-27.987869,253.001863,71.748061,40.862512,50.180532,4.398705,29.990509,0.0,0.0,0.0,0.061538,0.0,0.0,0.0,0.046154,0.0,0.0,0.446154,0.446154,131.277064,61.123068,25.243967,21.530606,47.239112,0,0.0,1304.858709,783.93564,752.599661,57.622153,428.204361,1.0,0,0.0,0.0,0.0,0.0,0.0,0.0,0.0,0.0,1,0.0,0.0,0.0,544.986195,0.0,0.0,0.0,55.327581,0.0,0.0,247.060914,170.57371,0.0,0.0,0.0,1.0,0.0,0.0,0.0,0.101521,0.0,0.0,0.453334,0.312987,0.0,0.0,0.0,0.0,0.0,0.0,5,29.0,13.0,5.0,3.0,11.153475,544.986195,253.001863,239.46796,55.327581,2.15408,1.0,0.946507,0.218684,0.640532,162.055711
avenue_training_04_clip_000002,avenue,training,04,2,33,64,32,0,0,0.0,10874.153361,5206.832687,2618.987605,2127.357096,4012.42386,0,0.0,-35.788624,210.072315,90.491059,78.54422,85.271593,59.870007,13.375484,0.0,0.0,0.0,0.0,0.0,0.0,0.0,0.0,0.0,0.133333,0.0,0.866667,39.538748,26.359166,23.045659,16.49309,9.695706,0,0.0,1144.347522,596.900412,345.833333,300.520382,387.545326,1.0,0,0.0,0.0,0.0,0.0,0.0,0.0,0.0,0.0,1,0.0,0.0,0.0,0.0,0.0,0.0,0.0,0.0,0.0,177.647704,0.0,226.28462,0.0,0.0,0.0,0.0,0.0,0.0,0.0,0.0,0.0,0.785063,0.0,1.0,0.0,0.0,0.0,0.0,0.0,0.0,3,16.0,10.0,10.0,4.0,4.898979,364.531012,210.072315,177.647704,88.038229,1.735264,1.0,0.84565,0.419085,0.5483,115.182699
avenue_training_04_clip_000003,avenue,training,04,3,49,80,32,0,0,0.0,3926.186865,2294.828687,2294.828687,663.470508,1631.358179,0,0.0,55.51097,96.716324,104.036243,93.900557,93.900557,83.764871,10.135686,0.0,0.3,0.7,0.0,0.0,0.0,0.0,0.0,0.0,0.0,0.0,0.0,17.529091,17.529091,17.529091,17.529091,0.0,0,0.0,337.731402,194.635111,194.635111,51.53882,143.096291,1.0,0,0.0,0.0,0.0,0.0,0.0,0.0,0.0,0.0,1,0.0,38.26941,155.163239,0.0,0.0,0.0,0.0,0.0,0.0,0.0,0.0,0.0,0.0,0.24664,1.0,0.0,0.0,0.0,0.0,0.0,0.0,0.0,0.0,0.0,0.0,0.0,0.0,0.0,0.0,0.0,2,7.0,5.0,5.0,3.0,2.0,155.163239,96.716324,96.716324,38.26941,1.604313,1.0,1.0,0.395687,0.604313,58.446915
avenue_training_04_clip_000004,avenue,training,04,4,65,96,32,0,0,0.0,0.0,0.0,0.0,0.0,0.0,0,0.0,0.0,0.0,0.0,0.0,0.0,0.0,0.0,0.0,0.0,0.0,0.0,0.0,0.0,0.0,0.0,0.0,0.0,0.0,0.0,0.0,0.0,0.0,0.0,0.0,0,0.0,0.0,0.0,0.0,0.0,0.0,0.0,1,0.0,0.0,0.0,0.0,0.0,0.0,0.0,0.0,0,0.0,0.0,0.0,0.0,0.0,0.0,0.0,0.0,0.0,0.0,0.0,0.0,0.0,0.0,0.0,0.0,0.0,0.0,0.0,0.0,0.0,0.0,0.0,0.0,0.0,0.0,0.0,0.0,1.0,0.0,0,0.0,0.0,0.0,0.0,0.0,0.0,0.0,0.0,0.0,0.0,0.0,0.0,0.0,0.0,0.0
avenue_training_04_clip_000005,avenue,training,04,5,81,112,32,0,0,0.0,0.0,0.0,0.0,0.0,0.0,0,0.0,0.0,0.0,0.0,0.0,0.0,0.0,0.0,0.0,0.0,0.0,0.0,0.0,0.0,0.0,0.0,0.0,0.0,0.0,0.0,0.0,0.0,0.0,0.0,0.0,0,0.0,0.0,0.0,0.0,0.0,0.0,0.0,1,0.0,0.0,0.0,0.0,0.0,0.0,0.0,0.0,0,0.0,0.0,0.0,0.0,0.0,0.0,0.0,0.0,0.0,0.0,0.0,0.0,0.0,0.0,0.0,0.0,0.0,0.0,0.0,0.0,0.0,0.0,0.0,0.0,0.0,0.0,0.0,0.0,1.0,0.0,0,0.0,0.0,0.0,0.0,0.0,0.0,0.0,0.0,0.0,0.0,0.0,0.0,0.0,0.0,0.0
avenue_training_04_clip_000006,avenue,training,04,6,97,128,32,0,0,0.0,0.0,0.0,0.0,0.0,0.0,0,0.0,0.0,0.0,0.0,0.0,0.0,0.0,0.0,0.0,0.0,0.0,0.0,0.0,0.0,0.0,0.0,0.0,0.0,0.0,0.0,0.0,0.0,0.0,0.0,0.0,0,0.0,0.0,0.0,0.0,0.0,0.0,0.0,1,0.0,0.0,0.0,0.0,0.0,0.0,0.0,0.0,0,0.0,0.0,0.0,0.0,0.0,0.0,0.0,0.0,0.0,0.0,0.0,0.0,0.0,0.0,0.0,0.0,0.0,0.0,0.0,0.0,0.0,0.0,0.0,0.0,0.0,0.0,0.0,0.0,1.0,0.0,0,0.0,0.0,0.0,0.0,0.0,0.0,0.0,0.0,0.0,0.0,0.0,0.0,0.0,0.0,0.0
avenue_training_04_clip_000007,avenue,training,04,7,113,144,32,0,0,0.0,0.0,0.0,0.0,0.0,0.0,0,0.0,0.0,0.0,0.0,0.0,0.0,0.0,0.0,0.0,0.0,0.0,0.0,0.0,0.0,0.0,0.0,0.0,0.0,0.0,0.0,0.0,0.0,0.0,0.0,0.0,0,0.0,0.0,0.0,0.0,0.0,0.0,0.0,1,0.0,0.0,0.0,0.0,0.0,0.0,0.0,0.0,0,0.0,0.0,0.0,0.0,0.0,0.0,0.0,0.0,0.0,0.0,0.0,0.0,0.0,0.0,0.0,0.0,0.0,0.0,0.0,0.0,0.0,0.0,0.0,0.0,0.0,0.0,0.0,0.0,1.0,0.0,0,0.0,0.0,0.0,0.0,0.0,0.0,0.0,0.0,0.0,0.0,0.0,0.0,0.0,0.0,0.0
avenue_training_04_clip_000008,avenue,training,04,8,129,160,32,0,0,0.0,0.0,0.0,0.0,0.0,0.0,0,0.0,0.0,0.0,0.0,0.0,0.0,0.0,0.0,0.0,0.0,0.0,0.0,0.0,0.0,0.0,0.0,0.0,0.0,0.0,0.0,0.0,0.0,0.0,0.0,0.0,0,0.0,0.0,0.0,0.0,0.0,0.0,0.0,1,0.0,0.0,0.0,0.0,0.0,0.0,0.0,0.0,0,0.0,0.0,0.0,0.0,0.0,0.0,0.0,0.0,0.0,0.0,0.0,0.0,0.0,0.0,0.0,0.0,0.0,0.0,0.0,0.0,0.0,0.0,0.0,0.0,0.0,0.0,0.0,0.0,1.0,0.0,0,0.0,0.0,0.0,0.0,0.0,0.0,0.0,0.0,0.0,0.0,0.0,0.0,0.0,0.0,0.0
avenue_training_04_clip_000009,avenue,training,04,9,145,176,32,0,0,0.0,0.0,0.0,0.0,0.0,0.0,0,0.0,0.0,0.0,0.0,0.0,0.0,0.0,0.0,0.0,0.0,0.0,0.0,0.0,0.0,0.0,0.0,0.0,0.0,0.0,0.0,0.0,0.0,0.0,0.0,0.0,0,0.0,0.0,0.0,0.0,0.0,0.0,0.0,1,0.0,0.0,0.0,0.0,0.0,0.0,0.0,0.0,0,0.0,0.0,0.0,0.0,0.0,0.0,0.0,0.0,0.0,0.0,0.0,0.0,0.0,0.0,0.0,0.0,0.0,0.0,0.0,0.0,0.0,0.0,0.0,0.0,0.0,0.0,0.0,0.0,1.0,0.0,0,0.0,0.0,0.0,0.0,0.0,0.0,0.0,0.0,0.0,0.0,0.0,0.0,0.0,0.0,0.0
avenue_training_04_clip_000010,avenue,training,04,10,161,192,32,0,0,0.0,0.0,0.0,0.0,0.0,0.0,0,0.0,0.0,0.0,0.0,0.0,0.0,0.0,0.0,0.0,0.0,0.0,0.0,0.0,0.0,0.0,0.0,0.0,0.0,0.0,0.0,0.0,0.0,0.0,0.0,0.0,0,0.0,0.0,0.0,0.0,0.0,0.0,0.0,1,0.0,0.0,0.0,0.0,0.0,0.0,0.0,0.0,0,0.0,0.0,0.0,0.0,0.0,0.0,0.0,0.0,0.0,0.0,0.0,0.0,0.0,0.0,0.0,0.0,0.0,0.0,0.0,0.0,0.0,0.0,0.0,0.0,0.0,0.0,0.0,0.0,1.0,0.0,0,0.0,0.0,0.0,0.0,0.0,0.0,0.0,0.0,0.0,0.0,0.0,0.0,0.0,0.0,0.0
avenue_training_04_clip_000011,avenue,training,04,11,177,208,32,0,0,0.0,0.0,0.0,0.0,0.0,0.0,0,0.0,0.0,0.0,0.0,0.0,0.0,0.0,0.0,0.0,0.0,0.0,0.0,0.0,0.0,0.0,0.0,0.0,0.0,0.0,0.0,0.0,0.0,0.0,0.0,0.0,0,0.0,0.0,0.0,0.0,0.0,0.0,0.0,1,0.0,0.0,0.0,0.0,0.0,0.0,0.0,0.0,0,0.0,0.0,0.0,0.0,0.0,0.0,0.0,0.0,0.0,0.0,0.0,0.0,0.0,0.0,0.0,0.0,0.0,0.0,0.0,0.0,0.0,0.0,0.0,0.0,0.0,0.0,0.0,0.0,1.0,0.0,0,0.0,0.0,0.0,0.0,0.0,0.0,0.0,0.0,0.0,0.0,0.0,0.0,0.0,0.0,0.0
avenue_training_04_clip_000012,avenue,training,04,12,193,224,32,0,0,0.0,12121.419493,8361.154367,8361.154367,4600.889241,3760.265126,0,0.0,6.269849,300.637422,47.836234,46.733149,46.733149,45.630065,1.103084,0.0,0.0,0.583333,0.0,0.0,0.0,0.0,0.0,0.0,0.0,0.416667,0.0,53.75141,53.75141,53.75141,53.75141,0.0,0,0.0,1246.55776,898.562825,898.562825,550.567889,347.994935,1.0,0,0.0,0.0,0.0,0.0,0.0,0.0,0.0,0.0,1,0.0,0.0,430.522741,0.0,0.0,0.0,0.0,0.0,0.0,0.0,170.752102,0.0,0.0,0.0,1.0,0.0,0.0,0.0,0.0,0.0,0.0,0.0,0.396616,0.0,0.0,0.0,0.0,0.0,0.0,0.0,2,7.0,6.0,6.0,5.0,1.0,430.522741,300.637422,300.637422,170.752102,1.432033,1.0,1.0,0.567967,0.432033,129.88532
avenue_training_04_clip_000013,avenue,training,04,13,209,240,32,0,0,0.0,23451.40597,9832.996097,7839.142451,202.293516,9571.962754,0,0.0,-51.992734,267.788089,92.43697,62.874507,73.193985,12.673088,30.044183,0.294118,0.0,0.0,0.0,0.0,0.0,0.0,0.235294,0.0,0.0,0.470588,0.0,83.916036,43.622277,43.622278,3.328518,35.443744,0,0.0,1279.46522,603.089802,540.677583,51.53882,519.947296,1.0,0,0.0,0.0,0.0,0.0,0.0,0.0,0.0,0.0,1,317.132187,0.0,0.0,0.0,0.0,0.0,0.0,75.399509,0.0,0.0,339.310329,0.0,0.934638,0.0,0.0,0.0,0.0,0.0,0.0,0.222214,0.0,0.0,1.0,0.0,0.0,0.0,0.0,0.0,0.0,0.0,4,5.0,4.25,4.0,4.0,0.433013,637.870826,267.788089,196.265848,40.749833,2.381998,1.0,0.732914,0.152172,0.891464,238.723589
avenue_training_04_clip_000014,avenue,training,04,14,225,256,32,0,0,0.0,1256.499153,809.911064,809.911064,363.322975,446.588089,0,0.0,101.720993,54.718606,72.231216,38.497429,38.497429,4.763642,33.733787,0.727273,0.0,0.0,0.0,0.0,0.272727,0.0,0.0,0.0,0.0,0.0,0.0,75.897186,75.897186,75.897186,75.897185,1e-06,0,0.0,91.001374,83.13067,83.13067,75.259966,7.870704,1.0,0,0.0,0.0,0.0,0.0,0.0,0.0,0.0,0.0,1,59.30723,0.0,0.0,0.0,0.0,50.129983,0.0,0.0,0.0,0.0,0.0,0.0,1.0,0.0,0.0,0.0,0.0,0.845259,0.0,0.0,0.0,0.0,0.0,0.0,0.0,0.0,0.0,0.0,0.0,0.0,2,8.0,5.5,5.5,3.0,2.5,59.30723,54.718606,54.718606,50.129983,1.083859,1.0,1.0,0.916141,0.083859,4.588623
avenue_training_04_clip_000015,avenue,training,04,15,241,272,32,0,0,0.0,2015.105933,2015.105933,2015.105933,2015.105933,0.0,0,0.0,28.150255,124.578242,144.485204,144.485204,144.485204,144.485204,0.0,1.0,0.0,0.0,0.0,0.0,0.0,0.0,0.0,0.0,0.0,0.0,0.0,0.0,0.0,0.0,0.0,0.0,0,0.0,189.159324,189.159324,189.159324,189.159324,0.0,1.0,0,0.0,0.0,0.0,0.0,0.0,0.0,0.0,0.0,1,124.578242,0.0,0.0,0.0,0.0,0.0,0.0,0.0,0.0,0.0,0.0,0.0,1.0,0.0,0.0,0.0,0.0,0.0,0.0,0.0,0.0,0.0,0.0,0.0,0.0,0.0,0.0,0.0,0.0,0.0,1,4.0,4.0,4.0,4.0,0.0,124.578242,124.578242,124.578242,124.578242,1.0,1.0,1.0,1.0,0.0,0.0
avenue_training_04_clip_000016,avenue,training,04,16,257,288,32,0,0,0.0,0.0,0.0,0.0,0.0,0.0,0,0.0,0.0,0.0,0.0,0.0,0.0,0.0,0.0,0.0,0.0,0.0,0.0,0.0,0.0,0.0,0.0,0.0,0.0,0.0,0.0,0.0,0.0,0.0,0.0,0.0,0,0.0,0.0,0.0,0.0,0.0,0.0,0.0,1,0.0,0.0,0.0,0.0,0.0,0.0,0.0,0.0,0,0.0,0.0,0.0,0.0,0.0,0.0,0.0,0.0,0.0,0.0,0.0,0.0,0.0,0.0,0.0,0.0,0.0,0.0,0.0,0.0,0.0,0.0,0.0,0.0,0.0,0.0,0.0,0.0,1.0,0.0,0,0.0,0.0,0.0,0.0,0.0,0.0,0.0,0.0,0.0,0.0,0.0,0.0,0.0,0.0,0.0
avenue_training_04_clip_000017,avenue,training,04,17,273,304,32,0,0,0.0,11599.197175,5905.622947,4748.529478,1369.142188,4255.792541,0,0.0,-34.579744,163.048228,96.726791,64.355949,52.696052,43.645003,23.185972,0.266667,0.0,0.0,0.0,0.0,0.0,0.0,0.0,0.0,0.533333,0.2,0.0,49.254911,32.836608,26.522874,22.732038,11.712191,0,0.0,598.174306,317.751437,226.384628,128.695377,202.259794,1.0,0,0.0,0.0,0.0,0.0,0.0,0.0,0.0,0.0,1,288.862381,0.0,0.0,0.0,0.0,0.0,0.0,0.0,0.0,68.868263,131.414039,0.0,1.0,0.0,0.0,0.0,0.0,0.0,0.0,0.0,0.0,0.238412,0.454936,0.0,0.0,0.0,0.0,0.0,0.0,0.0,3,8.0,5.0,4.0,3.0,2.160247,288.862381,163.048228,131.414039,68.868263,1.771638,1.0,0.805983,0.42238,0.56766,92.555909
avenue_training_04_clip_000018,avenue,training,04,18,289,320,32,0,0,0.0,7722.248677,5418.242592,5769.899981,2640.190688,1620.564949,0,0.0,-1.848383,216.686798,85.257433,71.088984,75.407947,49.410612,11.467588,0.472222,0.0,0.0,0.0,0.0,0.0,0.0,0.0,0.0,0.0,0.0,0.527778,15.687032,12.661986,13.395511,8.823612,2.657443,0,0.0,1252.247979,862.326497,931.531046,304.715544,355.948032,0.988095,0,0.0,0.0,0.0,0.0,0.0,0.0,0.0,0.0,1,272.964118,0.0,0.0,0.0,0.0,0.0,0.0,0.0,0.0,0.0,0.0,160.409477,1.0,0.0,0.0,0.0,0.0,0.0,0.0,0.0,0.0,0.0,0.0,0.587658,0.071429,0.011905,0.0,0.0,0.011905,0.02662,6,20.0,12.0,12.5,3.0,5.887841,326.457736,216.686798,202.632824,102.224837,1.506588,1.0,0.935142,0.471763,0.332518,72.052269
avenue_training_04_clip_000019,avenue,training,04,19,305,336,32,0,0,0.0,15344.464537,8558.200154,8078.486553,2681.581009,4379.642874,0,0.0,-12.182499,330.502474,136.354562,96.438403,95.109162,59.054662,23.188229,0.0,0.064516,0.0,0.0,0.0,0.0,0.0,0.0,0.0,0.0,0.258065,0.677419,50.347814,20.458148,14.724363,6.993524,13.896093,0,0.0,1354.275637,913.406681,975.400559,208.041462,410.624333,1.0,0,0.0,0.0,0.0,0.0,0.0,0.0,0.0,0.0,1,0.0,346.077172,0.0,0.0,0.0,0.0,0.0,0.0,0.0,0.0,460.493355,261.61336,0.0,0.751536,0.0,0.0,0.0,0.0,0.0,0.0,0.0,0.0,1.0,0.568115,0.0,0.0,0.0,0.0,0.0,0.0,7,28.0,13.285714,14.0,3.0,8.030554,479.9795,330.502474,346.077172,144.513892,1.452272,1.0,1.047124,0.437255,0.399561,132.055822
avenue_training_04_clip_000020,avenue,training,04,20,321,352,32,0,0,0.0,12416.76986,5343.690431,5317.351602,131.464498,3313.640967,0,0.0,6.496907,195.313365,111.859627,82.499729,87.911922,11.945884,28.698637,0.463768,0.130435,0.0,0.0,0.0,0.0,0.0,0.0,0.0,0.0,0.057971,0.347826,61.131026,28.810403,21.865547,1.676262,19.07199,0,0.0,768.317968,512.252615,544.087219,67.31456,232.784263,1.0,0,0.0,0.0,0.0,0.0,0.0,0.0,0.0,0.0,1,207.603612,211.082278,0.0,0.0,0.0,0.0,0.0,0.0,0.0,0.0,281.896129,147.746337,0.736454,0.748795,0.0,0.0,0.0,0.0,0.0,0.0,0.0,0.0,1.0,0.524116,0.0,0.0,0.0,0.0,0.0,0.0,8,19.0,8.625,7.5,3.0,5.023383,281.896129,195.313365,198.150215,59.42669,1.443302,1.0,1.014525,0.304263,0.338027,66.021183
avenue_training_04_clip_000021,avenue,training,04,21,337,368,32,0,0,0.0,4434.600934,2402.503945,2445.712874,0.0,1730.577191,0,0.0,-8.375698,129.970324,73.168437,57.270538,60.42706,31.510067,12.990743,0.102941,0.0,0.0,0.0,0.0,0.0,0.0,0.0,0.0,0.0,0.088235,0.808824,42.120554,14.063425,8.274125,0.069722,14.849047,0,0.0,822.534194,384.031777,289.736732,55.901699,295.274177,1.0,0,0.0,0.0,0.0,0.0,0.0,0.0,0.0,0.0,1,81.52616,0.0,0.0,0.0,0.0,0.0,0.0,0.0,0.0,0.0,156.149174,153.540151,0.522104,0.0,0.0,0.0,0.0,0.0,0.0,0.0,0.0,0.0,1.0,0.983291,0.0,0.0,0.0,0.0,0.0,0.0,6,27.0,11.333333,6.5,3.0,9.213517,179.852751,129.970324,134.412899,55.901699,1.383799,1.0,1.034181,0.430111,0.328432,42.686361
avenue_training_04_clip_000022,avenue,training,04,22,353,384,32,0,0,0.0,25482.519743,10091.646909,6667.575391,1548.917111,9409.294044,0,0.0,12.547868,349.773782,171.607075,118.375622,118.584633,64.726145,45.724926,0.846154,0.076923,0.0,0.0,0.0,0.0,0.0,0.0,0.0,0.0,0.0,0.076923,30.62358,17.634244,17.634244,4.644907,11.864602,0,0.0,1109.617051,733.077177,751.634174,319.423308,368.299779,1.0,0,0.0,0.0,0.0,0.0,0.0,0.0,0.0,0.0,1,265.144544,580.361073,0.0,0.0,0.0,0.0,0.0,0.0,0.0,0.0,0.0,288.444966,0.456861,1.0,0.0,0.0,0.0,0.0,0.0,0.0,0.0,0.0,0.0,0.497009,0.0,0.0,0.0,0.0,0.0,0.0,4,20.0,9.75,8.0,3.0,7.189402,580.361073,349.773782,308.427796,201.878461,1.659247,1.0,0.881792,0.577169,0.402451,140.766769
avenue_training_04_clip_000023,avenue,training,04,23,369,400,32,0,0,0.0,13095.748036,4870.599268,3923.574199,303.1606,4481.687509,0,0.0,10.887356,199.555516,104.036243,76.896524,83.544507,27.289966,25.290845,0.343284,0.0,0.074627,0.0,0.0,0.0,0.0,0.0,0.0,0.0,0.0,0.58209,61.221381,25.262365,18.568744,9.098286,17.803919,0,0.0,1367.136606,607.673098,489.536261,39.528471,512.402501,1.0,0,0.0,0.0,0.0,0.0,0.0,0.0,0.0,0.0,1,178.633172,0.0,24.970952,0.0,0.0,0.0,0.0,0.0,0.0,0.0,0.0,271.6986,0.657468,0.0,0.091907,0.0,0.0,0.0,0.0,0.0,0.0,0.0,0.0,1.0,0.0,0.0,0.0,0.0,0.0,0.0,6,29.0,11.166667,5.5,3.0,9.822027,460.622936,199.555516,178.633172,24.970952,2.308245,1.0,0.895155,0.125133,0.721164,143.912284
avenue_training_04_clip_000024,avenue,training,04,24,385,416,32,0,0,0.0,16826.322373,5449.881125,3511.355348,198.591091,4856.821388,0,0.0,8.65042,223.839882,150.368463,70.600263,69.699182,20.746003,34.817724,0.335938,0.195312,0.0,0.054688,0.0,0.03125,0.0,0.0,0.0625,0.0,0.039062,0.28125,157.518912,55.06094,38.133212,0.817611,50.15162,0,0.0,1328.533026,572.772853,426.969399,55.901699,405.444155,1.0,0,0.0,0.0,0.0,0.0,0.0,0.0,0.0,0.0,1,319.104204,207.891914,0.0,41.295863,0.0,217.632892,0.0,0.0,225.388735,0.0,41.3337,280.971111,1.0,0.651486,0.0,0.129412,0.0,0.682012,0.0,0.0,0.706317,0.0,0.12953,0.8805,0.0,0.0,0.0,0.0,0.0,0.0,12,30.0,10.666667,5.5,3.0,8.975275,580.600379,223.839882,203.836346,41.295863,2.59382,1.0,0.910635,0.184488,0.669913,149.95328
avenue_training_04_clip_000025,avenue,training,04,25,401,432,32,0,0,0.0,32603.055114,10298.859343,7421.437653,1246.427962,8626.646733,0,0.0,6.138345,324.966573,156.028457,86.084042,79.798127,41.698134,35.900747,0.231156,0.211055,0.110553,0.0,0.0,0.0,0.0,0.0,0.0,0.015075,0.105528,0.326633,88.647529,31.632055,27.49618,3.762947,23.471628,0,0.0,1366.622205,898.552875,919.54546,150.519932,388.14061,1.0,0,0.0,0.0,0.0,0.0,0.0,0.0,0.0,0.0,1,270.255087,173.820735,444.908946,0.0,0.0,0.0,0.0,0.0,0.0,698.574418,307.521203,342.286156,0.386867,0.248822,0.636881,0.0,0.0,0.0,0.0,0.0,0.0,1.0,0.440213,0.489978,0.0,0.0,0.0,0.0,0.0,0.0,16,31.0,12.4375,9.5,3.0,9.77221,714.561102,324.966573,291.313946,93.150502,2.198876,1.0,0.896443,0.286646,0.548009,178.084586
avenue_training_04_clip_000026,avenue,training,04,26,417,448,32,0,0,0.0,32431.20247,6476.703734,4053.669864,347.404947,7281.842993,0,0.0,-11.487875,274.905019,113.587372,64.610306,73.154966,6.749748,28.233327,0.471698,0.026415,0.018868,0.026415,0.0,0.0,0.015094,0.0,0.011321,0.026415,0.056604,0.34717,159.535462,45.991278,31.320344,3.341217,40.147487,0,0.0,1364.562659,659.753316,530.624632,63.737744,487.041214,0.984058,0,0.0,0.0,0.0,0.0,0.0,0.0,0.0,0.0,1,263.076632,157.903624,40.439496,482.962376,0.0,0.0,88.908651,0.0,607.288928,253.726651,260.976017,265.584806,0.433198,0.260014,0.06659,0.795276,0.0,0.0,0.146403,0.0,1.0,0.417802,0.429739,0.437329,0.333333,0.015942,0.0,0.0,0.015942,0.068008,23,31.0,11.521739,6.0,3.0,10.184684,715.938609,274.905019,249.986142,39.714302,2.604313,1.0,0.909355,0.144466,0.716913,197.083045
avenue_training_04_clip_000027,avenue,training,04,27,433,464,32,0,0,0.0,17200.06015,7581.393692,7112.645946,120.364002,3924.961693,0,0.0,23.976015,312.578904,155.620409,88.895359,84.363374,63.105985,20.168161,0.375887,0.117021,0.035461,0.035461,0.0,0.0,0.0,0.0,0.0,0.0,0.109929,0.326241,83.95584,31.227799,29.178556,3.88001,23.317524,0,0.0,1340.009328,849.52422,956.066159,67.31456,345.478021,1.0,0,0.0,0.0,0.0,0.0,0.0,0.0,0.0,0.0,1,278.879491,460.849059,254.690551,487.68364,0.0,0.0,0.0,0.0,0.0,0.0,156.140022,284.851242,0.571845,0.944975,0.522245,1.0,0.0,0.0,0.0,0.0,0.0,0.0,0.320167,0.58409,0.0,0.0,0.0,0.0,0.0,0.0,19,31.0,14.842105,9.0,3.0,11.075165,620.668547,312.578904,294.387423,64.90728,1.985638,1.0,0.941802,0.207651,0.398522,124.569649
avenue_training_04_clip_000028,avenue,training,04,28,449,480,32,0,0,0.0,30398.697043,5920.935504,5195.829301,0.0,5775.226208,0,0.0,8.531458,241.150164,122.673283,69.778667,68.189126,0.0,29.925251,0.237237,0.195195,0.081081,0.0,0.009009,0.0,0.0,0.009009,0.0,0.015015,0.042042,0.411411,147.75416,37.660737,25.10639,1.553826,34.196188,0,0.0,1373.69256,676.872006,648.217596,62.5,438.840398,0.998377,0,0.0,0.0,0.0,0.0,0.0,0.0,0.0,0.0,1,204.338498,245.14747,112.472388,0.0,661.006949,0.0,0.0,547.593409,0.0,210.060483,129.227559,291.269954,0.309132,0.37087,0.170153,0.0,1.0,0.0,0.0,0.828423,0.0,0.317789,0.195501,0.440646,0.045455,0.001623,0.0,0.0,0.001623,0.008435,28,31.0,11.892857,7.0,3.0,9.810123,661.006949,241.150164,214.393595,51.014235,2.741059,1.0,0.889046,0.211546,0.591975,142.754994
avenue_training_04_clip_000029,avenue,training,04,29,465,496,32,0,0,0.0,24943.050377,5849.965035,5136.522779,678.110593,4826.861832,0,0.0,12.225313,257.001797,113.381328,72.179023,73.313027,17.864993,27.035728,0.213559,0.128814,0.159322,0.010169,0.0,0.0,0.0,0.0,0.010169,0.0,0.064407,0.413559,103.52034,38.056473,28.535446,2.589541,26.402629,0,0.0,1348.204825,660.972996,646.746666,115.244306,336.547684,1.0,0,0.0,0.0,0.0,0.0,0.0,0.0,0.0,0.0,1,178.065675,268.567201,176.752432,487.783944,0.0,0.0,0.0,0.0,641.382936,0.0,355.321365,199.874508,0.277628,0.418731,0.27558,0.760519,0.0,0.0,0.0,0.0,1.0,0.0,0.553993,0.311631,0.0,0.0,0.0,0.0,0.0,0.0,23,31.0,12.826087,11.0,3.0,8.966858,643.045302,257.001797,203.786412,76.898385,2.502104,1.0,0.792938,0.299213,0.59964,154.108537
avenue_training_04_clip_000030,avenue,training,04,30,481,512,32,0,0,0.0,16281.774936,7245.276731,6423.553918,463.822166,3976.287287,0,0.0,-1.933112,288.31123,142.650955,86.972895,85.452666,43.157032,23.109845,0.185484,0.072581,0.03629,0.0,0.0,0.0,0.0,0.0,0.0,0.012097,0.068548,0.625,85.812421,22.815571,14.940188,0.562071,25.111151,0,0.0,1352.081728,858.181771,854.778209,45.069391,369.901336,1.0,0,0.0,0.0,0.0,0.0,0.0,0.0,0.0,0.0,1,314.507105,218.247393,309.738416,0.0,0.0,0.0,0.0,0.0,0.0,35.792948,266.655806,314.942595,0.998617,0.692975,0.983476,0.0,0.0,0.0,0.0,0.0,0.0,0.113649,0.846681,1.0,0.0,0.0,0.0,0.0,0.0,0.0,18,31.0,13.777778,12.0,3.0,9.36041,838.537743,288.31123,274.422541,35.792948,2.908446,1.0,0.951828,0.124147,0.539435,155.525172
avenue_training_04_clip_000031,avenue,training,04,31,497,528,32,0,0,0.0,19985.416003,6861.866534,5302.021015,139.308465,5041.914687,0,0.0,-2.027346,262.659703,173.04856,79.752085,79.613873,9.162347,39.044293,0.12963,0.259259,0.055556,0.0,0.0,0.0,0.0,0.013889,0.018519,0.0,0.152778,0.37037,132.158592,43.234468,38.92181,7.73576,33.848434,0,0.0,1334.927432,683.53809,628.117226,72.886899,409.284012,0.998413,0,0.0,0.0,0.0,0.0,0.0,0.0,0.0,0.0,1,277.784131,213.562418,300.619059,0.0,0.0,0.0,0.0,200.454201,112.471543,0.0,305.093684,257.063317,0.910488,0.69999,0.985334,0.0,0.0,0.0,0.0,0.657025,0.368646,0.0,1.0,0.842572,0.033333,0.001587,0.0,0.0,0.001587,0.007099,21,31.0,10.285714,6.0,3.0,8.960989,734.071202,262.659703,215.885912,70.100729,2.794761,1.0,0.821922,0.266888,0.625349,164.253986
avenue_training_04_clip_000032,avenue,training,04,32,513,544,32,0,0,0.0,25498.856868,8158.599335,7827.259522,75.560247,6373.155219,0,0.0,4.814263,321.532402,113.496931,74.314497,76.9345,19.622717,21.923581,0.458564,0.176796,0.0,0.0,0.0,0.0,0.0,0.0,0.0,0.0,0.077348,0.287293,64.617589,28.572254,28.203972,1.76335,18.275821,0,0.0,1368.05062,816.522302,963.797826,79.056942,462.334774,1.0,0,0.0,0.0,0.0,0.0,0.0,0.0,0.0,0.0,1,293.06461,290.206368,0.0,0.0,0.0,0.0,0.0,0.0,0.0,0.0,409.420253,323.471606,0.715804,0.708823,0.0,0.0,0.0,0.0,0.0,0.0,0.0,0.0,1.0,0.790072,0.0,0.0,0.0,0.0,0.0,0.0,17,31.0,10.647059,6.0,3.0,9.336463,752.248842,321.532402,259.399702,77.545737,2.339574,1.0,0.806761,0.241175,0.611498,196.616313
avenue_training_04_clip_000033,avenue,training,04,33,529,560,32,0,0,0.0,29203.174313,8486.149667,6911.852279,1254.107944,6997.330258,0,0.0,-12.224822,345.67508,166.567203,92.452811,87.776333,18.434949,36.101455,0.465116,0.023256,0.02907,0.0,0.0,0.0,0.0,0.017442,0.0,0.023256,0.215116,0.226744,131.992652,43.03788,33.580776,4.957656,34.031996,0,0.0,1365.478396,798.830061,871.375331,106.066017,412.440094,1.0,0,0.0,0.0,0.0,0.0,0.0,0.0,0.0,0.0,1,372.396938,286.679414,80.32143,0.0,0.0,0.0,0.0,80.983858,0.0,620.439201,414.01268,333.502243,0.600215,0.462059,0.129459,0.0,0.0,0.0,0.0,0.130527,0.0,1.0,0.66729,0.537526,0.0,0.0,0.0,0.0,0.0,0.0,14,31.0,12.285714,5.5,3.0,11.183078,738.85418,345.67508,333.502243,80.32143,2.137424,1.0,0.964785,0.232361,0.573856,198.367717
avenue_training_04_clip_000034,avenue,training,04,34,545,576,32,0,0,0.0,18440.071867,8961.467459,6939.153375,1449.617466,4585.384603,0,0.0,-4.938004,327.154947,173.996497,85.340159,83.459614,18.814386,37.071815,0.197605,0.071856,0.023952,0.017964,0.0,0.0,0.017964,0.0,0.0,0.041916,0.113772,0.51497,150.779121,45.929233,38.228102,0.345112,41.256124,0,0.0,1252.996409,730.404033,721.543484,128.695377,285.310273,1.0,0,0.0,0.0,0.0,0.0,0.0,0.0,0.0,0.0,1,314.897261,138.76302,300.001141,417.023943,0.0,0.0,458.940219,0.0,0.0,171.421297,379.43749,368.569928,0.68614,0.302355,0.653682,0.908667,0.0,0.0,1.0,0.0,0.0,0.373516,0.826769,0.803089,0.0,0.0,0.0,0.0,0.0,0.0,17,30.0,9.823529,4.0,3.0,10.065873,733.919025,327.154947,278.734188,90.038911,2.243338,1.0,0.851994,0.275218,0.51342,167.967965
avenue_training_04_clip_000035,avenue,training,04,35,561,592,32,0,0,0.0,23085.595023,8494.609017,8374.376798,24.552787,6592.200635,0,0.0,-13.930424,267.096197,107.496429,72.352798,78.294141,1.84761,32.271129,0.221154,0.0,0.076923,0.0,0.0,0.0,0.0,0.028846,0.0,0.057692,0.048077,0.567308,131.455703,39.073453,22.668063,2.160602,40.700266,0,0.0,1290.954105,727.358778,872.94372,80.039053,439.147185,1.0,0,0.0,0.0,0.0,0.0,0.0,0.0,0.0,0.0,1,175.437469,0.0,478.49523,0.0,0.0,0.0,0.0,130.063761,0.0,425.039479,77.90453,252.85624,0.366644,0.0,1.0,0.0,0.0,0.0,0.0,0.271818,0.0,0.888284,0.162812,0.52844,0.0,0.0,0.0,0.0,0.0,0.0,12,24.0,8.666667,5.0,3.0,7.475887,529.026461,267.096197,279.726671,77.90453,1.980659,1.0,1.047288,0.291672,0.538287,143.774488
avenue_training_04_clip_000036,avenue,training,04,36,577,608,32,0,0,0.0,23518.551933,7344.581025,7235.113845,361.652097,6249.242629,0,0.0,-15.139805,276.855258,114.288608,70.153011,85.542822,19.653824,37.492441,0.183908,0.0,0.057471,0.0,0.0,0.0,0.0,0.034483,0.0,0.091954,0.103448,0.528736,121.143077,39.987042,33.062874,4.361368,33.882079,0,0.0,1349.189572,634.478988,637.857752,80.039053,419.807691,1.0,0,0.0,0.0,0.0,0.0,0.0,0.0,0.0,0.0,1,177.850953,0.0,121.578046,0.0,0.0,0.0,0.0,760.545794,0.0,346.229427,268.070279,256.054102,0.233846,0.0,0.159856,0.0,0.0,0.0,0.0,1.0,0.0,0.455238,0.352471,0.336672,0.0,0.0,0.0,0.0,0.0,0.0,12,23.0,7.25,5.5,3.0,5.34049,760.545794,276.855258,252.487135,65.788937,2.747088,1.0,0.911983,0.237629,0.649187,179.730717
avenue_training_04_clip_000037,avenue,training,04,37,593,624,32,0,0,0.0,30729.933262,6903.334677,3749.681596,350.051264,9443.641291,0,0.0,7.611187,197.87735,85.934949,68.565857,72.32604,34.823431,17.337515,0.311475,0.065574,0.0,0.0,0.04918,0.0,0.0,0.0,0.0,0.081967,0.0,0.491803,129.52276,39.782798,23.341579,4.509586,41.65897,0,0.0,1277.998924,617.657504,532.241722,72.886899,515.292265,1.0,0,0.0,0.0,0.0,0.0,0.0,0.0,0.0,0.0,1,288.308547,443.035113,0.0,0.0,145.068038,0.0,0.0,0.0,0.0,69.322487,0.0,159.321154,0.650758,1.0,0.0,0.0,0.327441,0.0,0.0,0.0,0.0,0.156472,0.0,0.359613,0.0,0.0,0.0,0.0,0.0,0.0,8,19.0,7.625,6.0,3.0,4.871794,443.035113,197.87735,196.014135,60.717839,2.238938,1.0,0.990584,0.306846,0.641428,126.924099
avenue_training_04_clip_000038,avenue,training,04,38,609,640,32,0,0,0.0,7101.396073,3974.612807,3988.671215,479.296445,2701.118687,0,0.0,-16.713868,203.56396,116.565051,73.073245,69.856547,30.244699,27.074683,0.104167,0.125,0.0,0.0,0.0,0.0,0.0,0.0,0.0,0.0,0.1875,0.583333,49.30526,25.460147,28.643472,1.23199,18.407391,0,0.0,1201.626502,523.079802,355.434197,70.710678,396.654036,1.0,0,0.0,0.0,0.0,0.0,0.0,0.0,0.0,0.0,1,136.468525,236.791805,0.0,0.0,0.0,0.0,0.0,0.0,0.0,0.0,263.492197,160.569519,0.517922,0.898667,0.0,0.0,0.0,0.0,0.0,0.0,0.0,0.0,1.0,0.60939,0.0,0.0,0.0,0.0,0.0,0.0,6,25.0,8.0,5.0,3.0,7.659417,387.44628,203.56396,188.16496,61.124749,1.903315,1.0,0.924353,0.300273,0.519087,105.667302
avenue_training_04_clip_000039,avenue,training,04,39,625,656,32,0,0,0.0,13534.99589,4963.999869,4958.073334,636.336463,3469.620582,0,0.0,18.24106,186.390159,97.332677,58.420512,60.445909,21.670448,22.151913,0.311111,0.0,0.0,0.0,0.0,0.077778,0.0,0.0,0.0,0.111111,0.0,0.5,142.988963,62.194764,43.205921,7.104731,49.50709,0,0.0,1089.294496,572.285584,577.981401,75.0,357.0867,1.0,0,0.0,0.0,0.0,0.0,0.0,0.0,0.0,0.0,1,190.418062,0.0,0.0,0.0,0.0,116.360113,0.0,0.0,0.0,262.713569,0.0,179.509316,0.724812,0.0,0.0,0.0,0.0,0.442916,0.0,0.0,0.0,1.0,0.0,0.683289,0.0,0.0,0.0,0.0,0.0,0.0,9,31.0,10.0,6.0,3.0,8.563488,272.830365,186.390159,212.288807,58.031028,1.463759,1.0,1.138949,0.311342,0.381145,71.041618
avenue_training_04_clip_000040,avenue,training,04,40,641,672,32,0,0,0.0,10884.482618,5236.700442,4487.067274,598.586234,3410.776798,0,0.0,-0.294682,208.699455,98.688466,60.125334,62.544884,10.491477,31.871904,0.325,0.075,0.0,0.0375,0.0,0.0,0.0,0.0,0.0625,0.0,0.25,0.25,118.739011,42.741365,32.517497,5.992607,40.46265,0,0.0,1284.644893,635.214078,571.319744,72.886899,387.417091,0.977778,0,0.0,0.0,0.0,0.0,0.0,0.0,0.0,0.0,1,170.903111,219.613368,0.0,116.467264,0.0,0.0,0.0,0.0,194.32349,0.0,193.019602,310.022772,0.55126,0.708378,0.0,0.375673,0.0,0.0,0.0,0.0,0.626804,0.0,0.622598,1.0,0.2,0.022222,0.0,0.0,0.022222,0.062854,9,22.0,8.888889,7.0,3.0,5.72411,399.965395,208.699455,198.01181,44.414079,1.916466,1.0,0.948789,0.212814,0.454407,94.834579
avenue_training_04_clip_000041,avenue,training,04,41,657,688,32,0,0,0.0,10722.182014,6589.791145,7091.795023,169.181645,2953.709766,0,0.0,6.143815,244.704262,164.517518,88.249097,81.304723,4.731161,47.878667,0.493671,0.113924,0.0,0.0,0.0,0.0,0.0,0.0,0.0,0.0,0.050633,0.341772,39.234682,18.349793,20.739711,2.74737,11.93613,0,0.0,1147.279391,543.416225,447.785845,76.034532,302.29522,1.0,0,0.0,0.0,0.0,0.0,0.0,0.0,0.0,0.0,1,198.050141,353.10976,0.0,0.0,0.0,0.0,0.0,0.0,0.0,0.0,218.934347,243.229396,0.560874,1.0,0.0,0.0,0.0,0.0,0.0,0.0,0.0,0.0,0.620018,0.688821,0.0,0.0,0.0,0.0,0.0,0.0,10,23.0,7.9,4.0,3.0,6.949101,567.628193,244.704262,213.328106,71.178177,2.31965,1.0,0.871779,0.290874,0.533273,130.494064
avenue_training_04_clip_000042,avenue,training,04,42,673,704,32,0,0,0.0,12905.923382,4948.226143,3568.569186,36.576217,3709.213874,0,0.0,5.37429,221.08971,130.468762,72.520337,66.623685,9.462322,38.317794,0.082474,0.164948,0.0,0.061856,0.0,0.0,0.0,0.0,0.0,0.0,0.072165,0.618557,85.749226,33.184122,24.544959,9.723495,21.216699,0,0.0,1115.865695,553.844213,597.52092,107.529066,367.942584,1.0,0,0.0,0.0,0.0,0.0,0.0,0.0,0.0,0.0,1,297.799774,199.691812,0.0,84.269781,0.0,0.0,0.0,0.0,0.0,0.0,273.546409,220.688162,1.0,0.670557,0.0,0.282975,0.0,0.0,0.0,0.0,0.0,0.0,0.918558,0.741062,0.0,0.0,0.0,0.0,0.0,0.0,11,30.0,8.818182,6.0,3.0,7.468944,467.458213,221.08971,209.029186,79.634606,2.114337,1.0,0.94545,0.360191,0.548851,121.345222
avenue_training_04_clip_000043,avenue,training,04,43,689,720,32,0,0,0.0,20509.41501,5882.221169,5418.764692,302.030723,5317.94219,0,0.0,19.971841,237.226832,94.607485,59.674306,57.289966,24.942672,20.250608,0.36,0.112,0.0,0.056,0.0,0.04,0.0,0.0,0.024,0.0,0.16,0.248,137.133667,53.03959,29.636896,0.975524,46.274019,0,0.0,1226.593352,680.995853,650.0,123.743687,385.766343,1.0,0,0.0,0.0,0.0,0.0,0.0,0.0,0.0,0.0,1,187.341451,183.155977,0.0,97.602948,0.0,329.095748,0.0,0.0,566.812851,0.0,226.919026,233.809249,0.330517,0.323133,0.0,0.172196,0.0,0.580607,0.0,0.0,1.0,0.0,0.400342,0.412498,0.0,0.0,0.0,0.0,0.0,0.0,11,31.0,11.363636,7.0,3.0,9.118141,566.812851,237.226832,233.809249,97.602948,2.389329,1.0,0.985594,0.411433,0.533415,126.540429
avenue_training_04_clip_000044,avenue,training,04,44,705,736,32,0,0,0.0,14392.61012,4780.011632,4251.939803,1246.92378,3334.571483,0,0.0,33.202053,206.11789,130.934949,70.000173,66.648625,26.743538,29.431457,0.475806,0.056452,0.032258,0.0,0.056452,0.040323,0.0,0.0,0.0,0.0,0.032258,0.306452,124.975498,40.293091,28.826178,0.331897,33.517201,0,0.0,1363.015957,466.967472,340.597922,107.529066,326.976557,1.0,0,0.0,0.0,0.0,0.0,0.0,0.0,0.0,0.0,1,202.840404,198.812363,112.833306,0.0,141.91103,141.991123,0.0,0.0,0.0,0.0,191.757371,294.017801,0.689892,0.676192,0.383764,0.0,0.482661,0.482934,0.0,0.0,0.0,0.0,0.652196,1.0,0.0,0.0,0.0,0.0,0.0,0.0,13,30.0,9.538462,5.0,3.0,8.034688,515.211751,206.11789,179.074187,72.514533,2.499597,1.0,0.868795,0.351811,0.554793,114.352669
avenue_training_04_clip_000045,avenue,training,04,45,721,752,32,0,0,0.0,14867.870222,5751.994921,4906.757102,307.419693,4395.791531,0,0.0,-9.549439,193.971266,117.03086,67.681194,71.154978,8.990715,30.594347,0.659091,0.106061,0.0,0.0,0.0,0.0,0.030303,0.0,0.0,0.0,0.030303,0.174242,153.146819,33.869513,20.66791,3.965991,37.470828,0,0.0,1155.692433,549.060928,486.216258,76.034532,352.12474,1.0,0,0.0,0.0,0.0,0.0,0.0,0.0,0.0,0.0,1,176.52806,236.887428,0.0,0.0,0.0,0.0,92.872928,0.0,0.0,0.0,130.473815,255.112167,0.691963,0.928562,0.0,0.0,0.0,0.0,0.364047,0.0,0.0,0.0,0.511437,1.0,0.0,0.0,0.0,0.0,0.0,0.0,13,22.0,10.153846,6.0,3.0,7.036675,329.504776,193.971266,163.50478,69.886138,1.69873,1.0,0.842933,0.360291,0.42092,81.646459
avenue_training_04_clip_000046,avenue,training,04,46,737,768,32,0,0,0.0,27500.0,6672.202433,3959.816286,256.829505,7200.655917,0,0.0,-1.925391,211.397658,108.434949,62.894383,57.75313,28.991962,27.20425,0.320988,0.259259,0.0,0.074074,0.0,0.0,0.037037,0.0,0.037037,0.0,0.0,0.271605,155.889408,50.904947,36.740698,0.194693,48.346739,0,0.0,1191.899744,545.981113,516.399903,27.95085,395.634958,1.0,0,0.0,0.0,0.0,0.0,0.0,0.0,0.0,0.0,1,186.524765,220.612745,0.0,251.792203,0.0,0.0,142.850776,0.0,612.5,0.0,0.0,123.685288,0.30453,0.360184,0.0,0.411089,0.0,0.0,0.233226,0.0,1.0,0.0,0.0,0.201935,0.0,0.0,0.0,0.0,0.0,0.0,12,22.0,6.75,5.0,3.0,5.214163,612.5,211.397658,161.954336,22.81426,2.897383,1.0,0.766112,0.107921,0.735132,155.405121
avenue_training_04_clip_000047,avenue,training,04,47,753,784,32,0,0,0.0,10476.497923,6292.249285,6698.814831,950.498306,3137.350358,0,0.0,20.9969,222.882712,143.972627,77.650169,73.076625,4.763642,40.133588,0.063291,0.493671,0.0,0.0,0.0,0.037975,0.0,0.0,0.0,0.075949,0.050633,0.278481,156.621279,53.616994,35.981231,1.412204,44.501128,0,0.0,1201.041215,607.69444,501.404278,132.582521,351.984703,1.0,0,0.0,0.0,0.0,0.0,0.0,0.0,0.0,0.0,1,244.506414,265.057187,0.0,0.0,0.0,131.509966,0.0,0.0,0.0,74.071117,258.271763,251.206795,0.922467,1.0,0.0,0.0,0.0,0.496157,0.0,0.0,0.0,0.279453,0.9744,0.947746,0.0,0.0,0.0,0.0,0.0,0.0,9,26.0,8.777778,6.0,3.0,6.827685,328.115371,222.882712,244.506414,74.071117,1.472144,1.0,1.097018,0.332332,0.355768,79.294462
avenue_training_04_clip_000048,avenue,training,04,48,769,800,32,0,0,0.0,17175.683607,6127.993793,5419.689973,1351.6468,4544.059939,0,0.0,-8.156896,262.287918,111.63129,62.28626,58.884807,29.986665,22.735023,0.316456,0.0,0.075949,0.0,0.0,0.0,0.0,0.0,0.0,0.050633,0.177215,0.379747,91.964082,32.89113,23.264013,1.140899,28.474526,0,0.0,1227.930169,698.554432,667.060124,226.384628,350.44646,1.0,0,0.0,0.0,0.0,0.0,0.0,0.0,0.0,0.0,1,193.891773,0.0,124.751361,0.0,0.0,0.0,0.0,0.0,0.0,421.949274,277.04405,270.166722,0.459514,0.0,0.295655,0.0,0.0,0.0,0.0,0.0,0.0,1.0,0.656581,0.640282,0.0,0.0,0.0,0.0,0.0,0.0,8,25.0,9.875,6.5,4.0,6.584784,421.949274,262.287918,276.601684,124.751361,1.608726,1.0,1.054572,0.475628,0.384067,100.736241
avenue_training_04_clip_000049,avenue,training,04,49,785,816,32,0,0,0.0,19775.86831,5452.179088,5133.829817,435.765226,4723.870798,0,0.0,40.030912,221.805056,109.873625,55.938978,57.83343,3.17983,33.85217,0.03876,0.379845,0.131783,0.0,0.023256,0.023256,0.0,0.0,0.0,0.0,0.085271,0.317829,135.237927,48.964641,43.191795,3.340544,40.259264,0,0.0,1047.690913,521.404216,475.65744,62.5,306.780388,1.0,0,0.0,0.0,0.0,0.0,0.0,0.0,0.0,0.0,1,553.289988,155.821351,254.769142,0.0,201.270634,63.017266,0.0,0.0,0.0,0.0,227.568493,238.96358,1.0,0.281627,0.460462,0.0,0.363771,0.113896,0.0,0.0,0.0,0.0,0.411301,0.431896,0.0,0.0,0.0,0.0,0.0,0.0,13,31.0,9.923077,7.0,3.0,8.931031,553.289988,221.805056,203.840907,53.784695,2.494488,1.0,0.919009,0.242486,0.542413,120.309832
avenue_training_04_clip_000050,avenue,training,04,50,801,832,32,0,0,0.0,11739.294993,4265.622863,3271.210882,676.077725,2984.430929,0,0.0,-15.574863,283.098929,177.126562,68.824939,67.034651,4.573921,41.740579,0.0,0.557047,0.0,0.0,0.040268,0.0,0.020134,0.0,0.04698,0.020134,0.0,0.315436,152.675854,59.445816,52.72088,2.292337,47.209786,0,0.0,1138.598371,669.166896,594.5718,103.077641,359.534344,1.0,0,0.0,0.0,0.0,0.0,0.0,0.0,0.0,0.0,1,0.0,251.019334,0.0,0.0,354.341839,0.0,89.556086,0.0,268.004748,986.879757,0.0,177.35539,0.0,0.254357,0.0,0.0,0.359053,0.0,0.090747,0.0,0.271568,1.0,0.0,0.179713,0.0,0.0,0.0,0.0,0.0,0.0,13,31.0,11.461538,6.0,3.0,9.904276,986.879757,283.098929,259.424024,89.556086,3.485989,1.0,0.916372,0.316342,0.786733,222.72325
avenue_training_04_clip_000051,avenue,training,04,51,817,848,32,0,0,0.0,23953.508405,6040.146678,4739.51545,305.009175,5688.393249,0,0.0,29.40906,233.165416,134.09123,70.227784,70.845263,15.481878,29.584189,0.327586,0.327586,0.074713,0.0,0.0,0.0,0.0,0.0,0.0,0.0,0.0,0.270115,51.65713,23.282225,18.749711,1.724388,14.964068,0,0.0,1281.90532,627.70992,583.630876,67.31456,353.101652,1.0,0,0.0,0.0,0.0,0.0,0.0,0.0,0.0,0.0,1,159.102863,225.103388,291.939605,0.0,0.0,0.0,0.0,0.0,0.0,0.0,0.0,308.578185,0.5156,0.729486,0.94608,0.0,0.0,0.0,0.0,0.0,0.0,0.0,0.0,1.0,0.0,0.0,0.0,0.0,0.0,0.0,15,31.0,11.6,9.0,3.0,8.333067,534.971868,233.165416,251.863589,59.180982,2.294388,1.0,1.080193,0.253815,0.49405,115.195399
avenue_training_04_clip_000052,avenue,training,04,52,833,864,32,0,0,0.0,8773.772665,4141.899887,4112.721808,25.863291,2905.65976,0,0.0,12.844527,194.24822,153.434949,65.175853,64.850963,9.462322,35.118728,0.182432,0.486486,0.0,0.0,0.0,0.040541,0.0,0.0,0.0,0.033784,0.087838,0.168919,138.046267,36.204225,21.760212,0.103931,36.847939,0,0.0,1320.037878,536.027207,379.77441,76.034532,404.444608,1.0,0,0.0,0.0,0.0,0.0,0.0,0.0,0.0,0.0,1,201.968056,137.830793,0.0,0.0,0.0,112.217562,0.0,0.0,0.0,468.23505,139.9889,249.924635,0.431339,0.294362,0.0,0.0,0.0,0.239661,0.0,0.0,0.0,1.0,0.298971,0.533759,0.0,0.0,0.0,0.0,0.0,0.0,14,31.0,10.571429,8.0,3.0,8.121526,468.23505,194.24822,158.007377,60.513839,2.410499,1.0,0.81343,0.311528,0.569613,110.646268
avenue_training_04_clip_000053,avenue,training,04,53,849,880,32,0,0,0.0,17588.183601,6501.993207,5209.867474,586.529492,4302.030881,0,0.0,27.566457,252.494869,118.360153,63.861874,61.883184,14.036243,31.56214,0.517241,0.213793,0.096552,0.027586,0.02069,0.0,0.0,0.02069,0.0,0.0,0.0,0.103448,151.370939,38.630564,20.548335,0.710527,42.351526,0,0.0,1365.306742,671.301352,625.124988,75.0,326.817892,1.0,0,0.0,0.0,0.0,0.0,0.0,0.0,0.0,0.0,1,276.187131,211.387588,177.362591,238.929799,143.934608,0.0,0.0,412.845839,0.0,0.0,0.0,216.102971,0.668984,0.512025,0.42961,0.578739,0.34864,0.0,0.0,1.0,0.0,0.0,0.0,0.523447,0.0,0.0,0.0,0.0,0.0,0.0,15,31.0,9.666667,7.0,3.0,8.332,459.292738,252.494869,216.102971,63.26941,1.819018,1.0,0.855871,0.250577,0.454221,114.688377
avenue_training_04_clip_000054,avenue,training,04,54,865,896,32,0,0,0.0,11771.748402,4619.641429,4017.522062,356.775517,3316.534186,0,0.0,4.91394,214.0773,146.733084,65.627617,71.132829,23.198591,34.870242,0.49505,0.059406,0.108911,0.0,0.0,0.0,0.0,0.024752,0.029703,0.0,0.039604,0.242574,127.677643,34.195225,19.361215,0.857092,33.322933,0,0.0,1185.392867,554.640781,572.890151,51.53882,376.463043,1.0,0,0.0,0.0,0.0,0.0,0.0,0.0,0.0,0.0,1,236.631397,83.622509,200.226677,0.0,0.0,0.0,0.0,92.093143,176.45482,0.0,267.083946,303.967994,0.778475,0.275103,0.65871,0.0,0.0,0.0,0.0,0.30297,0.580505,0.0,0.878658,1.0,0.0,0.0,0.0,0.0,0.0,0.0,21,31.0,9.619048,6.0,3.0,8.085709,608.535313,214.0773,177.902356,44.40331,2.842596,1.0,0.831019,0.207417,0.690213,147.758991
avenue_training_04_clip_000055,avenue,training,04,55,881,912,32,0,0,0.0,12469.921022,4565.950293,3531.925793,161.735734,3351.662923,0,0.0,24.636785,200.202894,159.371885,74.296404,66.950361,14.355259,36.510147,0.14359,0.128205,0.051282,0.071795,0.0,0.030769,0.0,0.0,0.0,0.041026,0.046154,0.487179,132.044926,51.601632,38.916806,3.344138,37.471853,0,0.0,1335.629533,547.635434,501.680699,51.53882,390.467954,1.0,0,0.0,0.0,0.0,0.0,0.0,0.0,0.0,0.0,1,196.764914,219.528888,107.79174,172.692271,0.0,71.817508,0.0,0.0,0.0,230.25988,303.753097,210.337447,0.647779,0.722721,0.354866,0.568528,0.0,0.236434,0.0,0.0,0.0,0.758049,1.0,0.692462,0.0,0.0,0.0,0.0,0.0,0.0,22,24.0,8.863636,6.0,3.0,6.923579,398.684411,200.202894,215.073868,48.304106,1.991402,1.0,1.074279,0.241276,0.468134,93.721785
avenue_training_04_clip_000056,avenue,training,04,56,897,928,32,0,0,0.0,17249.059288,4445.558925,2817.542228,654.387204,4388.460155,0,0.0,25.002431,213.24786,125.260976,62.781123,62.490156,14.369898,33.182839,0.348548,0.174274,0.016598,0.0,0.0,0.045643,0.0,0.0,0.016598,0.0,0.06639,0.33195,139.997569,42.336658,21.258055,1.406273,44.678801,0,0.0,1331.000563,508.146713,520.366457,88.388348,389.456704,0.998447,0,0.0,0.0,0.0,0.0,0.0,0.0,0.0,0.0,1,190.823411,218.316913,112.462624,0.0,0.0,96.574204,0.0,0.0,816.556029,0.0,115.733704,245.071574,0.233693,0.267363,0.137728,0.0,0.0,0.11827,0.0,0.0,1.0,0.0,0.141734,0.300128,0.035714,0.001553,0.0,0.0,0.001553,0.007283,23,31.0,10.478261,6.0,3.0,9.164533,816.556029,213.24786,162.497742,59.725867,3.829141,1.0,0.762013,0.280077,0.768043,163.78351
avenue_training_04_clip_000057,avenue,training,04,57,913,944,32,0,0,0.0,12971.507192,4779.540427,3641.734452,403.92161,3476.183591,0,0.0,-8.628133,228.602852,167.777506,72.972372,74.050294,9.162347,35.877264,0.394531,0.074219,0.0,0.0,0.0,0.0,0.0,0.011719,0.015625,0.011719,0.105469,0.386719,117.647237,35.018782,27.812466,4.419627,27.708386,0,0.0,1336.623545,583.390993,423.757415,79.056942,402.651892,1.0,0,0.0,0.0,0.0,0.0,0.0,0.0,0.0,0.0,1,218.551576,150.468983,0.0,0.0,0.0,0.0,0.0,248.741543,521.80298,103.758009,190.827431,286.186539,0.418839,0.288364,0.0,0.0,0.0,0.0,0.0,0.476696,1.0,0.198845,0.365708,0.548457,0.0,0.0,0.0,0.0,0.0,0.0,24,30.0,10.666667,5.0,3.0,9.646531,521.80298,228.602852,201.355515,58.10745,2.282574,1.0,0.880809,0.254185,0.499798,114.255231
avenue_training_04_clip_000058,avenue,training,04,58,929,960,32,0,0,0.0,23759.222667,6296.401991,5259.404076,323.604346,5533.285751,0,0.0,2.665374,240.17939,118.28294,65.00804,62.251088,17.650124,25.580716,0.384298,0.045455,0.016529,0.024793,0.012397,0.0,0.012397,0.0,0.0,0.0,0.11157,0.392562,155.434213,37.994428,26.151031,1.850012,37.233203,0,0.0,1369.420498,628.945726,629.111477,53.033009,425.6975,1.0,0,0.0,0.0,0.0,0.0,0.0,0.0,0.0,0.0,1,187.870999,279.616203,181.409222,430.891608,144.343894,0.0,45.525137,0.0,0.0,0.0,334.394726,243.461019,0.436005,0.648925,0.421009,1.0,0.334989,0.0,0.105653,0.0,0.0,0.0,0.776053,0.565017,0.0,0.0,0.0,0.0,0.0,0.0,27,30.0,8.962963,6.0,3.0,7.335765,565.323235,240.17939,196.990072,45.525137,2.353754,1.0,0.820179,0.189546,0.575899,138.319143
avenue_training_04_clip_000059,avenue,training,04,59,945,976,32,0,0,0.0,15826.446714,5701.992722,5654.701502,100.113033,3947.46513,0,0.0,21.652604,252.849539,141.179924,71.888262,75.02439,2.663001,34.631674,0.468599,0.154589,0.028986,0.014493,0.019324,0.0,0.0,0.0,0.0,0.0,0.0,0.31401,110.713451,29.893775,19.913351,4.347704,28.514952,0,0.0,1366.164796,729.613866,792.3462,80.039053,447.703112,1.0,0,0.0,0.0,0.0,0.0,0.0,0.0,0.0,0.0,1,267.87139,347.931272,145.767267,128.723593,258.981625,0.0,0.0,0.0,0.0,0.0,0.0,233.631899,0.769897,1.0,0.418954,0.369968,0.744347,0.0,0.0,0.0,0.0,0.0,0.0,0.671489,0.0,0.0,0.0,0.0,0.0,0.0,21,28.0,9.857143,8.0,3.0,6.874977,556.341279,252.849539,243.348896,78.036792,2.200286,1.0,0.962426,0.308629,0.46572,117.757191
avenue_training_04_clip_000060,avenue,training,04,60,961,992,32,0,0,0.0,16509.378459,5476.71759,4900.55286,50.711769,4407.906563,0,0.0,31.37119,272.091946,163.626583,65.485633,69.865581,0.0,39.064912,0.359788,0.190476,0.063492,0.0,0.031746,0.0,0.015873,0.0,0.0,0.0,0.0,0.338624,148.62881,39.735634,39.805313,5.979471,31.651802,0,0.0,1328.768227,617.508342,602.890174,39.528471,420.083213,1.0,0,0.0,0.0,0.0,0.0,0.0,0.0,0.0,0.0,1,305.788211,476.091473,216.976364,0.0,383.247923,0.0,43.75,0.0,0.0,0.0,0.0,196.142879,0.642289,1.0,0.455745,0.0,0.804988,0.0,0.091894,0.0,0.0,0.0,0.0,0.411986,0.0,0.0,0.0,0.0,0.0,0.0,21,26.0,9.0,6.0,3.0,7.425824,1015.072062,272.091946,216.621406,38.514235,3.730621,1.0,0.796133,0.141549,0.799016,217.405822
avenue_training_04_clip_000061,avenue,training,04,61,977,1008,32,0,0,0.0,22030.718531,7412.68787,7428.178177,52.827533,5841.574352,0,0.0,14.136907,273.317891,165.033944,78.042097,72.714997,30.963757,32.367059,0.560976,0.160976,0.019512,0.014634,0.0,0.0,0.0,0.0,0.019512,0.0,0.063415,0.160976,126.19066,31.238333,18.925445,0.059424,33.900723,0,0.0,1268.98089,741.403615,877.674484,63.737744,432.252311,1.0,0,0.0,0.0,0.0,0.0,0.0,0.0,0.0,0.0,1,313.408717,292.556852,103.509221,478.114371,0.0,0.0,0.0,0.0,72.160683,0.0,284.628361,146.250894,0.65551,0.611897,0.216495,1.0,0.0,0.0,0.0,0.0,0.150928,0.0,0.595314,0.305891,0.0,0.0,0.0,0.0,0.0,0.0,19,31.0,10.789474,6.0,3.0,9.682208,756.29977,273.317891,257.323566,55.416979,2.767107,1.0,0.941481,0.202756,0.648509,177.248976
avenue_training_04_clip_000062,avenue,training,04,62,993,1024,32,0,0,0.0,9348.368038,4362.408865,3351.466583,270.807712,2963.581887,0,0.0,27.856007,204.837898,156.801409,61.086235,57.297134,1.245364,39.247629,0.604278,0.13369,0.016043,0.0,0.032086,0.0,0.0,0.0,0.0,0.016043,0.037433,0.160428,119.221346,36.091946,21.105151,0.137404,35.762198,0,0.0,1225.063774,567.735669,541.253353,55.901699,405.606916,1.0,0,0.0,0.0,0.0,0.0,0.0,0.0,0.0,0.0,1,207.87342,214.104464,120.714583,0.0,138.340575,0.0,0.0,0.0,0.0,306.596955,227.545129,229.908093,0.678002,0.698325,0.393724,0.0,0.451213,0.0,0.0,0.0,0.0,1.0,0.742164,0.749871,0.0,0.0,0.0,0.0,0.0,0.0,18,30.0,10.388889,5.5,3.0,8.957547,581.008998,204.837898,163.675339,50.485545,2.836433,1.0,0.799048,0.246466,0.606177,124.168076
avenue_training_04_clip_000063,avenue,training,04,63,1009,1040,32,0,0,0.0,9549.729806,4185.67478,4013.634653,612.748572,2483.050008,0,0.0,13.423401,214.263355,112.714412,57.862034,62.789116,2.223961,30.262906,0.317308,0.139423,0.0,0.0,0.0,0.033654,0.0,0.0,0.0,0.014423,0.033654,0.461538,161.046847,32.569568,20.753194,0.836884,38.057123,0,0.0,1375.0,564.33157,382.630697,139.754249,362.35541,0.996241,0,0.0,0.0,0.0,0.0,0.0,0.0,0.0,0.0,1,141.851957,209.981372,0.0,0.0,0.0,117.775468,0.0,0.0,0.0,498.290934,210.772801,258.854553,0.284677,0.421403,0.0,0.0,0.0,0.236359,0.0,0.0,0.0,1.0,0.422991,0.519485,0.071429,0.003759,0.0,0.0,0.003759,0.01595,19,31.0,10.947368,8.0,3.0,7.976767,498.290934,214.263355,200.404246,97.014345,2.3256,1.0,0.935317,0.452781,0.473533,101.460863
avenue_training_04_clip_000064,avenue,training,04,64,1025,1056,32,0,0,0.0,25727.872925,6966.641566,5415.949588,1137.51717,6135.220835,0,0.0,17.8842,301.085901,167.382901,71.970065,67.863685,15.945396,40.985822,0.178404,0.183099,0.192488,0.0,0.0,0.0,0.0,0.0,0.0,0.0,0.014085,0.431925,64.920686,33.216623,30.690093,7.007608,18.047042,0,0.0,1337.55841,802.667728,791.686185,182.002747,400.235549,1.0,0,0.0,0.0,0.0,0.0,0.0,0.0,0.0,0.0,1,206.344493,168.528605,380.777037,0.0,0.0,0.0,0.0,0.0,0.0,0.0,566.096279,295.34655,0.364504,0.297703,0.672637,0.0,0.0,0.0,0.0,0.0,0.0,0.0,1.0,0.521725,0.0,0.0,0.0,0.0,0.0,0.0,16,31.0,13.3125,9.0,3.0,9.808917,898.862903,301.085901,249.398496,128.501374,2.985403,1.0,0.82833,0.426793,0.612724,184.48264
avenue_training_04_clip_000065,avenue,training,04,65,1041,1072,32,0,0,0.0,11179.423293,4062.356997,4469.341005,0.0,3068.225423,0,0.0,9.785166,208.716905,83.861366,45.16448,49.295027,0.0,19.943093,0.490683,0.055901,0.142857,0.0,0.0,0.0,0.0,0.0,0.0,0.031056,0.093168,0.186335,80.726083,31.364863,16.233388,1.190314,25.418827,0,0.0,1244.613394,546.001489,479.094197,39.528471,355.21352,1.0,0,0.0,0.0,0.0,0.0,0.0,0.0,0.0,0.0,1,152.634169,210.289034,228.364721,0.0,0.0,0.0,0.0,0.0,0.0,201.98673,209.031565,284.049893,0.53735,0.740324,0.80396,0.0,0.0,0.0,0.0,0.0,0.0,0.711096,0.735897,1.0,0.0,0.0,0.0,0.0,0.0,0.0,15,31.0,10.733333,9.0,3.0,8.698403,382.225309,208.716905,203.703954,39.528471,1.83131,1.0,0.975982,0.189388,0.458219,95.63798
avenue_training_04_clip_000066,avenue,training,04,66,1057,1088,32,0,0,0.0,27654.267068,6611.118424,4751.30108,290.510151,7427.92291,0,0.0,18.842611,240.089929,175.574525,66.101763,66.944172,5.78019,40.890313,0.291045,0.067164,0.022388,0.067164,0.052239,0.0,0.0,0.0,0.0,0.022388,0.126866,0.350746,125.374863,52.378332,47.12509,7.004665,36.460862,0,0.0,1361.295339,547.230866,445.163333,62.5,442.134947,0.997917,0,0.0,0.0,0.0,0.0,0.0,0.0,0.0,0.0,1,252.012462,93.670738,163.329133,233.139894,137.366941,0.0,0.0,0.0,0.0,93.784059,439.017942,272.006403,0.574037,0.213364,0.372033,0.531049,0.312896,0.0,0.0,0.0,0.0,0.213622,1.0,0.619579,0.033333,0.002083,0.0,0.0,0.002083,0.008069,16,31.0,8.375,4.5,3.0,8.724069,678.085341,240.089929,189.786758,50.363211,2.824297,1.0,0.790482,0.209768,0.747026,179.353371
avenue_training_04_clip_000067,avenue,training,04,67,1073,1104,32,0,0,0.0,11774.43996,5493.917345,5368.855921,172.886224,3829.227572,0,0.0,23.699462,239.199552,172.874984,63.378042,62.190987,0.0,38.444017,0.26087,0.228261,0.119565,0.027174,0.016304,0.016304,0.0,0.0,0.0,0.0,0.11413,0.217391,135.190121,45.829958,34.562726,8.086356,36.465667,0,0.0,1367.707937,556.284736,466.504255,53.033009,403.193073,0.997059,0,0.0,0.0,0.0,0.0,0.0,0.0,0.0,0.0,1,198.621656,109.255687,286.097483,595.709461,60.173784,233.198741,0.0,0.0,0.0,0.0,286.779851,303.392529,0.33342,0.183404,0.480263,1.0,0.101012,0.391464,0.0,0.0,0.0,0.0,0.481409,0.509296,0.058824,0.002941,0.0,0.0,0.002941,0.01282,20,31.0,9.2,4.0,3.0,7.966179,621.014558,239.199552,227.128847,44.194174,2.59622,1.0,0.949537,0.184759,0.664247,158.887618
avenue_training_04_clip_000068,avenue,training,04,68,1089,1120,32,0,0,0.0,25196.331574,7792.866035,7551.558069,1029.462434,5503.661051,0,0.0,14.853497,313.611472,136.735705,68.059547,66.825489,5.026477,38.19754,0.515625,0.020833,0.0625,0.041667,0.026042,0.0,0.0,0.0,0.0,0.0625,0.0,0.270833,117.272362,39.500665,27.433218,2.28696,35.984956,0,0.0,1344.549181,751.45898,686.476511,175.0,413.121599,1.0,0,0.0,0.0,0.0,0.0,0.0,0.0,0.0,0.0,1,277.216112,268.353974,426.005516,377.658973,129.459879,0.0,0.0,0.0,0.0,374.367824,0.0,317.97451,0.650734,0.629931,1.0,0.886512,0.303892,0.0,0.0,0.0,0.0,0.878786,0.0,0.746409,0.0,0.0,0.0,0.0,0.0,0.0,23,29.0,8.347826,6.0,3.0,7.050185,625.903566,313.611472,302.609009,109.795209,1.995793,1.0,0.964917,0.350099,0.474671,148.862336
avenue_training_04_clip_000069,avenue,training,04,69,1105,1136,32,0,0,0.0,17776.49759,7505.625405,6348.124772,779.342467,4559.522168,0,0.0,-3.619062,311.232601,112.471921,62.464544,69.742443,15.673571,27.642057,0.379147,0.165877,0.018957,0.0,0.0,0.0,0.0,0.014218,0.0,0.033175,0.033175,0.35545,118.123013,34.055833,25.896574,0.53194,27.723626,0,0.0,1322.166782,828.726757,925.614935,72.886899,386.956585,1.0,0,0.0,0.0,0.0,0.0,0.0,0.0,0.0,0.0,1,329.595182,348.161779,171.989736,0.0,0.0,0.0,0.0,294.99807,0.0,580.097977,192.724448,291.915718,0.568172,0.600178,0.296484,0.0,0.0,0.0,0.0,0.508531,0.0,1.0,0.332227,0.503218,0.0,0.0,0.0,0.0,0.0,0.0,20,31.0,10.55,7.0,3.0,9.324564,580.097977,311.232601,285.74657,50.418874,1.863873,1.0,0.918112,0.161997,0.376647,117.224963
avenue_training_04_clip_000070,avenue,training,04,70,1121,1152,32,0,0,0.0,11720.678402,5487.771243,5797.714105,312.5,3196.15867,0,0.0,-13.641529,271.16036,159.417618,55.843684,52.374797,14.628842,34.620776,0.318471,0.0,0.0,0.0,0.019108,0.0,0.0,0.0,0.0,0.082803,0.063694,0.515924,134.292233,34.491249,27.765622,2.882981,32.691702,0,0.0,1329.591103,671.478497,684.367017,62.5,393.747429,1.0,0,0.0,0.0,0.0,0.0,0.0,0.0,0.0,0.0,1,282.111257,0.0,0.0,0.0,330.484297,0.0,0.0,0.0,0.0,318.046554,314.856793,215.963863,0.85363,0.0,0.0,0.0,1.0,0.0,0.0,0.0,0.0,0.962365,0.952713,0.653477,0.0,0.0,0.0,0.0,0.0,0.0,16,26.0,9.8125,6.0,3.0,7.923215,499.269627,271.16036,273.873348,56.25,1.841234,1.0,1.010005,0.207442,0.44232,119.939754
avenue_training_04_clip_000071,avenue,training,04,71,1137,1168,32,0,0,0.0,13010.937829,6226.160714,6173.94369,120.364002,4152.508676,0,0.0,-10.344709,322.943619,157.427925,85.966668,74.397521,47.275258,32.866842,0.293233,0.12782,0.0,0.0,0.0,0.0,0.0,0.0,0.052632,0.0,0.082707,0.443609,95.815099,33.418594,26.285762,3.832598,26.312713,0,0.0,1325.825215,686.075094,605.831041,67.31456,429.276121,1.0,0,0.0,0.0,0.0,0.0,0.0,0.0,0.0,0.0,1,357.036324,320.22167,0.0,0.0,0.0,0.0,0.0,0.0,228.443262,0.0,189.916002,350.63267,1.0,0.896888,0.0,0.0,0.0,0.0,0.0,0.0,0.639832,0.0,0.531923,0.982064,0.0,0.0,0.0,0.0,0.0,0.0,17,16.0,7.823529,6.0,3.0,4.368811,1055.652514,322.943619,270.695361,64.90728,3.268845,1.0,0.838212,0.200986,0.773898,249.925374
avenue_training_04_clip_000072,avenue,training,04,72,1153,1184,32,0,0,0.0,22783.515545,7376.067531,6312.38144,633.385394,6685.00589,0,0.0,4.603175,262.313968,154.983107,79.911279,72.494023,22.09423,38.848047,0.520833,0.09375,0.072917,0.0,0.0,0.0,0.0,0.0,0.0,0.03125,0.052083,0.229167,89.800573,29.636147,25.505158,1.893395,25.352821,0,0.0,1243.60866,618.498998,649.037749,89.07316,384.871915,1.0,0,0.0,0.0,0.0,0.0,0.0,0.0,0.0,0.0,1,225.528577,407.594604,113.708533,0.0,0.0,0.0,0.0,0.0,0.0,130.394922,537.064232,228.693937,0.419928,0.758931,0.211722,0.0,0.0,0.0,0.0,0.0,0.0,0.242792,1.0,0.425822,0.0,0.0,0.0,0.0,0.0,0.0,13,20.0,7.384615,6.0,3.0,5.167032,646.883543,262.313968,247.77211,76.405452,2.466066,1.0,0.944563,0.291275,0.634989,166.566467
avenue_training_04_clip_000073,avenue,training,04,73,1169,1200,32,0,0,0.0,29611.432347,8141.777646,6903.369161,644.235254,6536.567046,0,0.0,-0.665215,254.263312,126.536243,68.810501,68.876585,2.199353,29.538364,0.417323,0.251969,0.0,0.0,0.0,0.0,0.0,0.0,0.0,0.070866,0.086614,0.173228,72.366071,29.131298,21.631839,0.510316,22.246649,0,0.0,1325.0,735.335096,758.234122,79.056942,423.374796,1.0,0,0.0,0.0,0.0,0.0,0.0,0.0,0.0,0.0,1,287.09017,255.632461,0.0,0.0,0.0,0.0,0.0,0.0,0.0,212.065193,319.254305,216.711902,0.899252,0.800717,0.0,0.0,0.0,0.0,0.0,0.0,0.0,0.664252,1.0,0.678807,0.0,0.0,0.0,0.0,0.0,0.0,16,21.0,7.9375,6.5,3.0,4.643123,535.361804,254.263312,275.431186,56.708078,2.105541,1.0,1.083252,0.223029,0.485546,123.456538
avenue_training_04_clip_000074,avenue,training,04,74,1185,1216,32,0,0,0.0,18524.227761,8168.519104,6919.305696,228.728869,5609.155185,0,0.0,0.502496,300.736123,122.48466,83.687319,83.792206,9.462322,32.264669,0.38255,0.201342,0.0,0.0,0.0,0.0,0.0,0.0,0.0,0.04698,0.0,0.369128,71.491585,24.102915,15.620572,0.793686,21.715853,0,0.0,1298.37639,760.118917,800.39053,72.886899,428.829015,1.0,0,0.0,0.0,0.0,0.0,0.0,0.0,0.0,0.0,1,341.709408,306.618259,0.0,0.0,0.0,0.0,0.0,0.0,0.0,232.49415,0.0,279.569094,1.0,0.897307,0.0,0.0,0.0,0.0,0.0,0.0,0.0,0.680386,0.0,0.818149,0.0,0.0,0.0,0.0,0.0,0.0,17,22.0,8.764706,7.0,3.0,6.207485,705.169316,300.736123,273.608921,68.312321,2.344811,1.0,0.909797,0.22715,0.576726,173.442335
avenue_training_04_clip_000075,avenue,training,04,75,1201,1232,32,0,0,0.0,29475.423137,9443.599359,6116.862283,118.222574,8701.272872,0,0.0,6.499534,289.64316,176.633539,73.082808,69.744427,20.194675,41.843976,0.565657,0.030303,0.0,0.0,0.040404,0.0,0.0,0.0,0.0,0.0,0.040404,0.323232,114.409236,31.017779,24.628018,4.417294,29.682176,0,0.0,1356.984248,738.99884,778.886943,51.53882,487.727496,1.0,0,0.0,0.0,0.0,0.0,0.0,0.0,0.0,0.0,1,192.654372,177.036437,0.0,0.0,49.880407,0.0,0.0,0.0,0.0,0.0,788.136287,338.00946,0.244443,0.224627,0.0,0.0,0.063289,0.0,0.0,0.0,0.0,0.0,1.0,0.428872,0.0,0.0,0.0,0.0,0.0,0.0,12,24.0,8.25,5.5,3.0,6.166104,788.136287,289.64316,257.137162,34.608245,2.72106,1.0,0.887772,0.119486,0.730862,211.689081
avenue_training_04_clip_000076,avenue,training,04,76,1217,1248,32,0,0,0.0,23153.260214,7945.031054,6507.412914,1341.186271,5129.373651,0,0.0,5.175117,275.84206,112.5,66.070431,68.0093,21.607109,30.02535,0.418919,0.101351,0.0,0.02027,0.0,0.0,0.0,0.0,0.0,0.054054,0.060811,0.344595,87.648324,25.148292,11.985257,3.170883,24.852234,0,0.0,1350.57858,813.329087,865.665263,137.5,375.198119,0.995192,0,0.0,0.0,0.0,0.0,0.0,0.0,0.0,0.0,1,199.673069,156.772456,0.0,887.513375,0.0,0.0,0.0,0.0,0.0,168.45337,269.542027,344.176949,0.22498,0.176642,0.0,1.0,0.0,0.0,0.0,0.0,0.0,0.189804,0.303705,0.387799,0.076923,0.004808,0.0,0.0,0.004808,0.01862,16,26.0,9.25,7.5,3.0,5.900212,887.513375,275.84206,226.658216,100.22293,3.217469,1.0,0.821696,0.363334,0.663655,183.06408
avenue_training_04_clip_000077,avenue,training,04,77,1233,1264,32,0,0,0.0,16919.273804,6389.102691,5058.907484,0.0,5410.354035,0,0.0,6.853986,238.64938,134.717757,67.296537,70.432793,0.0,32.829847,0.210526,0.040936,0.046784,0.0,0.0,0.0,0.0,0.0,0.0,0.0,0.0,0.701754,53.816463,20.605516,22.085338,2.570809,12.138158,0,0.0,1362.557338,658.211268,578.525676,51.53882,466.703989,1.0,0,0.0,0.0,0.0,0.0,0.0,0.0,0.0,0.0,1,272.742205,202.065665,274.371782,0.0,0.0,0.0,0.0,0.0,0.0,0.0,0.0,222.021992,0.994061,0.736467,1.0,0.0,0.0,0.0,0.0,0.0,0.0,0.0,0.0,0.809201,0.0,0.0,0.0,0.0,0.0,0.0,16,29.0,10.6875,5.0,3.0,9.09477,525.402155,238.64938,218.603165,51.53882,2.201565,1.0,0.916001,0.21596,0.572602,136.651166
avenue_training_04_clip_000078,avenue,training,04,78,1249,1280,32,0,0,0.0,24899.360652,8968.450649,6893.325126,1042.476855,7365.343192,0,0.0,5.226764,270.366732,162.825684,86.936307,78.656965,27.743661,33.760637,0.295775,0.070423,0.0,0.018779,0.0,0.0,0.0,0.0,0.0,0.014085,0.014085,0.586854,102.595284,24.963364,13.73426,2.431255,24.643973,0,0.0,1266.947611,722.101208,806.859594,128.695377,360.650167,0.994444,0,0.0,0.0,0.0,0.0,0.0,0.0,0.0,0.0,1,212.362257,364.401791,0.0,282.668591,0.0,0.0,0.0,0.0,0.0,506.169865,547.987213,212.83248,0.387531,0.664982,0.0,0.515831,0.0,0.0,0.0,0.0,0.0,0.923689,1.0,0.38839,0.111111,0.005556,0.0,0.0,0.005556,0.024216,20,30.0,10.65,6.0,3.0,8.673379,547.987213,270.366732,236.424312,87.884673,2.026829,1.0,0.874458,0.325057,0.48715,131.709161
avenue_training_04_clip_000079,avenue,training,04,79,1265,1296,32,0,0,0.0,21511.931404,5916.672923,3509.851863,226.359645,5671.701446,0,0.0,-0.802338,247.02343,130.425025,62.734324,68.593615,9.926246,34.820457,0.330986,0.070423,0.0,0.0,0.0,0.0,0.0,0.0,0.021127,0.0,0.0,0.577465,115.198296,24.407335,13.820855,1.588542,29.454393,0,0.0,1286.953768,625.694733,525.181449,71.260964,423.342824,1.0,0,0.0,0.0,0.0,0.0,0.0,0.0,0.0,0.0,1,270.435524,224.527884,0.0,0.0,0.0,0.0,0.0,0.0,517.291055,0.0,0.0,208.020963,0.522792,0.434046,0.0,0.0,0.0,0.0,0.0,0.0,1.0,0.0,0.0,0.402135,0.0,0.0,0.0,0.0,0.0,0.0,14,30.0,10.142857,8.5,3.0,8.551167,517.291055,247.02343,197.142616,60.630482,2.094097,1.0,0.798072,0.245444,0.550213,135.915512
avenue_training_04_clip_000080,avenue,training,04,80,1281,1312,32,0,0,0.0,16550.086561,6662.871605,7541.808969,295.596077,4428.383852,0,0.0,20.529655,266.23039,144.170425,69.746397,75.121744,3.875757,40.502024,0.56875,0.1625,0.0,0.01875,0.0,0.0,0.0,0.0,0.0,0.0,0.0,0.25,95.975395,23.592102,17.819621,2.052819,24.312725,0,0.0,1144.347522,695.256929,840.386816,62.5,371.220557,0.994872,0,0.0,0.0,0.0,0.0,0.0,0.0,0.0,0.0,1,270.725907,297.052425,0.0,233.989626,0.0,0.0,0.0,0.0,0.0,0.0,0.0,237.164244,0.911374,1.0,0.0,0.787705,0.0,0.0,0.0,0.0,0.0,0.0,0.0,0.798392,0.066667,0.005128,0.0,0.0,0.005128,0.017765,13,31.0,12.307692,7.0,3.0,10.679849,506.704611,266.23039,262.196943,52.747713,1.903256,1.0,0.98485,0.198128,0.463472,123.390379
avenue_training_04_clip_000081,avenue,training,04,81,1297,1328,32,0,0,0.0,29332.928581,8217.856856,7986.622662,195.901112,6491.109991,0,0.0,5.119844,287.754361,149.671348,76.286275,75.374809,15.255119,30.11379,0.447514,0.265193,0.0,0.0,0.0,0.0,0.0,0.0,0.0,0.022099,0.055249,0.209945,69.981622,28.027088,17.099425,0.957907,22.947083,0,0.0,1349.594847,822.16585,965.69053,63.737744,446.53927,0.997917,0,0.0,0.0,0.0,0.0,0.0,0.0,0.0,0.0,1,311.8134,316.933073,0.0,0.0,0.0,0.0,0.0,0.0,0.0,493.033646,196.074863,223.021778,0.632438,0.642822,0.0,0.0,0.0,0.0,0.0,0.0,0.0,1.0,0.397691,0.452346,0.033333,0.002083,0.0,0.0,0.002083,0.008069,16,31.0,11.3125,6.5,3.0,9.298647,588.538701,287.754361,301.587993,59.819722,2.045282,1.0,1.048075,0.207885,0.489512,140.859137
avenue_training_04_clip_000082,avenue,training,04,82,1313,1344,32,0,0,0.0,29840.216508,7225.828585,4630.837523,370.276123,8096.394175,0,0.0,16.899806,313.034547,173.919781,77.859605,70.798186,7.310437,45.017531,0.217391,0.157609,0.043478,0.0,0.021739,0.0,0.0,0.0,0.0,0.016304,0.048913,0.494565,128.670643,39.3244,28.976754,5.118448,32.989532,0,0.0,1289.682616,679.705712,742.672539,76.034532,434.171796,0.998039,0,0.0,0.0,0.0,0.0,0.0,0.0,0.0,0.0,1,306.456761,250.453555,59.534955,0.0,117.403096,0.0,0.0,0.0,0.0,891.702674,199.240111,377.906225,0.343676,0.280871,0.066765,0.0,0.131662,0.0,0.0,0.0,0.0,1.0,0.223438,0.423803,0.033333,0.001961,0.0,0.0,0.001961,0.007843,17,31.0,10.823529,4.0,3.0,10.450079,891.702674,313.034547,209.344336,50.765109,2.848576,1.0,0.668758,0.162171,0.796585,249.358788
avenue_training_04_clip_000083,avenue,training,04,83,1329,1360,32,0,0,0.0,28129.184848,7675.089279,5091.114967,39.963397,7119.847675,0,0.0,9.096057,251.296112,171.125148,67.654008,68.920276,0.0,40.355865,0.337838,0.094595,0.013514,0.121622,0.0,0.0,0.013514,0.0,0.0,0.0,0.036036,0.382883,166.596057,34.371385,21.636156,0.174453,39.016208,0,0.0,1335.395541,765.436883,879.252621,27.95085,381.957062,1.0,0,0.0,0.0,0.0,0.0,0.0,0.0,0.0,0.0,1,295.871758,223.410288,139.754249,147.75055,0.0,0.0,27.151582,0.0,0.0,0.0,220.70457,308.501532,0.959061,0.724179,0.45301,0.47893,0.0,0.0,0.088011,0.0,0.0,0.0,0.715408,1.0,0.0,0.0,0.0,0.0,0.0,0.0,18,31.0,12.333333,8.0,3.0,10.110501,641.640638,251.296112,192.6805,27.151582,2.553325,1.0,0.766747,0.108046,0.661053,166.120016
avenue_training_04_clip_000084,avenue,training,04,84,1345,1376,32,0,0,0.0,28885.827916,8147.813256,8080.368192,53.616524,6757.691915,0,0.0,20.188932,239.010118,144.272602,82.527595,73.482058,45.0,29.604923,0.724771,0.110092,0.022936,0.0,0.0,0.0,0.0,0.0,0.0,0.0,0.0,0.142202,55.463354,15.229452,12.122063,0.918961,12.999883,0,0.0,1316.77874,775.636513,804.805697,37.5,406.873028,0.99375,0,0.0,0.0,0.0,0.0,0.0,0.0,0.0,0.0,1,254.650749,275.274415,49.199372,0.0,0.0,0.0,0.0,0.0,0.0,0.0,0.0,147.981034,0.92508,1.0,0.178728,0.0,0.0,0.0,0.0,0.0,0.0,0.0,0.0,0.537576,0.066667,0.00625,0.0,0.0,0.00625,0.017555,16,31.0,13.625,9.5,3.0,10.415583,417.408608,239.010118,277.322605,36.42767,1.746406,1.0,1.160296,0.152411,0.51167,122.294286
avenue_training_04_clip_000085,avenue,training,04,85,1361,1392,32,0,0,0.0,15291.328546,6536.611068,5433.357328,589.623031,4309.176388,0,0.0,5.948703,247.454847,117.32895,71.379233,67.314488,40.156,22.300501,0.337607,0.175214,0.021368,0.025641,0.0,0.0,0.0,0.0,0.0,0.012821,0.111111,0.316239,90.052713,32.985923,30.72205,1.267192,25.157345,0,0.0,1360.6639,748.179053,856.433784,152.581945,403.464451,0.996914,0,0.0,0.0,0.0,0.0,0.0,0.0,0.0,0.0,1,231.279612,164.18802,132.312136,179.628637,0.0,0.0,0.0,0.0,0.0,211.552396,363.902079,280.733531,0.635555,0.451187,0.363593,0.493618,0.0,0.0,0.0,0.0,0.0,0.581344,1.0,0.771453,0.055556,0.003086,0.0,0.0,0.003086,0.012726,18,31.0,13.0,7.5,3.0,10.0,514.399022,247.454847,229.869695,117.218222,2.078759,1.0,0.928936,0.473695,0.41333,102.280596
avenue_training_04_clip_000086,avenue,training,04,86,1377,1408,32,0,0,0.0,15456.168637,5845.600747,5300.724753,138.523005,4437.156891,0,0.0,-8.037856,268.353417,102.915129,57.265492,65.010586,9.452288,32.057041,0.514563,0.276699,0.0,0.0,0.0,0.0,0.0,0.0,0.014563,0.038835,0.0,0.15534,111.920665,27.053187,16.686377,3.685353,26.943248,0,0.0,1327.709494,782.614427,893.378419,45.069391,450.0105,1.0,0,0.0,0.0,0.0,0.0,0.0,0.0,0.0,0.0,1,261.119247,239.372104,0.0,0.0,0.0,0.0,0.0,0.0,627.868044,532.220931,0.0,139.658335,0.415882,0.381246,0.0,0.0,0.0,0.0,0.0,0.0,1.0,0.847664,0.0,0.222433,0.0,0.0,0.0,0.0,0.0,0.0,15,30.0,13.733333,8.0,3.0,9.963043,627.868044,268.353417,236.670977,42.298931,2.339706,1.0,0.881938,0.157624,0.616226,165.366367
avenue_training_04_clip_000087,avenue,training,04,87,1393,1424,32,0,0,0.0,30497.319576,6070.723933,3801.539984,1295.021144,6525.593942,0,0.0,33.141839,267.784547,166.544157,71.018993,56.246785,11.309932,37.527039,0.235,0.275,0.065,0.0,0.015,0.015,0.0,0.0,0.0,0.0,0.045,0.35,141.203195,37.004598,27.295771,0.770856,36.084185,0,0.0,1341.93191,660.7785,577.929927,178.972763,391.707119,1.0,0,0.0,0.0,0.0,0.0,0.0,0.0,0.0,0.0,1,323.745642,189.39274,160.198486,0.0,699.278044,263.737744,0.0,0.0,0.0,0.0,174.459197,246.487682,0.462971,0.27084,0.229091,0.0,1.0,0.377157,0.0,0.0,0.0,0.0,0.249485,0.352489,0.0,0.0,0.0,0.0,0.0,0.0,18,31.0,11.111111,8.5,3.0,9.011652,699.278044,267.784547,234.773451,99.127925,2.611346,1.0,0.876725,0.370178,0.612798,164.097774
avenue_training_04_clip_000088,avenue,training,04,88,1409,1440,32,0,0,0.0,12350.668638,4650.208507,4042.910446,623.778121,3051.56679,0,0.0,13.01274,246.934254,147.140694,67.049755,73.354261,7.180535,31.726039,0.3125,0.328125,0.0,0.020833,0.0,0.0,0.0,0.0,0.0,0.026042,0.0625,0.25,88.85689,34.506349,27.563891,5.223063,26.16146,0,0.0,1278.976642,759.479286,890.663376,178.972763,415.86113,1.0,0,0.0,0.0,0.0,0.0,0.0,0.0,0.0,0.0,1,330.158708,191.229128,0.0,185.532954,0.0,0.0,0.0,0.0,0.0,423.421273,331.746047,176.32038,0.77974,0.451629,0.0,0.438176,0.0,0.0,0.0,0.0,0.0,1.0,0.783489,0.416418,0.0,0.0,0.0,0.0,0.0,0.0,13,31.0,14.769231,12.0,3.0,10.749983,431.716712,246.934254,200.391767,103.0414,1.748306,1.0,0.811519,0.417283,0.414781,102.423596
avenue_training_04_clip_000089,avenue,training,04,89,1425,1456,32,0,0,0.0,28339.886183,8264.798441,6637.674168,1676.164798,6949.301318,0,0.0,11.21527,252.388575,158.684674,87.756408,75.958596,30.094643,38.596246,0.350711,0.127962,0.014218,0.028436,0.0,0.0,0.0,0.0,0.018957,0.0,0.109005,0.350711,113.683722,37.107864,24.591872,0.455078,33.050869,0,0.0,1355.774686,717.52641,556.916735,118.585412,432.481262,0.997059,0,0.0,0.0,0.0,0.0,0.0,0.0,0.0,0.0,1,237.717075,144.545283,425.955991,145.245109,0.0,0.0,0.0,0.0,341.99143,0.0,144.316639,340.715197,0.558079,0.339343,1.0,0.340986,0.0,0.0,0.0,0.0,0.80288,0.0,0.338806,0.799884,0.05,0.002941,0.0,0.0,0.002941,0.011765,17,31.0,12.411765,6.0,3.0,10.666378,691.797724,252.388575,204.02845,85.062116,2.741003,1.0,0.80839,0.337028,0.569526,143.741796
avenue_training_04_clip_000090,avenue,training,04,90,1441,1472,32,0,0,0.0,23849.128834,5810.921745,5453.331539,270.807712,4809.895034,0,0.0,4.102959,240.314411,147.707114,79.696104,78.990488,7.125016,28.521236,0.633588,0.041985,0.103053,0.0,0.0,0.0,0.0,0.0,0.01145,0.0,0.01145,0.198473,99.757925,26.015362,19.287647,1.38242,22.131717,0,0.0,1312.440475,664.41312,602.259363,55.901699,422.48229,0.987121,0,0.0,0.0,0.0,0.0,0.0,0.0,0.0,0.0,1,265.662795,205.839328,256.887915,0.0,0.0,0.0,0.0,0.0,119.466844,0.0,50.485545,254.351223,1.0,0.774814,0.96697,0.0,0.0,0.0,0.0,0.0,0.449694,0.0,0.190036,0.957421,0.25,0.012879,0.0,0.0,0.012879,0.052207,22,31.0,11.909091,7.0,3.0,10.063025,589.323318,240.314411,232.52587,46.325567,2.452301,1.0,0.967591,0.192771,0.552264,132.717112
avenue_training_04_clip_000091,avenue,training,04,91,1457,1488,32,0,0,0.0,19042.200032,7315.315783,5801.447547,672.49961,4912.99058,0,0.0,8.148767,292.990449,149.78985,83.794229,81.527125,1.84761,33.354716,0.278351,0.137457,0.037801,0.013746,0.010309,0.0,0.0,0.0,0.0,0.0,0.068729,0.453608,115.302822,36.69831,30.310285,2.81015,29.41106,0,0.0,1319.32748,740.15292,696.667579,62.5,352.069579,0.998563,0,0.0,0.0,0.0,0.0,0.0,0.0,0.0,0.0,1,333.565132,202.874931,125.375534,178.695323,287.26762,0.0,0.0,0.0,0.0,0.0,387.217732,285.193224,0.861441,0.52393,0.323786,0.461485,0.741876,0.0,0.0,0.0,0.0,0.0,1.0,0.736519,0.034483,0.001437,0.0,0.0,0.001437,0.006891,24,31.0,12.125,7.0,3.0,10.272587,603.547203,292.990449,247.95832,49.050008,2.059955,1.0,0.846302,0.167412,0.564475,165.385706
avenue_training_04_clip_000092,avenue,training,04,92,1473,1504,32,0,0,0.0,22915.732418,6213.982446,4848.005297,372.283879,4577.809034,0,0.0,0.033865,251.201949,177.302649,75.89608,78.691475,14.118921,32.258789,0.393382,0.014706,0.025735,0.025735,0.0,0.0,0.011029,0.0,0.0,0.0,0.029412,0.5,165.933051,30.445917,20.161772,1.267173,35.410352,0,0.0,1255.301259,635.294393,559.197961,82.205915,330.504764,1.0,0,0.0,0.0,0.0,0.0,0.0,0.0,0.0,0.0,1,275.973269,357.603639,283.53052,252.492358,0.0,0.0,260.765542,0.0,0.0,0.0,86.424459,240.922639,0.771729,1.0,0.792863,0.706068,0.0,0.0,0.729203,0.0,0.0,0.0,0.241677,0.673714,0.0,0.0,0.0,0.0,0.0,0.0,26,31.0,10.461538,7.5,3.0,7.996301,479.413029,251.201949,256.317755,74.760238,1.908477,1.0,1.020366,0.29761,0.429112,107.793838
avenue_training_04_clip_000093,avenue,training,04,93,1480,1511,32,0,0,0.0,13175.164492,5431.196439,4161.664628,612.392783,3367.160921,0,0.0,6.818854,223.135404,175.426079,70.236167,64.535871,14.642194,34.862701,0.353846,0.030769,0.030769,0.0,0.026923,0.0,0.0,0.0,0.0,0.030769,0.038462,0.488462,122.204815,34.597369,20.067861,5.589109,30.517233,0,0.0,1372.953022,576.496541,502.78145,76.034532,350.268653,1.0,0,0.0,0.0,0.0,0.0,0.0,0.0,0.0,0.0,1,199.566598,178.253793,239.827772,0.0,160.212891,0.0,0.0,0.0,0.0,348.009618,229.1331,225.389286,0.573451,0.512209,0.689141,0.0,0.460369,0.0,0.0,0.0,0.0,1.0,0.65841,0.647652,0.0,0.0,0.0,0.0,0.0,0.0,26,31.0,10.0,7.0,3.0,8.019208,576.154831,223.135404,199.367789,63.786676,2.582086,1.0,0.893483,0.285865,0.510284,113.862476
avenue_training_05_clip_000000,avenue,training,05,0,1,32,32,0,0,0.0,21563.874627,6624.450215,4914.498216,378.952771,4726.011854,0,0.0,9.898372,287.027505,118.141601,67.639345,72.164456,22.299047,23.978722,0.287879,0.234848,0.045455,0.0,0.015152,0.018939,0.0,0.0,0.0,0.026515,0.075758,0.295455,151.999734,37.678431,25.873677,0.631794,36.502582,0,0.0,1373.69256,775.74931,888.907335,95.197164,420.346445,1.0,0,0.0,0.0,0.0,0.0,0.0,0.0,0.0,0.0,1,269.685206,356.64443,187.665814,0.0,280.757055,95.632266,0.0,0.0,0.0,462.016458,285.684498,280.312727,0.583713,0.77193,0.406189,0.0,0.607678,0.206989,0.0,0.0,0.0,1.0,0.618343,0.606716,0.0,0.0,0.0,0.0,0.0,0.0,25,31.0,10.56,7.0,3.0,7.833671,718.823109,287.027505,268.200168,87.618108,2.50437,1.0,0.934406,0.30526,0.528783,151.77537
avenue_training_05_clip_000001,avenue,training,05,1,17,48,32,0,0,0.0,16035.936253,5195.773451,4428.491675,123.265226,3665.079982,0,0.0,1.856093,237.155569,171.399306,72.969057,64.411122,18.71741,36.315422,0.418685,0.010381,0.103806,0.044983,0.0,0.0,0.0,0.020761,0.024221,0.0,0.086505,0.290657,148.455388,44.103613,26.298873,0.183752,41.369778,0,0.0,1331.411375,567.22648,450.173578,50.0,378.522551,1.0,0,0.0,0.0,0.0,0.0,0.0,0.0,0.0,0.0,1,244.727476,179.021908,158.909525,235.648498,0.0,0.0,0.0,87.375627,396.160833,0.0,268.644214,267.636306,0.617748,0.451892,0.401124,0.59483,0.0,0.0,0.0,0.220556,1.0,0.0,0.678119,0.675575,0.0,0.0,0.0,0.0,0.0,0.0,31,31.0,9.322581,6.0,3.0,7.928662,494.939527,237.155569,234.374129,47.534695,2.086983,1.0,0.988272,0.200437,0.492717,116.850656
avenue_training_05_clip_000002,avenue,training,05,2,33,64,32,0,0,0.0,13159.143306,6140.680145,6353.437248,188.524315,3336.728766,0,0.0,-8.796801,256.474042,128.999442,61.622313,62.320674,14.036243,28.211668,0.168044,0.137741,0.118457,0.0,0.0,0.0,0.011019,0.008264,0.011019,0.046832,0.090909,0.407713,147.110945,41.650269,36.346227,1.01874,37.453338,0,0.0,1361.295339,733.37849,787.896725,72.886899,362.473472,1.0,0,0.0,0.0,0.0,0.0,0.0,0.0,0.0,0.0,1,279.693792,282.821618,281.435866,0.0,0.0,0.0,93.254234,215.124341,155.027315,333.778995,193.914306,260.97082,0.837961,0.847332,0.84318,0.0,0.0,0.0,0.279389,0.644511,0.464461,1.0,0.580966,0.781867,0.0,0.0,0.0,0.0,0.0,0.0,35,31.0,10.371429,9.0,3.0,7.441527,460.287147,256.474042,261.314121,54.155654,1.794673,1.0,1.018872,0.211155,0.378937,97.18759
avenue_training_05_clip_000003,avenue,training,05,3,49,80,32,0,0,0.0,23229.293678,7047.172083,5368.412643,228.728869,5229.351658,0,0.0,3.34584,318.905913,161.969962,66.775081,68.590821,3.945186,36.218547,0.214646,0.14899,0.017677,0.015152,0.010101,0.017677,0.0,0.007576,0.020202,0.090909,0.106061,0.35101,161.60995,52.586428,42.16648,0.47475,45.357005,0,0.0,1375.0,763.410824,790.569415,72.886899,404.93826,1.0,0,0.0,0.0,0.0,0.0,0.0,0.0,0.0,0.0,1,350.713226,314.61581,154.598888,323.974916,345.854327,295.057305,0.0,499.941213,104.025047,255.167991,481.704319,302.175775,0.701509,0.629306,0.309234,0.648026,0.69179,0.590184,0.0,1.0,0.208075,0.510396,0.963522,0.604423,0.0,0.0,0.0,0.0,0.0,0.0,35,30.0,11.314286,6.0,3.0,9.211085,920.605336,318.905913,296.026913,68.312321,2.886762,1.0,0.928258,0.214208,0.549811,175.33803
avenue_training_05_clip_000004,avenue,training,05,4,65,96,32,0,0,0.0,23183.832689,6697.16543,4952.269656,136.041047,5963.378004,0,0.0,17.151993,282.454555,150.726031,64.389057,61.587339,15.760264,29.138225,0.377841,0.125,0.102273,0.042614,0.008523,0.0,0.0,0.008523,0.042614,0.0,0.133523,0.159091,155.048391,43.464452,35.723418,3.309576,37.684782,0,0.0,1371.643631,698.338512,683.853968,91.001374,380.806562,1.0,0,0.0,0.0,0.0,0.0,0.0,0.0,0.0,0.0,1,285.835206,198.117382,223.478421,320.759332,556.635218,0.0,0.0,116.878063,213.689398,0.0,197.949835,378.429682,0.513505,0.35592,0.401481,0.576247,1.0,0.0,0.0,0.209972,0.383895,0.0,0.355619,0.679852,0.0,0.0,0.0,0.0,0.0,0.0,33,31.0,10.666667,8.0,3.0,8.267009,736.121827,282.454555,227.3133,83.661934,2.60616,1.0,0.804778,0.296196,0.562356,158.840052
avenue_training_05_clip_000005,avenue,training,05,5,81,112,32,0,0,0.0,25212.120962,6827.311792,5572.031709,187.233477,5445.069728,0,0.0,11.050837,305.181707,159.702952,64.688479,64.440035,6.115504,33.330497,0.125,0.169444,0.027778,0.066667,0.016667,0.0,0.008333,0.0,0.0,0.047222,0.019444,0.519444,178.575622,50.2793,31.731322,3.719403,39.999266,0,0.0,1374.829535,740.966866,885.473037,97.628121,415.654841,0.997403,0,0.0,0.0,0.0,0.0,0.0,0.0,0.0,0.0,1,289.795069,493.939199,109.007236,221.777838,367.812935,0.0,306.683324,0.0,0.0,488.802329,366.311737,235.293397,0.586702,1.0,0.22069,0.448998,0.744652,0.0,0.620893,0.0,0.0,0.9896,0.741613,0.476361,0.090909,0.002597,0.0,0.0,0.002597,0.015145,35,31.0,10.285714,7.0,3.0,8.416214,1166.86767,305.181707,261.436536,67.423256,3.823518,1.0,0.856659,0.220928,0.734158,224.051507
avenue_training_05_clip_000006,avenue,training,05,6,97,128,32,0,0,0.0,26108.216917,7023.18555,5662.542553,194.162607,5682.384658,0,0.0,10.14077,302.552689,157.619865,70.564931,65.101681,18.434949,34.565194,0.435407,0.088517,0.009569,0.04067,0.007177,0.0,0.0,0.007177,0.009569,0.014354,0.126794,0.260766,134.076704,41.616652,21.103029,3.900588,39.737077,0,0.0,1325.530554,752.883396,840.851503,53.033009,414.610812,0.998737,0,0.0,0.0,0.0,0.0,0.0,0.0,0.0,0.0,1,318.24922,210.01988,42.67767,504.835689,63.306189,0.0,0.0,115.271867,218.228406,146.498074,334.022451,357.388798,0.630402,0.416016,0.084538,1.0,0.1254,0.0,0.0,0.228335,0.432276,0.29019,0.661646,0.707931,0.041667,0.001263,0.0,0.0,0.001263,0.007143,33,31.0,12.666667,6.0,3.0,10.513099,708.62246,302.552689,234.343976,42.67767,2.342146,1.0,0.774556,0.141059,0.611766,185.091346
avenue_training_05_clip_000007,avenue,training,05,7,113,144,32,0,0,0.0,25443.11715,9670.625327,7901.024596,312.829358,6233.16429,0,0.0,11.122569,340.846704,173.553128,74.009706,71.489799,19.359371,30.127436,0.200658,0.138158,0.023026,0.046053,0.019737,0.0,0.0,0.009868,0.0,0.075658,0.0,0.486842,141.868217,53.442625,41.257113,2.745249,37.723,0,0.0,1339.426183,799.189941,828.393562,135.208173,373.740761,0.998333,0,0.0,0.0,0.0,0.0,0.0,0.0,0.0,0.0,1,329.952217,371.155274,524.218566,182.35851,166.086202,0.0,0.0,386.8772,0.0,479.464933,0.0,292.241118,0.629417,0.708016,1.0,0.347867,0.316826,0.0,0.0,0.738007,0.0,0.914628,0.0,0.55748,0.05,0.001667,0.0,0.0,0.001667,0.008975,30,31.0,10.133333,5.0,3.0,9.006417,891.728044,340.846704,318.754351,101.971139,2.616214,1.0,0.935184,0.29917,0.570108,194.31956
avenue_training_05_clip_000008,avenue,training,05,8,129,160,32,0,0,0.0,32124.814727,6040.707695,5080.197061,495.558262,5861.200564,0,0.0,16.091662,238.696511,160.248379,79.785426,75.100749,27.731591,35.022819,0.240122,0.191489,0.237082,0.009119,0.0,0.0,0.0,0.018237,0.015198,0.0,0.091185,0.197568,145.842062,40.099097,28.205535,0.208235,33.658757,0,0.0,1338.025598,694.709152,697.316284,37.5,373.797326,1.0,0,0.0,0.0,0.0,0.0,0.0,0.0,0.0,0.0,1,246.600067,212.494039,273.115634,27.588835,0.0,0.0,0.0,121.063873,241.857559,0.0,210.37048,292.319788,0.843597,0.726923,0.934304,0.094379,0.0,0.0,0.0,0.414149,0.827373,0.0,0.719659,1.0,0.0,0.0,0.0,0.0,0.0,0.0,29,31.0,11.344828,10.0,3.0,8.575329,695.529303,238.696511,226.169648,27.588835,2.913865,1.0,0.94752,0.115581,0.505585,120.68131
avenue_training_05_clip_000009,avenue,training,05,9,145,176,32,0,0,0.0,20953.355354,5239.495866,4502.920927,320.293066,4516.477575,0,0.0,5.508729,222.163774,111.836788,60.128669,61.701329,4.26972,29.272865,0.41196,0.159468,0.016611,0.019934,0.0,0.0,0.0,0.0,0.009967,0.0,0.053156,0.328904,118.656583,28.776497,17.878671,0.824302,29.296641,0,0.0,1346.34923,628.122195,496.271053,53.033009,446.22175,0.998169,0,0.0,0.0,0.0,0.0,0.0,0.0,0.0,0.0,1,232.680909,197.589218,198.537299,572.79518,0.0,0.0,0.0,0.0,286.847054,0.0,133.83221,208.097227,0.40622,0.344956,0.346611,1.0,0.0,0.0,0.0,0.0,0.500785,0.0,0.233648,0.363301,0.047619,0.001832,0.0,0.0,0.001832,0.009158,26,31.0,11.576923,8.0,3.0,9.266038,572.79518,222.163774,201.11549,46.28074,2.578256,1.0,0.905258,0.208318,0.54441,120.948155
avenue_training_05_clip_000010,avenue,training,05,10,161,192,32,0,0,0.0,24535.641975,7602.372197,6838.827557,120.364002,6384.728538,0,0.0,9.790506,292.930669,147.094757,70.470044,59.765578,22.532433,32.604208,0.316017,0.207792,0.030303,0.034632,0.0,0.0,0.0,0.0,0.012987,0.0,0.155844,0.242424,107.005107,36.936617,29.651108,2.256262,32.096317,0,0.0,1357.214519,754.888149,966.806513,67.31456,482.922392,1.0,0,0.0,0.0,0.0,0.0,0.0,0.0,0.0,0.0,1,342.399755,150.343517,468.790941,241.433149,0.0,0.0,0.0,0.0,391.683173,0.0,333.410811,277.929618,0.730389,0.320705,1.0,0.515012,0.0,0.0,0.0,0.0,0.835518,0.0,0.711214,0.592865,0.0,0.0,0.0,0.0,0.0,0.0,22,31.0,10.5,5.5,3.0,9.847704,856.026855,292.930669,259.849517,64.90728,2.922285,1.0,0.887069,0.221579,0.693014,203.005164
avenue_training_05_clip_000011,avenue,training,05,11,177,208,32,0,0,0.0,15842.485254,6334.365157,5366.435166,236.674785,5211.580454,0,0.0,14.622607,296.31149,173.281181,77.815586,71.525572,15.255119,42.945639,0.344538,0.130252,0.071429,0.0,0.016807,0.016807,0.0,0.0,0.016807,0.012605,0.0,0.390756,144.957325,41.767387,25.576715,1.680499,38.496135,0,0.0,1367.136606,670.472977,699.733434,62.5,459.417657,1.0,0,0.0,0.0,0.0,0.0,0.0,0.0,0.0,0.0,1,226.134906,265.967341,305.717288,0.0,573.486285,76.603235,0.0,0.0,564.414072,424.506237,0.0,291.859723,0.394316,0.463773,0.533086,0.0,1.0,0.133575,0.0,0.0,0.984181,0.74022,0.0,0.508922,0.0,0.0,0.0,0.0,0.0,0.0,24,31.0,9.916667,5.0,3.0,9.169318,763.810003,296.31149,289.720091,45.844297,2.577727,1.0,0.977755,0.154717,0.650647,192.794078
avenue_training_05_clip_000012,avenue,training,05,12,193,224,32,0,0,0.0,24514.424493,5855.462362,4957.175798,61.887196,5369.193082,0,0.0,-5.156213,302.560862,172.126507,65.68686,58.020683,4.398705,43.663148,0.321285,0.072289,0.036145,0.012048,0.0,0.0,0.012048,0.0,0.012048,0.012048,0.11245,0.409639,163.308581,41.629244,24.612143,1.108191,41.571896,0,0.0,1364.562659,727.28722,843.078436,51.53882,484.050342,1.0,0,0.0,0.0,0.0,0.0,0.0,0.0,0.0,0.0,1,361.554309,210.752396,429.419087,126.237744,0.0,0.0,95.889798,0.0,45.533646,443.768019,256.719818,341.313808,0.814737,0.474916,0.967666,0.284468,0.0,0.0,0.216081,0.0,0.102607,1.0,0.5785,0.769127,0.0,0.0,0.0,0.0,0.0,0.0,23,31.0,10.826087,7.0,3.0,9.044105,815.28849,302.560862,305.256256,45.533646,2.694626,1.0,1.008909,0.150494,0.638756,193.262527
avenue_training_05_clip_000013,avenue,training,05,13,209,240,32,0,0,0.0,32593.908702,7848.756798,7892.811821,0.0,6549.474931,0,0.0,8.722574,287.094314,134.38472,69.766116,68.194977,28.072487,27.548317,0.569079,0.029605,0.049342,0.009868,0.009868,0.0,0.0,0.0,0.0,0.016447,0.095395,0.220395,111.929974,29.383716,17.729909,1.908363,27.571004,0,0.0,1353.756348,789.967578,953.597969,51.53882,475.727138,0.998169,0,0.0,0.0,0.0,0.0,0.0,0.0,0.0,0.0,1,307.419165,378.41845,355.822199,51.53882,701.878174,0.0,0.0,0.0,0.0,132.17354,278.222569,233.095294,0.437995,0.539151,0.506957,0.07343,1.0,0.0,0.0,0.0,0.0,0.188314,0.396397,0.332102,0.047619,0.001832,0.0,0.0,0.001832,0.009157,26,31.0,11.692308,8.5,3.0,8.795844,701.878174,287.094314,295.818148,48.304106,2.444765,1.0,1.030387,0.168252,0.572993,164.503114
avenue_training_05_clip_000014,avenue,training,05,14,225,256,32,0,0,0.0,26469.025463,7774.982703,6433.060009,427.963531,5848.379272,0,0.0,-2.632792,328.846432,122.138112,70.466679,66.052942,7.125016,27.141348,0.315113,0.167203,0.032154,0.0,0.0,0.0,0.0,0.009646,0.0,0.032154,0.03537,0.40836,147.239649,34.882525,31.61633,0.587548,33.141791,0,0.0,1327.650651,832.189024,980.592933,45.069391,391.354218,0.987654,0,0.0,0.0,0.0,0.0,0.0,0.0,0.0,0.0,1,276.984662,301.837929,67.921616,0.0,0.0,0.0,0.0,36.51012,0.0,607.881966,490.25533,347.317491,0.455655,0.49654,0.111735,0.0,0.0,0.0,0.0,0.060061,0.0,1.0,0.806498,0.571357,0.333333,0.012346,0.0,0.0,0.012346,0.062951,27,31.0,11.518519,6.0,3.0,9.654668,849.281437,328.846432,282.805215,36.51012,2.582608,1.0,0.859992,0.111025,0.598693,196.877943
avenue_training_05_clip_000015,avenue,training,05,15,241,272,32,0,0,0.0,23114.559982,7665.31488,7067.883453,235.558984,4817.954926,0,0.0,9.795336,276.575739,151.854472,79.635963,73.712448,14.036243,34.130905,0.431655,0.039568,0.021583,0.021583,0.0,0.0,0.0,0.0,0.0,0.0,0.064748,0.420863,107.847353,28.913095,24.481518,1.101784,25.460352,0,0.0,1337.55841,688.30369,740.870271,112.5,358.511034,1.0,0,0.0,0.0,0.0,0.0,0.0,0.0,0.0,0.0,1,247.386785,410.952769,182.970194,356.371899,0.0,0.0,0.0,0.0,0.0,0.0,271.156236,257.559861,0.601983,1.0,0.445234,0.867185,0.0,0.0,0.0,0.0,0.0,0.0,0.659823,0.626738,0.0,0.0,0.0,0.0,0.0,0.0,28,29.0,9.928571,6.0,3.0,8.552061,602.045448,276.575739,254.242908,106.851646,2.176783,1.0,0.919253,0.386338,0.417477,115.463922
avenue_training_05_clip_000016,avenue,training,05,16,257,288,32,0,0,0.0,16732.422947,7510.123305,6473.402337,1043.156331,3913.645093,0,0.0,4.4247,345.200772,178.869309,83.385813,74.396148,13.792902,38.40979,0.311475,0.239344,0.032787,0.009836,0.0,0.0,0.0,0.0,0.036066,0.032787,0.013115,0.32459,113.119292,39.271378,29.901412,1.025014,31.509096,0,0.0,1325.530554,780.492035,830.850468,63.737744,359.441814,1.0,0,0.0,0.0,0.0,0.0,0.0,0.0,0.0,0.0,1,371.892529,363.503869,493.909674,40.707707,0.0,0.0,0.0,0.0,355.319749,467.639218,153.146071,253.803746,0.752957,0.735972,1.0,0.082419,0.0,0.0,0.0,0.0,0.719402,0.946811,0.310069,0.513867,0.0,0.0,0.0,0.0,0.0,0.0,31,31.0,9.83871,6.0,3.0,7.560921,784.653111,345.200772,278.067635,40.707707,2.273034,1.0,0.805524,0.117925,0.53441,184.478634
avenue_training_05_clip_000017,avenue,training,05,17,273,304,32,0,0,0.0,17495.755245,6177.991493,6036.49811,453.162063,3986.869953,0,0.0,6.574434,287.381936,127.441416,64.538074,68.637678,5.747959,31.737555,0.422969,0.07563,0.02521,0.011204,0.0,0.0,0.0,0.0,0.0,0.036415,0.112045,0.316527,93.189353,27.869917,17.266717,2.663247,25.225212,0,0.0,1351.445985,722.462361,718.725168,63.737744,393.385245,1.0,0,0.0,0.0,0.0,0.0,0.0,0.0,0.0,0.0,1,200.382597,340.323176,481.880748,66.376371,0.0,0.0,0.0,0.0,0.0,323.79508,277.846523,335.837906,0.415834,0.706239,1.0,0.137744,0.0,0.0,0.0,0.0,0.0,0.67194,0.576588,0.696932,0.0,0.0,0.0,0.0,0.0,0.0,34,31.0,10.5,7.0,3.0,8.099564,815.547467,287.381936,287.148818,54.403567,2.837852,1.0,0.999189,0.189308,0.549269,157.849963
avenue_training_05_clip_000018,avenue,training,05,18,289,320,32,0,0,0.0,20759.180388,5789.252323,5506.293399,166.029841,4572.719473,0,0.0,6.59447,250.913208,154.403619,72.299789,74.288924,10.605803,36.372845,0.446945,0.041801,0.012862,0.016077,0.0,0.0,0.0,0.0,0.0,0.016077,0.0,0.466238,84.613719,22.559519,13.693637,0.310651,22.13221,0,0.0,1372.953022,700.885596,482.708828,50.389111,497.857963,1.0,0,0.0,0.0,0.0,0.0,0.0,0.0,0.0,0.0,1,240.494443,253.926673,235.823903,83.122798,0.0,0.0,0.0,0.0,0.0,397.164383,0.0,262.892825,0.605529,0.639349,0.593769,0.209291,0.0,0.0,0.0,0.0,0.0,1.0,0.0,0.661924,0.0,0.0,0.0,0.0,0.0,0.0,27,31.0,11.518519,8.0,3.0,8.052469,564.449383,250.913208,239.63597,42.872225,2.24958,1.0,0.955055,0.170865,0.535001,134.238818
avenue_training_05_clip_000019,avenue,training,05,19,305,336,32,0,0,0.0,16529.560151,6344.021818,4995.665551,311.694379,4060.145651,0,0.0,-2.263566,291.564119,164.357754,69.177476,65.556045,10.260555,30.682742,0.311978,0.069638,0.011142,0.011142,0.008357,0.0,0.0,0.0,0.0,0.008357,0.194986,0.384401,146.734955,31.535429,25.334676,1.966824,30.025557,0,0.0,1350.983438,731.11949,782.823416,162.98006,371.499355,1.0,0,0.0,0.0,0.0,0.0,0.0,0.0,0.0,0.0,1,287.266081,415.84075,411.389614,159.270555,580.29585,0.0,0.0,0.0,0.0,870.995415,266.237178,207.371974,0.329814,0.477432,0.472321,0.18286,0.666244,0.0,0.0,0.0,0.0,1.0,0.30567,0.238086,0.0,0.0,0.0,0.0,0.0,0.0,33,31.0,10.878788,6.0,3.0,8.786207,870.995415,291.564119,245.003288,70.078976,2.98732,1.0,0.840307,0.240355,0.572436,166.901748
avenue_training_05_clip_000020,avenue,training,05,20,321,352,32,0,0,0.0,14959.639747,6029.405501,5224.568779,17.307856,3896.541731,0,0.0,-4.953933,248.736004,153.838434,74.983177,65.634801,16.700352,30.27659,0.295385,0.009231,0.015385,0.009231,0.0,0.0,0.0,0.0,0.0,0.0,0.123077,0.547692,115.411125,24.897745,14.642774,0.131107,25.45657,0,0.0,1288.470508,683.891471,645.174395,100.778222,378.366765,1.0,0,0.0,0.0,0.0,0.0,0.0,0.0,0.0,0.0,1,292.181784,112.846157,387.134856,96.561765,0.0,0.0,0.0,0.0,0.0,0.0,253.259519,231.773036,0.754729,0.291491,1.0,0.249427,0.0,0.0,0.0,0.0,0.0,0.0,0.654189,0.598688,0.0,0.0,0.0,0.0,0.0,0.0,29,31.0,11.206897,9.0,3.0,8.591814,527.770777,248.736004,215.558629,73.829633,2.121811,1.0,0.866616,0.296819,0.461806,114.867875
avenue_training_05_clip_000021,avenue,training,05,21,337,368,32,0,0,0.0,14064.260971,5520.521452,4526.03569,83.527664,3739.459757,0,0.0,9.08902,228.0426,144.865807,59.75024,55.795971,3.032703,28.583442,0.473146,0.035806,0.035806,0.0,0.0,0.0,0.0,0.0,0.0,0.007673,0.025575,0.421995,93.173963,27.630415,21.548874,0.543999,23.022413,0,0.0,1352.370604,674.820464,648.315124,51.53882,390.860557,1.0,0,0.0,0.0,0.0,0.0,0.0,0.0,0.0,0.0,1,231.579106,231.76385,188.144783,0.0,0.0,0.0,0.0,0.0,0.0,226.457699,290.250497,233.476263,0.797859,0.798496,0.648215,0.0,0.0,0.0,0.0,0.0,0.0,0.780215,1.0,0.804396,0.0,0.0,0.0,0.0,0.0,0.0,29,31.0,13.482759,10.0,3.0,10.493416,442.286813,228.0426,198.599185,44.51941,1.939492,1.0,0.870886,0.195224,0.478901,109.209825
avenue_training_05_clip_000022,avenue,training,05,22,353,384,32,0,0,0.0,22583.569031,7005.36951,7416.343375,678.616524,4971.530472,0,0.0,-4.055299,237.641429,164.616703,76.863978,71.557931,29.952744,28.076672,0.391185,0.038567,0.035813,0.0,0.0,0.0,0.0,0.0,0.0,0.041322,0.077135,0.415978,78.618129,30.637576,24.403613,0.409208,25.572089,0,0.0,1372.099213,678.128954,551.894253,62.5,414.643077,1.0,0,0.0,0.0,0.0,0.0,0.0,0.0,0.0,0.0,1,275.198662,164.290885,251.894166,0.0,0.0,0.0,0.0,0.0,0.0,242.573529,232.510702,237.466513,1.0,0.59699,0.915318,0.0,0.0,0.0,0.0,0.0,0.0,0.881449,0.844883,0.862891,0.0,0.0,0.0,0.0,0.0,0.0,30,31.0,12.1,7.5,3.0,9.957744,507.412626,237.641429,248.503661,48.92767,2.135203,1.0,1.045708,0.205889,0.488327,116.046646
avenue_training_05_clip_000023,avenue,training,05,23,369,400,32,0,0,0.0,16469.053043,5479.525035,4406.546591,0.0,3956.918106,0,0.0,10.988322,235.650386,128.134193,64.254356,70.614823,0.0,32.400618,0.295045,0.112613,0.033784,0.0,0.0,0.0,0.0,0.0,0.0,0.0,0.0,0.558559,74.905288,20.142961,16.932264,0.334668,15.794713,0,0.0,1294.821416,659.701913,612.811835,62.5,431.112791,1.0,0,0.0,0.0,0.0,0.0,0.0,0.0,0.0,0.0,1,231.420128,315.484698,277.270713,0.0,0.0,0.0,0.0,0.0,0.0,0.0,0.0,214.027892,0.733538,1.0,0.878872,0.0,0.0,0.0,0.0,0.0,0.0,0.0,0.0,0.67841,0.0,0.0,0.0,0.0,0.0,0.0,38,31.0,11.684211,8.0,3.0,9.168324,827.3622,235.650386,187.859702,62.5,3.510973,1.0,0.797197,0.265223,0.644202,151.806508
avenue_training_05_clip_000024,avenue,training,05,24,385,416,32,0,0,0.0,26186.660292,6200.011145,5601.228222,38.470508,5080.965526,0,0.0,5.160733,224.345101,133.318611,75.656485,72.141588,26.809491,27.343265,0.362187,0.223235,0.0,0.0,0.0,0.0,0.0,0.0,0.0,0.006834,0.022779,0.384966,74.11426,23.050919,20.720348,0.021292,16.996075,0,0.0,1341.000093,670.152,631.002427,51.53882,382.298286,0.99899,0,0.0,0.0,0.0,0.0,0.0,0.0,0.0,0.0,1,266.468217,183.777513,0.0,0.0,0.0,0.0,0.0,0.0,0.0,575.272026,214.193711,159.445084,0.463204,0.319462,0.0,0.0,0.0,0.0,0.0,0.0,0.0,1.0,0.372335,0.277165,0.033333,0.00101,0.0,0.0,0.00101,0.005714,33,31.0,13.30303,12.0,3.0,9.602666,575.272026,224.345101,214.069877,50.76941,2.564228,1.0,0.954199,0.226301,0.524925,117.764478
avenue_training_05_clip_000025,avenue,training,05,25,401,432,32,0,0,0.0,27577.365834,7026.370015,6469.318799,432.864002,5812.680217,0,0.0,-2.31114,274.648022,160.670096,80.031189,77.495155,12.668716,32.647834,0.224242,0.139394,0.0,0.012121,0.0,0.0,0.0,0.0,0.0,0.021212,0.115152,0.487879,114.011299,30.565035,25.227777,0.735144,25.478152,0,0.0,1349.189572,680.080436,542.129985,67.31456,417.922375,1.0,0,0.0,0.0,0.0,0.0,0.0,0.0,0.0,0.0,1,241.799777,338.076684,0.0,159.679994,0.0,0.0,0.0,0.0,0.0,198.272814,196.099558,306.373134,0.715222,1.0,0.0,0.472319,0.0,0.0,0.0,0.0,0.0,0.586473,0.580045,0.906224,0.0,0.0,0.0,0.0,0.0,0.0,32,31.0,10.3125,6.0,3.0,8.48321,1063.624166,274.648022,213.245235,55.77152,3.872681,1.0,0.776431,0.203065,0.75676,207.842699
avenue_training_05_clip_000026,avenue,training,05,26,417,448,32,0,0,0.0,9467.353026,3194.881238,3283.547418,75.825215,2495.622923,0,0.0,-1.338531,144.608814,159.304549,71.572523,67.435274,1.218875,41.316831,0.286996,0.107623,0.0,0.0,0.0,0.0,0.0,0.0,0.0,0.0,0.224215,0.381166,60.331624,24.392025,21.161469,1.311932,17.151611,0,0.0,1345.188184,454.998891,287.771611,34.359214,388.410685,1.0,0,0.0,0.0,0.0,0.0,0.0,0.0,0.0,0.0,1,156.886386,127.554571,0.0,0.0,0.0,0.0,0.0,0.0,0.0,0.0,101.082321,165.194866,0.949705,0.772146,0.0,0.0,0.0,0.0,0.0,0.0,0.0,0.0,0.611897,1.0,0.0,0.0,0.0,0.0,0.0,0.0,23,31.0,9.695652,6.0,3.0,8.353259,303.723988,144.608814,139.989615,29.679607,2.100314,1.0,0.968057,0.205241,0.498258,72.05251
avenue_training_05_clip_000027,avenue,training,05,27,433,464,32,0,0,0.0,10067.920974,4653.49355,4099.605609,195.039944,3355.556965,0,0.0,-18.19226,207.584482,112.38604,66.735256,76.786799,6.546291,29.444538,0.222222,0.0,0.0,0.0,0.0,0.0,0.0,0.0,0.019608,0.009804,0.035948,0.712418,86.814835,28.4603,26.270071,1.986857,24.535039,0,0.0,1307.789165,620.720778,681.248237,55.901699,421.620955,1.0,0,0.0,0.0,0.0,0.0,0.0,0.0,0.0,0.0,1,155.068233,0.0,0.0,0.0,0.0,0.0,0.0,0.0,154.435526,185.258525,316.660475,244.318024,0.489699,0.0,0.0,0.0,0.0,0.0,0.0,0.0,0.487701,0.585038,1.0,0.771546,0.0,0.0,0.0,0.0,0.0,0.0,22,31.0,13.909091,10.5,3.0,10.295229,442.921618,207.584482,186.683174,39.467233,2.133693,1.0,0.899312,0.190126,0.473959,98.386496
avenue_training_05_clip_000028,avenue,training,05,28,449,480,32,0,0,0.0,13297.918381,6292.623323,5816.995861,120.364002,3832.568175,0,0.0,10.941625,220.469501,179.879377,73.602202,74.542554,10.167775,33.82474,0.398844,0.104046,0.008671,0.008671,0.0,0.008671,0.0,0.0,0.008671,0.0,0.054913,0.407514,140.775897,35.859998,20.87074,2.057577,36.312914,0,0.0,1346.34923,722.339501,657.320555,45.069391,414.525187,0.998316,0,0.0,0.0,0.0,0.0,0.0,0.0,0.0,0.0,1,230.96034,210.824597,282.047553,64.90728,0.0,354.422025,0.0,0.0,35.034695,0.0,199.943863,238.164566,0.651653,0.594841,0.795796,0.183136,0.0,1.0,0.0,0.0,0.09885,0.0,0.564141,0.67198,0.045455,0.001684,0.0,0.0,0.001684,0.008584,27,31.0,12.814815,9.0,3.0,9.767812,480.92645,220.469501,226.017924,35.034695,2.181374,1.0,1.025166,0.158909,0.475428,104.817316
avenue_training_05_clip_000029,avenue,training,05,29,465,496,32,0,0,0.0,16995.033137,7025.805334,6399.912432,651.413766,4369.359675,0,0.0,0.214644,238.512446,109.167758,72.629272,75.927347,10.589626,25.652064,0.477273,0.117424,0.018939,0.0,0.0,0.0,0.0,0.015152,0.0,0.015152,0.113636,0.242424,135.092999,34.503695,28.679717,3.011802,28.462002,0,0.0,1270.642062,727.376907,718.614118,125.0,357.699582,1.0,0,0.0,0.0,0.0,0.0,0.0,0.0,0.0,0.0,1,276.7319,268.848001,250.469108,0.0,0.0,0.0,0.0,97.694688,0.0,153.018665,151.130419,271.367675,1.0,0.971511,0.905097,0.0,0.0,0.0,0.0,0.35303,0.0,0.552949,0.546126,0.980616,0.0,0.0,0.0,0.0,0.0,0.0,23,31.0,11.478261,8.0,4.0,8.224405,476.11621,238.512446,226.772026,97.694688,1.99619,1.0,0.950776,0.4096,0.437453,104.338037
avenue_training_05_clip_000030,avenue,training,05,30,481,512,32,0,0,0.0,29756.312453,6965.502368,5023.412007,122.009652,6776.489564,0,0.0,-11.927224,249.56299,139.373081,58.538866,58.449057,10.988651,34.907187,0.07027,0.205405,0.07027,0.021622,0.0,0.021622,0.016216,0.0,0.016216,0.097297,0.12973,0.351351,178.890863,54.968891,53.608324,0.548944,44.931243,0,0.0,1360.147051,638.114603,666.292213,33.65728,418.968606,1.0,0,0.0,0.0,0.0,0.0,0.0,0.0,0.0,0.0,1,439.187853,304.762853,324.063688,73.210534,0.0,128.877036,202.766909,0.0,428.906876,232.928404,136.694311,201.69501,1.0,0.693924,0.73787,0.166695,0.0,0.293444,0.461686,0.0,0.976591,0.530362,0.311243,0.459245,0.0,0.0,0.0,0.0,0.0,0.0,23,31.0,8.043478,4.0,3.0,7.860071,763.29655,249.56299,197.53309,19.95364,3.058533,1.0,0.791516,0.079954,0.600012,149.740706
avenue_training_05_clip_000031,avenue,training,05,31,497,528,32,0,0,0.0,20435.888659,5907.172911,3781.006054,104.328292,5935.40159,0,0.0,4.381649,240.437655,130.344186,74.076121,67.541308,23.107356,28.339923,0.611111,0.194444,0.022222,0.0,0.0,0.0,0.0,0.016667,0.0,0.022222,0.133333,0.0,139.381649,40.924608,39.322571,3.715831,29.421867,0,0.0,1347.509276,575.342836,436.579515,39.528471,447.357379,1.0,0,0.0,0.0,0.0,0.0,0.0,0.0,0.0,0.0,1,176.255094,240.577198,89.821091,0.0,0.0,0.0,0.0,136.50206,0.0,882.688433,255.62317,0.0,0.19968,0.272551,0.101759,0.0,0.0,0.0,0.0,0.154644,0.0,1.0,0.289596,0.0,0.0,0.0,0.0,0.0,0.0,0.0,20,30.0,9.0,6.0,3.0,7.886698,882.688433,240.437655,161.816422,37.441905,3.671174,1.0,0.673008,0.155724,0.818121,196.707053
avenue_training_05_clip_000032,avenue,training,05,32,513,544,32,0,0,0.0,14816.359728,6160.3077,5600.995837,269.55626,4130.694695,0,0.0,4.574699,268.987346,150.403901,85.219785,89.962393,32.495935,31.425232,0.543689,0.033981,0.116505,0.0,0.014563,0.0,0.0,0.0,0.014563,0.043689,0.11165,0.121359,130.919181,40.322334,26.994898,0.437468,34.167477,0,0.0,1305.038314,638.99016,648.556089,76.034532,369.716126,0.995,0,0.0,0.0,0.0,0.0,0.0,0.0,0.0,0.0,1,245.551923,308.648384,205.713938,0.0,352.228894,0.0,0.0,0.0,669.867681,191.16005,387.076839,109.184579,0.366568,0.46076,0.307096,0.0,0.525819,0.0,0.0,0.0,1.0,0.28537,0.577841,0.162994,0.125,0.005,0.0,0.0,0.005,0.024495,25,22.0,8.24,5.0,3.0,5.826011,669.867681,268.987346,239.525937,43.472468,2.490332,1.0,0.890473,0.161615,0.612143,164.658825
avenue_training_05_clip_000033,avenue,training,05,33,529,560,32,0,0,0.0,27023.024809,7723.619596,6883.22633,361.652097,6718.450326,0,0.0,-5.412902,318.574704,117.486939,68.334223,68.08387,5.403791,29.989179,0.218978,0.0,0.291971,0.0,0.0,0.0,0.021898,0.0,0.0,0.029197,0.029197,0.408759,164.760186,44.90265,28.660463,1.664121,44.700611,0,0.0,1252.247979,767.581029,830.097886,115.244306,370.724451,1.0,0,0.0,0.0,0.0,0.0,0.0,0.0,0.0,0.0,1,209.823476,0.0,442.956702,0.0,0.0,0.0,108.011264,0.0,0.0,283.617507,185.597514,363.145561,0.473688,0.0,1.0,0.0,0.0,0.0,0.243842,0.0,0.0,0.640283,0.418997,0.819822,0.0,0.0,0.0,0.0,0.0,0.0,13,25.0,10.538462,7.0,3.0,7.967389,901.951338,318.574704,244.134012,108.011264,2.831208,1.0,0.766332,0.339045,0.780859,248.761994
avenue_training_05_clip_000034,avenue,training,05,34,545,576,32,0,0,0.0,11433.284679,5362.881178,4733.238767,400.03434,3698.366021,0,0.0,18.465786,210.884314,103.268302,68.408755,71.176376,15.945396,24.094149,0.54878,0.158537,0.0,0.0,0.0,0.036585,0.0,0.0,0.060976,0.0,0.0,0.195122,153.561516,39.676371,17.689266,6.5005,48.860899,0,0.0,1162.768786,577.591069,653.049847,91.001374,369.841978,1.0,0,0.0,0.0,0.0,0.0,0.0,0.0,0.0,0.0,1,268.392206,79.254135,0.0,0.0,0.0,83.000687,0.0,0.0,253.044692,0.0,0.0,270.360333,0.99272,0.293143,0.0,0.0,0.0,0.307,0.0,0.0,0.935953,0.0,0.0,1.0,0.0,0.0,0.0,0.0,0.0,0.0,10,19.0,8.2,7.0,3.0,4.556314,443.783831,210.884314,180.220159,67.55649,2.104395,1.0,0.854593,0.320349,0.613898,129.461505
avenue_training_05_clip_000035,avenue,training,05,35,561,592,32,0,0,0.0,16300.242169,7765.193703,7606.912356,0.0,5866.430209,0,0.0,20.064629,203.810292,165.749967,88.031941,72.812117,61.394972,33.976388,0.625,0.375,0.0,0.0,0.0,0.0,0.0,0.0,0.0,0.0,0.0,0.0,29.66056,17.107868,19.17756,1.65853,8.760151,0,0.0,1293.493332,651.432179,658.948529,100.778222,443.410282,0.96875,0,0.0,0.0,0.0,0.0,0.0,0.0,0.0,0.0,1,255.461724,117.724572,0.0,0.0,0.0,0.0,0.0,0.0,0.0,0.0,0.0,0.0,1.0,0.460831,0.0,0.0,0.0,0.0,0.0,0.0,0.0,0.0,0.0,0.0,0.25,0.03125,0.0,0.0,0.03125,0.08268,8,14.0,7.0,6.5,3.0,3.535534,338.097311,203.810292,233.151854,80.108324,1.658882,1.0,1.143965,0.393053,0.479483,97.723661
avenue_training_05_clip_000036,avenue,training,05,36,577,608,32,0,0,0.0,6540.792546,2811.435528,2446.976064,256.829505,2021.875739,0,0.0,22.829,112.355071,131.380166,76.287937,73.242516,18.434949,29.235811,0.459459,0.094595,0.067568,0.0,0.0,0.0,0.0,0.0,0.0,0.0,0.0,0.378378,46.687285,24.482817,30.390212,3.421335,14.829544,0,0.0,1196.348611,406.72129,234.712946,27.95085,386.228584,0.991667,0,0.0,0.0,0.0,0.0,0.0,0.0,0.0,0.0,1,176.714761,57.653045,71.929615,0.0,0.0,0.0,0.0,0.0,0.0,0.0,0.0,119.391781,1.0,0.326249,0.407038,0.0,0.0,0.0,0.0,0.0,0.0,0.0,0.0,0.675619,0.066667,0.008333,0.0,0.0,0.008333,0.022048,8,22.0,9.25,6.0,3.0,6.359049,228.408671,112.355071,91.80905,22.81426,2.032918,1.0,0.817133,0.203055,0.533129,59.899751
avenue_training_05_clip_000037,avenue,training,05,37,593,624,32,0,0,0.0,11659.11786,5692.593284,5648.386931,908.401516,3226.134308,0,0.0,-2.747504,198.777982,131.710614,77.672366,71.868282,36.027373,30.168348,0.126761,0.549296,0.0,0.0,0.0,0.0,0.0,0.0,0.0,0.042254,0.084507,0.197183,69.238809,34.59384,33.84393,1.533648,24.750712,0,0.0,966.469089,596.431909,827.741657,100.778222,364.135787,1.0,0,0.0,0.0,0.0,0.0,0.0,0.0,0.0,0.0,1,110.554992,242.875888,0.0,0.0,0.0,0.0,0.0,0.0,0.0,122.509191,260.872951,301.201968,0.367046,0.806356,0.0,0.0,0.0,0.0,0.0,0.0,0.0,0.406734,0.866106,1.0,0.0,0.0,0.0,0.0,0.0,0.0,7,29.0,10.142857,6.0,3.0,8.509299,301.201968,198.777982,235.680556,57.377866,1.515268,1.0,1.185647,0.288653,0.405049,80.514762
avenue_training_05_clip_000038,avenue,training,05,38,609,640,32,0,0,0.0,8697.383796,3363.084404,2458.43828,157.155818,2754.708527,0,0.0,49.178423,144.256673,99.217474,60.258018,59.787667,7.125016,29.107208,0.0,0.329787,0.0,0.212766,0.031915,0.031915,0.0,0.0,0.0,0.0,0.0,0.393617,113.976543,58.950954,70.395154,8.111543,32.173849,0,0.0,1257.788237,480.779147,317.616579,75.0,428.049543,1.0,0,0.0,0.0,0.0,0.0,0.0,0.0,0.0,0.0,1,0.0,165.674895,0.0,150.42779,86.995666,60.034695,0.0,0.0,0.0,0.0,0.0,175.081815,0.0,0.946271,0.0,0.859186,0.496886,0.342895,0.0,0.0,0.0,0.0,0.0,1.0,0.0,0.0,0.0,0.0,0.0,0.0,8,27.0,11.75,9.5,3.0,9.038114,257.800225,144.256673,128.397241,60.034695,1.787094,1.0,0.890061,0.416166,0.476468,68.733637
avenue_training_05_clip_000039,avenue,training,05,39,625,656,32,0,0,0.0,30782.008519,5735.886075,3300.068681,293.264746,9062.463847,0,0.0,21.794668,201.206059,137.106921,68.71979,74.054604,14.369898,36.395793,0.0,0.186667,0.066667,0.0,0.0,0.0,0.0,0.0,0.0,0.0,0.0,0.746667,57.100013,31.776275,25.970937,15.232634,14.017016,0,0.0,1337.733624,553.193088,232.51344,75.0,541.251422,1.0,0,0.0,0.0,0.0,0.0,0.0,0.0,0.0,0.0,1,0.0,276.895578,93.818872,0.0,0.0,0.0,0.0,0.0,0.0,0.0,0.0,152.363338,0.0,1.0,0.338824,0.0,0.0,0.0,0.0,0.0,0.0,0.0,0.0,0.550256,0.0,0.0,0.0,0.0,0.0,0.0,9,24.0,8.333333,4.0,3.0,8.393119,667.178991,201.206059,161.045629,60.813507,3.315899,1.0,0.800401,0.302245,0.863952,173.832365
avenue_training_05_clip_000040,avenue,training,05,40,641,672,32,0,0,0.0,8613.828279,4568.767217,3688.749896,2064.023768,2165.528728,0,0.0,17.386296,203.586059,129.508564,71.177095,65.479232,36.36093,25.862814,0.305085,0.067797,0.0,0.0,0.084746,0.0,0.0,0.0,0.0,0.0,0.237288,0.305085,119.955816,38.021346,34.476457,1.56611,36.375239,0,0.0,752.599661,463.732651,446.294088,226.384628,187.487817,1.0,0,0.0,0.0,0.0,0.0,0.0,0.0,0.0,0.0,1,221.260446,198.965051,0.0,0.0,105.990983,0.0,0.0,0.0,0.0,0.0,159.493791,250.228653,0.884233,0.795133,0.0,0.0,0.423577,0.0,0.0,0.0,0.0,0.0,0.637392,1.0,0.0,0.0,0.0,0.0,0.0,0.0,8,14.0,7.375,6.0,4.0,3.705992,296.989887,203.586059,211.020894,105.990983,1.458793,1.0,1.03652,0.52062,0.322859,65.729593
avenue_training_05_clip_000041,avenue,training,05,41,657,688,32,0,0,0.0,9767.134445,6294.658414,5526.812941,2711.445552,2974.406584,0,0.0,15.073727,271.28904,93.795801,77.648167,77.204487,61.478078,13.137027,0.325581,0.255814,0.0,0.0,0.0,0.0,0.0,0.0,0.0,0.0,0.0,0.418605,26.420787,15.417017,15.531243,6.482442,6.527137,0,0.0,1227.930169,731.453131,592.66348,275.283944,390.611074,1.0,0,0.0,0.0,0.0,0.0,0.0,0.0,0.0,0.0,1,350.419623,157.498818,0.0,0.0,0.0,0.0,0.0,0.0,0.0,0.0,0.0,340.608321,1.0,0.449458,0.0,0.0,0.0,0.0,0.0,0.0,0.0,0.0,0.0,0.972001,0.0,0.0,0.0,0.0,0.0,0.0,5,18.0,8.6,6.0,5.0,4.923413,514.362224,271.28904,195.240015,119.75762,1.895993,1.0,0.719675,0.441439,0.520846,141.299709
avenue_training_05_clip_000042,avenue,training,05,42,673,704,32,0,0,0.0,12749.338761,8223.112293,8033.097898,4940.862901,2494.650946,0,0.0,-16.402384,317.509203,109.930311,71.480118,58.231757,48.908765,25.824158,0.108696,0.0,0.173913,0.0,0.0,0.0,0.0,0.0,0.0,0.478261,0.152174,0.086957,98.313581,44.208232,41.670335,11.980091,27.467518,0,0.0,1222.957481,882.787606,970.350913,403.935716,263.123963,1.0,0,0.0,0.0,0.0,0.0,0.0,0.0,0.0,0.0,1,566.441985,0.0,329.853102,0.0,0.0,0.0,0.0,0.0,0.0,264.061441,243.577179,237.060071,1.0,0.0,0.582325,0.0,0.0,0.0,0.0,0.0,0.0,0.466176,0.430013,0.418507,0.0,0.0,0.0,0.0,0.0,0.0,6,11.0,7.666667,7.5,4.0,2.687419,566.441985,317.509203,278.870706,213.958649,1.784018,1.0,0.878308,0.673866,0.374408,118.877959
avenue_training_05_clip_000043,avenue,training,05,43,689,720,32,0,0,0.0,10946.374217,7560.218432,8272.396006,2749.707501,3403.270585,0,0.0,-11.906652,284.434084,95.094109,79.39891,77.449003,67.603523,11.100431,0.220339,0.0,0.0,0.0,0.0,0.0,0.0,0.0,0.0,0.0,0.20339,0.576271,30.44633,20.204325,20.204325,9.96232,9.900827,0,0.0,1233.516315,878.356819,829.949809,620.011341,232.813638,1.0,0,0.0,0.0,0.0,0.0,0.0,0.0,0.0,0.0,1,223.218469,0.0,0.0,0.0,0.0,0.0,0.0,0.0,0.0,0.0,272.063751,321.227058,0.694893,0.0,0.0,0.0,0.0,0.0,0.0,0.0,0.0,0.0,0.846952,1.0,0.0,0.0,0.0,0.0,0.0,0.0,4,28.0,14.75,12.5,6.0,8.104783,333.189776,284.434084,290.664045,223.218469,1.171413,1.0,1.021903,0.784781,0.145957,41.515165
avenue_training_05_clip_000044,avenue,training,05,44,705,736,32,0,0,0.0,11742.667541,3548.554801,2762.86571,0.0,3105.934915,0,0.0,35.175006,181.718331,125.643247,65.920065,63.254671,0.0,38.009771,0.231579,0.294737,0.2,0.0,0.031579,0.042105,0.031579,0.0,0.0,0.0,0.0,0.168421,171.390045,54.605998,35.175006,2.916726,52.555288,0,0.0,1078.482731,455.647,427.931069,27.95085,318.732423,1.0,0,0.0,0.0,0.0,0.0,0.0,0.0,0.0,0.0,1,229.554807,218.92434,150.663937,0.0,128.027222,241.654438,27.95085,0.0,0.0,0.0,0.0,173.428157,0.94993,0.90594,0.623469,0.0,0.529795,1.0,0.115665,0.0,0.0,0.0,0.0,0.71767,0.0,0.0,0.0,0.0,0.0,0.0,11,24.0,8.636364,4.0,3.0,6.691551,467.370782,181.718331,173.428157,27.95085,2.571952,1.0,0.954379,0.153814,0.626448,113.837045
avenue_training_05_clip_000045,avenue,training,05,45,721,752,32,0,0,0.0,5894.000445,2649.6124,2468.763008,186.951797,1698.372855,0,0.0,2.584754,141.359479,164.744881,65.435159,62.113301,4.49192,37.445501,0.074074,0.305556,0.203704,0.0,0.0,0.0,0.0,0.0,0.074074,0.0,0.12037,0.222222,117.466575,46.584744,42.625371,1.979877,33.723382,0,0.0,862.590575,364.85368,245.332415,88.388348,261.991611,1.0,0,0.0,0.0,0.0,0.0,0.0,0.0,0.0,0.0,1,131.69041,151.021637,131.006876,0.0,0.0,0.0,0.0,0.0,94.919112,0.0,195.994556,166.010744,0.671909,0.77054,0.668421,0.0,0.0,0.0,0.0,0.0,0.484295,0.0,1.0,0.847017,0.0,0.0,0.0,0.0,0.0,0.0,12,22.0,9.0,5.0,3.0,6.916165,206.077359,141.359479,155.14141,82.965697,1.457825,1.0,1.097495,0.586913,0.325691,46.03958
avenue_training_05_clip_000046,avenue,training,05,46,737,768,32,0,0,0.0,10866.962129,3875.105362,3492.16946,255.935218,3102.933689,0,0.0,30.499641,182.835949,107.712054,54.759424,62.372612,3.17983,32.379119,0.348315,0.0,0.0,0.0,0.0,0.101124,0.0,0.0,0.0,0.0,0.089888,0.460674,143.508625,56.657793,35.437262,2.592274,47.077704,0,0.0,1259.029884,489.041942,369.197509,88.388348,378.857305,1.0,0,0.0,0.0,0.0,0.0,0.0,0.0,0.0,0.0,1,198.584919,0.0,0.0,0.0,0.0,113.807146,0.0,0.0,0.0,0.0,102.429903,300.772858,0.660249,0.0,0.0,0.0,0.0,0.378382,0.0,0.0,0.0,0.0,0.340556,1.0,0.0,0.0,0.0,0.0,0.0,0.0,10,30.0,8.9,5.5,3.0,7.854298,345.641805,182.835949,182.924607,76.063046,1.890448,1.0,1.000485,0.416018,0.422358,77.222253
avenue_training_05_clip_000047,avenue,training,05,47,753,784,32,0,0,0.0,9888.405104,6805.428114,8735.197745,1792.681493,3575.676469,0,0.0,31.697476,307.317001,169.81609,95.312234,85.651286,30.469326,57.296775,0.857143,0.0,0.142857,0.0,0.0,0.0,0.0,0.0,0.0,0.0,0.0,0.0,47.295732,31.530488,24.12285,23.172883,11.154455,0,0.0,1025.076217,655.190031,627.743976,312.7499,291.452866,1.0,0,0.0,0.0,0.0,0.0,0.0,0.0,0.0,0.0,1,263.572817,0.0,394.80537,0.0,0.0,0.0,0.0,0.0,0.0,0.0,0.0,0.0,0.667602,0.0,1.0,0.0,0.0,0.0,0.0,0.0,0.0,0.0,0.0,0.0,0.0,0.0,0.0,0.0,0.0,0.0,3,19.0,9.333333,5.0,4.0,6.847546,394.80537,307.317001,347.910404,179.23523,1.284684,1.0,1.13209,0.583226,0.301216,92.568856
avenue_training_05_clip_000048,avenue,training,05,48,769,800,32,0,0,0.0,7696.272809,5613.423275,5613.423275,3530.573741,2082.849534,0,0.0,17.384394,207.053122,78.489919,57.171943,57.171943,35.853967,21.317976,0.0,0.4,0.0,0.0,0.0,0.0,0.0,0.0,0.0,0.0,0.0,0.6,21.681483,21.681483,21.681483,21.681483,0.0,0,0.0,651.470692,444.320759,444.320759,237.170825,207.149933,1.0,0,0.0,0.0,0.0,0.0,0.0,0.0,0.0,0.0,1,0.0,261.135641,0.0,0.0,0.0,0.0,0.0,0.0,0.0,0.0,0.0,152.970602,0.0,1.0,0.0,0.0,0.0,0.0,0.0,0.0,0.0,0.0,0.0,0.58579,0.0,0.0,0.0,0.0,0.0,0.0,2,6.0,5.0,5.0,4.0,1.0,261.135641,207.053122,207.053122,152.970602,1.261201,1.0,1.0,0.738799,0.261201,54.08252
avenue_training_05_clip_000049,avenue,training,05,49,784,815,32,0,0,0.0,11371.268805,4155.734197,2214.269497,823.128991,4225.047718,0,0.0,-39.357954,210.645755,172.874984,67.910747,43.730505,11.306993,64.579122,0.15,0.0,0.0,0.0,0.0,0.0,0.0,0.0,0.0,0.55,0.0,0.3,54.230394,43.713463,43.713464,33.196532,7.52768,0,0.0,1000.702878,377.694302,203.498344,103.077641,362.127156,1.0,0,0.0,0.0,0.0,0.0,0.0,0.0,0.0,0.0,1,135.135087,0.0,0.0,0.0,0.0,0.0,0.0,0.0,0.0,298.733037,0.0,109.981858,0.452361,0.0,0.0,0.0,0.0,0.0,0.0,0.0,0.0,1.0,0.0,0.368161,0.0,0.0,0.0,0.0,0.0,0.0,4,7.0,5.0,5.0,3.0,1.581139,522.358058,210.645755,122.558472,75.108015,2.479794,1.0,0.581823,0.356561,0.860331,181.225081
avenue_training_06_clip_000000,avenue,training,06,0,1,32,32,0,0,0.0,24740.157246,8201.302013,3302.012596,1461.025612,9599.299751,0,0.0,13.620518,290.703579,90.94857,56.974076,48.731307,39.48512,20.003202,0.507692,0.061538,0.0,0.0,0.0,0.0,0.0,0.0,0.0,0.0,0.0,0.430769,29.292211,14.646105,12.906155,3.4799,9.615299,0,0.0,1113.83347,697.624631,740.748873,195.167307,331.236236,1.0,0,0.0,0.0,0.0,0.0,0.0,0.0,0.0,0.0,1,96.317121,739.77658,0.0,0.0,0.0,0.0,0.0,0.0,0.0,0.0,0.0,230.403493,0.130198,1.0,0.0,0.0,0.0,0.0,0.0,0.0,0.0,0.0,0.0,0.31145,0.0,0.0,0.0,0.0,0.0,0.0,4,28.0,16.25,16.5,4.0,10.009371,739.77658,290.703579,166.013182,91.011371,2.54478,1.0,0.571074,0.313073,0.911632,265.014694
avenue_training_06_clip_000001,avenue,training,06,1,17,48,32,0,0,0.0,3323.725511,2974.78862,2974.78862,2625.851728,348.936892,0,0.0,12.997805,146.885914,65.934301,56.430457,56.430457,46.926613,9.503844,0.0,0.4,0.0,0.0,0.0,0.0,0.0,0.0,0.0,0.0,0.0,0.6,30.134361,30.134361,30.134361,30.134361,0.0,0,0.0,845.022189,622.901339,622.901339,400.780489,222.12085,1.0,0,0.0,0.0,0.0,0.0,0.0,0.0,0.0,0.0,1,0.0,147.241736,0.0,0.0,0.0,0.0,0.0,0.0,0.0,0.0,0.0,146.530091,0.0,1.0,0.0,0.0,0.0,0.0,0.0,0.0,0.0,0.0,0.0,0.995167,0.0,0.0,0.0,0.0,0.0,0.0,2,27.0,22.5,22.5,18.0,4.5,147.241736,146.885914,146.885914,146.530091,1.002422,1.0,1.0,0.997578,0.002422,0.355823
avenue_training_06_clip_000002,avenue,training,06,2,33,64,32,0,0,0.0,29917.775004,8243.493734,3831.097164,694.652233,9426.830375,0,0.0,8.388705,220.930433,91.909152,55.406449,49.84665,3.366461,27.573335,0.256757,0.081081,0.040541,0.0,0.0,0.0,0.0,0.0,0.0,0.0,0.054054,0.567568,61.493116,25.831446,14.070768,4.682486,20.719689,0,0.0,1274.019231,728.100406,748.018215,67.31456,471.986848,1.0,0,0.0,0.0,0.0,0.0,0.0,0.0,0.0,0.0,1,156.618794,289.554435,53.421515,0.0,0.0,0.0,0.0,0.0,0.0,0.0,476.211897,190.235464,0.328885,0.608037,0.11218,0.0,0.0,0.0,0.0,0.0,0.0,0.0,1.0,0.399477,0.0,0.0,0.0,0.0,0.0,0.0,7,19.0,10.571429,12.0,3.0,5.876275,476.211897,220.930433,157.230892,53.421515,2.155483,1.0,0.711676,0.241802,0.615656,136.017206
avenue_training_06_clip_000003,avenue,training,06,3,49,80,32,0,0,0.0,27381.530896,8197.509594,5076.586726,1577.154507,7496.334194,0,0.0,10.183828,265.882062,156.771738,70.286662,61.511868,27.9965,43.143736,0.322222,0.0,0.0,0.044444,0.0,0.0,0.0,0.0,0.0,0.0,0.0,0.633333,93.014908,23.249841,15.857591,0.098974,25.609123,0,0.0,1262.7475,604.484198,535.6866,170.018381,355.521771,1.0,0,0.0,0.0,0.0,0.0,0.0,0.0,0.0,0.0,1,325.875645,0.0,0.0,191.765817,0.0,0.0,0.0,0.0,0.0,0.0,0.0,209.419145,1.0,0.0,0.0,0.588463,0.0,0.0,0.0,0.0,0.0,0.0,0.0,0.642635,0.0,0.0,0.0,0.0,0.0,0.0,10,22.0,9.0,7.0,3.0,6.21289,678.134449,265.882062,204.35554,119.973907,2.550508,1.0,0.768595,0.45123,0.585022,155.546951
avenue_training_06_clip_000004,avenue,training,06,4,65,96,32,0,0,0.0,18689.199392,7922.580341,7554.116892,195.495082,5283.044194,0,0.0,5.495928,284.600425,150.77348,78.793964,68.032841,2.489553,37.141921,0.123967,0.264463,0.099174,0.0,0.0,0.0,0.0,0.0,0.0,0.0,0.049587,0.46281,76.747462,28.258757,22.54434,8.144421,18.317215,0,0.0,1333.463535,736.242896,752.599661,88.388348,419.741081,1.0,0,0.0,0.0,0.0,0.0,0.0,0.0,0.0,0.0,1,240.77347,273.917822,144.067705,0.0,0.0,0.0,0.0,0.0,0.0,0.0,343.537115,319.701506,0.700866,0.797346,0.419366,0.0,0.0,0.0,0.0,0.0,0.0,0.0,1.0,0.930617,0.0,0.0,0.0,0.0,0.0,0.0,13,30.0,9.307692,4.0,3.0,9.201878,548.32442,284.600425,296.106715,61.272839,1.926647,1.0,1.04043,0.215294,0.432267,123.023247
avenue_training_06_clip_000005,avenue,training,06,5,81,112,32,0,0,0.0,12553.652393,6548.413518,5803.596744,555.561526,3289.683194,0,0.0,21.990794,284.682439,134.286652,71.231887,75.624219,12.477332,35.209728,0.833333,0.0,0.033333,0.041667,0.025,0.0,0.0,0.0,0.0,0.033333,0.033333,0.0,105.32108,37.766992,13.041851,4.209153,35.388583,0,0.0,1129.4357,668.975928,651.980157,150.519932,304.050711,1.0,0,0.0,0.0,0.0,0.0,0.0,0.0,0.0,0.0,1,288.784654,0.0,198.139538,103.440551,423.926952,0.0,0.0,0.0,0.0,457.302949,207.784477,0.0,0.631495,0.0,0.433279,0.226197,0.927016,0.0,0.0,0.0,0.0,1.0,0.454369,0.0,0.0,0.0,0.0,0.0,0.0,0.0,13,24.0,9.230769,5.0,3.0,6.941002,457.302949,284.682439,278.668094,103.440551,1.606362,1.0,0.978873,0.363354,0.369402,105.162331
avenue_training_06_clip_000006,avenue,training,06,6,97,128,32,0,0,0.0,15901.22843,6484.642459,5911.067855,1559.798613,3966.071315,0,0.0,13.745768,279.752316,128.219185,74.211971,74.67602,9.202597,25.940079,0.320261,0.300654,0.0,0.0,0.0,0.0,0.0,0.0,0.0,0.091503,0.026144,0.261438,74.031164,28.675689,23.041785,3.950989,18.167146,0,0.0,1127.635801,757.696344,861.049505,250.312305,274.158853,0.984467,0,0.0,0.0,0.0,0.0,0.0,0.0,0.0,0.0,1,285.770909,298.848342,0.0,0.0,0.0,0.0,0.0,0.0,0.0,258.405267,518.528621,169.430594,0.551119,0.576339,0.0,0.0,0.0,0.0,0.0,0.0,0.0,0.498343,1.0,0.326753,0.125,0.015533,0.0,0.0,0.015533,0.037627,13,30.0,11.769231,11.0,3.0,7.234042,518.528621,279.752316,258.405267,80.748857,1.853528,1.0,0.923693,0.288644,0.419997,117.495188
avenue_training_06_clip_000007,avenue,training,06,7,113,144,32,0,0,0.0,19273.576462,8355.14154,7621.311283,0.0,4606.285559,0,0.0,-12.720856,312.582943,136.507436,85.162992,87.803969,0.0,31.622941,0.308108,0.145946,0.0,0.0,0.0,0.0,0.0,0.0,0.0,0.016216,0.178378,0.351351,54.524438,26.52148,27.665374,3.181239,15.72049,0,0.0,1251.561525,825.787852,910.55597,151.038075,320.827226,1.0,0,0.0,0.0,0.0,0.0,0.0,0.0,0.0,0.0,1,332.641927,194.958929,0.0,0.0,0.0,0.0,0.0,0.0,0.0,151.038075,360.875444,321.516928,0.921764,0.540239,0.0,0.0,0.0,0.0,0.0,0.0,0.0,0.418532,1.0,0.890936,0.0,0.0,0.0,0.0,0.0,0.0,16,31.0,11.5625,8.0,3.0,9.682257,554.004856,312.582943,302.518313,101.01375,1.772345,1.0,0.967802,0.323158,0.37707,117.865578
avenue_training_06_clip_000008,avenue,training,06,8,129,160,32,0,0,0.0,15592.128391,7791.449027,8663.945384,883.392379,4357.849417,0,0.0,-3.508429,278.527388,165.306975,67.840204,64.459941,8.551364,35.79129,0.415205,0.02924,0.040936,0.046784,0.0,0.0,0.0,0.0,0.023392,0.0,0.099415,0.345029,111.273444,30.727625,20.628313,1.350847,31.866657,0,0.0,1312.738074,776.257148,764.137586,107.529066,391.628079,1.0,0,0.0,0.0,0.0,0.0,0.0,0.0,0.0,0.0,1,365.893003,336.412222,321.827236,181.054031,0.0,0.0,0.0,0.0,348.347495,0.0,253.858409,201.690463,1.0,0.919428,0.879567,0.494828,0.0,0.0,0.0,0.0,0.952047,0.0,0.693805,0.551228,0.0,0.0,0.0,0.0,0.0,0.0,17,31.0,10.058824,8.0,3.0,8.149129,639.135104,278.527388,281.016787,83.971936,2.294694,1.0,1.008938,0.301485,0.45925,127.913672
avenue_training_06_clip_000009,avenue,training,06,9,145,176,32,0,0,0.0,16883.941996,5874.291926,4665.479951,839.807241,4477.249729,0,0.0,-2.920501,268.645906,126.469234,69.363117,71.035058,10.421805,27.181516,0.447205,0.018634,0.0,0.0,0.0,0.0,0.0,0.0,0.0,0.031056,0.037267,0.465839,70.13325,20.674828,13.187283,3.822713,18.436234,0,0.0,1296.208413,729.689094,591.082556,151.038075,441.26028,1.0,0,0.0,0.0,0.0,0.0,0.0,0.0,0.0,0.0,1,311.741214,296.562626,0.0,0.0,0.0,0.0,0.0,0.0,0.0,106.02024,346.574142,228.287678,0.899494,0.855697,0.0,0.0,0.0,0.0,0.0,0.0,0.0,0.305909,1.0,0.658698,0.0,0.0,0.0,0.0,0.0,0.0,14,31.0,11.5,6.5,3.0,9.678769,436.912983,268.645906,281.189782,106.02024,1.626353,1.0,1.046693,0.394647,0.331598,89.082538
avenue_training_06_clip_000010,avenue,training,06,10,161,192,32,0,0,0.0,29709.27053,7434.164513,6130.580746,93.060154,6511.443514,0,0.0,-11.276775,277.212552,157.533381,78.932632,73.23121,6.858313,38.905442,0.315789,0.0,0.040936,0.0,0.0,0.0,0.0,0.0,0.023392,0.017544,0.046784,0.555556,105.096843,27.343961,15.107437,0.703744,29.160477,0,0.0,1324.115271,770.051056,829.382695,106.800047,409.156464,1.0,0,0.0,0.0,0.0,0.0,0.0,0.0,0.0,0.0,1,231.858597,0.0,309.996854,0.0,0.0,0.0,0.0,0.0,110.229022,287.576208,211.799415,336.643763,0.688736,0.0,0.920845,0.0,0.0,0.0,0.0,0.0,0.327435,0.854245,0.62915,1.0,0.0,0.0,0.0,0.0,0.0,0.0,16,29.0,10.6875,7.5,3.0,8.935314,895.324855,277.212552,245.401592,104.938844,3.229741,1.0,0.885247,0.37855,0.633242,175.542729
avenue_training_06_clip_000011,avenue,training,06,11,177,208,32,0,0,0.0,9509.826367,3979.952944,3293.222022,113.394962,3305.964053,0,0.0,-21.55096,166.211926,146.354142,69.523101,58.158012,24.18323,30.871268,0.383929,0.0,0.0,0.0,0.0,0.0,0.0,0.035714,0.0,0.044643,0.026786,0.508929,103.006142,29.172245,25.880838,1.304674,27.048083,0,0.0,1105.737876,472.267949,413.010491,55.901699,365.332196,1.0,0,0.0,0.0,0.0,0.0,0.0,0.0,0.0,0.0,1,206.834798,0.0,0.0,0.0,0.0,0.0,0.0,54.248243,0.0,326.845329,52.95085,146.631899,0.632822,0.0,0.0,0.0,0.0,0.0,0.0,0.165975,0.0,1.0,0.162006,0.448628,0.0,0.0,0.0,0.0,0.0,0.0,12,31.0,9.333333,6.5,3.0,7.961714,326.845329,166.211926,160.033037,52.95085,1.966437,1.0,0.962825,0.318574,0.555035,92.253499
avenue_training_06_clip_000012,avenue,training,06,12,193,224,32,0,0,0.0,15248.133039,5482.027441,3860.297928,182.064251,4374.525948,0,0.0,-20.442045,206.540634,138.387121,56.234765,50.931922,17.102729,40.033682,0.275,0.0625,0.0,0.0,0.0375,0.0,0.0,0.0875,0.0375,0.0625,0.0,0.4375,148.821785,56.742071,41.103409,1.359934,44.371182,0,0.0,1137.156542,505.094255,465.40473,80.039053,382.127754,1.0,0,0.0,0.0,0.0,0.0,0.0,0.0,0.0,0.0,1,205.047639,71.62144,0.0,0.0,125.578971,0.0,0.0,263.134671,71.001324,426.385232,0.0,212.257252,0.480898,0.167974,0.0,0.0,0.29452,0.0,0.0,0.617129,0.166519,1.0,0.0,0.497806,0.0,0.0,0.0,0.0,0.0,0.0,13,19.0,6.153846,4.0,3.0,4.53781,494.116881,206.540634,191.437105,60.199307,2.392347,1.0,0.926874,0.291465,0.619823,128.018536
avenue_training_06_clip_000013,avenue,training,06,13,209,240,32,0,0,0.0,13983.356867,5685.745421,4006.442469,38.470508,5230.616304,0,0.0,13.204514,222.828783,81.660311,43.608231,50.785285,13.743102,26.335398,0.351351,0.0,0.0,0.135135,0.0,0.0,0.0,0.0,0.0,0.0,0.513514,0.0,90.375786,42.058804,46.057653,6.186392,29.998531,0,0.0,1017.503071,517.686359,500.975611,51.53882,368.327159,1.0,0,0.0,0.0,0.0,0.0,0.0,0.0,0.0,0.0,1,102.144018,0.0,0.0,405.058922,0.0,0.0,0.0,0.0,0.0,0.0,252.398479,0.0,0.252171,0.0,0.0,1.0,0.0,0.0,0.0,0.0,0.0,0.0,0.623115,0.0,0.0,0.0,0.0,0.0,0.0,0.0,5,12.0,7.4,7.0,3.0,3.261901,415.474781,222.828783,153.518626,50.76941,1.864547,1.0,0.688953,0.22784,0.702595,156.558388
avenue_training_06_clip_000014,avenue,training,06,14,225,256,32,0,0,0.0,4956.364514,2853.881502,3393.70156,211.578432,1974.302073,0,0.0,37.102284,92.21185,89.66931,75.947989,79.892131,58.282526,13.1136,0.8,0.0,0.2,0.0,0.0,0.0,0.0,0.0,0.0,0.0,0.0,0.0,35.187682,23.458455,22.183186,13.004497,9.101031,0,0.0,556.916735,313.215489,354.778883,27.95085,217.94015,1.0,0,0.0,0.0,0.0,0.0,0.0,0.0,0.0,0.0,1,127.163396,0.0,22.308758,0.0,0.0,0.0,0.0,0.0,0.0,0.0,0.0,0.0,1.0,0.0,0.175434,0.0,0.0,0.0,0.0,0.0,0.0,0.0,0.0,0.0,0.0,0.0,0.0,0.0,0.0,0.0,3,11.0,6.666667,5.0,4.0,3.091206,138.123397,92.21185,116.203395,22.308758,1.497892,1.0,1.260179,0.241929,0.544751,50.232482
avenue_training_06_clip_000015,avenue,training,06,15,241,272,32,0,0,0.0,13307.337484,6458.999615,5980.753845,2973.488473,3509.728424,0,0.0,45.366284,254.273807,165.636384,94.2436,79.954825,65.080659,33.768001,0.0,0.596491,0.087719,0.0,0.0,0.0,0.0,0.0,0.0,0.0,0.0,0.315789,55.602762,18.944228,9.259058,1.229922,18.827055,0,0.0,887.852043,654.056068,554.905677,503.891109,163.48972,0.990196,0,0.0,0.0,0.0,0.0,0.0,0.0,0.0,0.0,1,0.0,229.860326,343.391108,0.0,0.0,0.0,0.0,0.0,0.0,0.0,0.0,262.810434,0.0,0.669383,1.0,0.0,0.0,0.0,0.0,0.0,0.0,0.0,0.0,0.765338,0.058824,0.009804,0.0,0.0,0.009804,0.021922,6,18.0,9.5,6.0,4.0,6.075909,361.616524,254.273807,262.673951,143.247777,1.422154,1.0,1.033036,0.56336,0.33054,84.047745
avenue_training_06_clip_000016,avenue,training,06,16,257,288,32,0,0,0.0,10472.62862,4446.561762,2972.482368,135.403856,3304.924788,0,0.0,8.103528,184.660499,154.653824,78.384919,67.808851,45.690149,31.846526,0.663717,0.115044,0.0,0.0,0.0,0.0,0.0,0.0,0.0,0.0,0.0,0.221239,38.259627,18.424218,16.294052,1.005824,14.111955,0,0.0,955.003272,457.423412,429.467752,27.95085,275.826446,1.0,0,0.0,0.0,0.0,0.0,0.0,0.0,0.0,0.0,1,151.474008,167.685563,0.0,0.0,0.0,0.0,0.0,0.0,0.0,0.0,0.0,251.287941,0.602791,0.667304,0.0,0.0,0.0,0.0,0.0,0.0,0.0,0.0,0.0,1.0,0.0,0.0,0.0,0.0,0.0,0.0,10,30.0,11.3,7.5,3.0,9.132908,313.139286,184.660499,172.654675,25.242773,1.695757,1.0,0.934984,0.136698,0.506892,93.602937
avenue_training_06_clip_000017,avenue,training,06,17,273,304,32,0,0,0.0,26745.691826,10570.603391,9230.794563,2672.051857,6741.915489,0,0.0,3.792757,323.04239,111.815501,87.623603,88.730872,47.300672,18.554539,0.511811,0.031496,0.031496,0.0,0.0,0.0,0.0,0.0,0.0,0.0,0.102362,0.322835,58.812341,26.912254,20.727106,6.792357,18.280254,0,0.0,1269.904032,902.789899,941.884351,290.742584,310.143754,0.95,0,0.0,0.0,0.0,0.0,0.0,0.0,0.0,0.0,1,257.534727,315.946677,430.999324,0.0,0.0,0.0,0.0,0.0,0.0,0.0,472.844153,255.061803,0.54465,0.668184,0.911504,0.0,0.0,0.0,0.0,0.0,0.0,0.0,1.0,0.53942,0.5,0.05,0.0,0.0,0.05,0.15,10,31.0,12.7,7.5,3.0,10.9,534.913837,323.04239,327.753067,108.845775,1.655863,1.0,1.014582,0.33694,0.374216,120.887472
avenue_training_06_clip_000018,avenue,training,06,18,289,320,32,0,0,0.0,11492.32649,5340.544564,4090.372758,560.95653,4124.623072,0,0.0,10.533374,185.848244,125.972387,53.977663,57.316935,8.714931,33.671566,0.481132,0.0,0.028302,0.0,0.037736,0.0,0.0,0.0,0.0,0.066038,0.028302,0.358491,110.526569,37.080534,24.871479,2.588593,33.83214,0,0.0,1068.877916,505.44817,499.887696,100.778222,317.673856,1.0,0,0.0,0.0,0.0,0.0,0.0,0.0,0.0,0.0,1,180.118154,0.0,251.904372,0.0,73.059974,0.0,0.0,0.0,0.0,68.595051,300.557208,221.946609,0.599281,0.0,0.838125,0.0,0.243082,0.0,0.0,0.0,0.0,0.228226,1.0,0.73845,0.0,0.0,0.0,0.0,0.0,0.0,10,28.0,10.6,6.0,3.0,8.912912,351.687251,185.848244,152.813364,68.595051,1.892336,1.0,0.822248,0.369092,0.54107,100.556986
avenue_training_06_clip_000019,avenue,training,06,19,305,336,32,0,0,0.0,9068.431938,4335.305806,4302.423788,1250.0,2568.945912,0,0.0,-0.248419,175.451925,115.801198,68.905387,64.606928,34.544336,24.198822,0.678161,0.034483,0.0,0.0,0.0,0.0,0.0,0.0,0.0,0.0,0.195402,0.091954,58.034107,25.724172,22.096136,4.545379,15.835567,0,0.0,979.87563,540.942542,614.918694,75.0,351.963179,1.0,0,0.0,0.0,0.0,0.0,0.0,0.0,0.0,0.0,1,247.961143,50.0,0.0,0.0,0.0,0.0,0.0,0.0,0.0,0.0,141.676794,126.934583,1.0,0.201644,0.0,0.0,0.0,0.0,0.0,0.0,0.0,0.0,0.571367,0.511913,0.0,0.0,0.0,0.0,0.0,0.0,9,24.0,9.666667,6.0,3.0,7.615773,361.552168,175.451925,160.177313,50.0,2.060691,1.0,0.912941,0.284978,0.502446,88.155122
avenue_training_06_clip_000020,avenue,training,06,20,321,352,32,0,0,0.0,20110.676105,5018.580111,2569.034029,274.029492,5707.219451,0,0.0,1.999267,203.225066,165.136747,62.543541,57.254008,14.036243,38.290488,0.3,0.06,0.02,0.0,0.0,0.0,0.0,0.0,0.0,0.0,0.046667,0.573333,59.894682,22.49462,18.4569,1.333157,16.839079,0,0.0,1019.574053,479.646458,471.111712,62.5,318.499759,1.0,0,0.0,0.0,0.0,0.0,0.0,0.0,0.0,0.0,1,126.450872,359.220001,407.814759,0.0,0.0,0.0,0.0,0.0,0.0,0.0,250.346828,159.835595,0.310069,0.880841,1.0,0.0,0.0,0.0,0.0,0.0,0.0,0.0,0.613874,0.391932,0.0,0.0,0.0,0.0,0.0,0.0,16,31.0,9.375,5.0,3.0,8.513776,464.713522,203.225066,162.44743,57.01941,2.286694,1.0,0.799347,0.280573,0.610662,124.101828
avenue_training_06_clip_000021,avenue,training,06,21,337,368,32,0,0,0.0,29417.149732,6590.650263,5416.149996,142.50048,6189.688214,0,0.0,3.888374,248.671003,155.344101,69.54128,68.894667,17.768839,32.252691,0.668067,0.012605,0.0,0.033613,0.0,0.0,0.0,0.0,0.0,0.05042,0.0,0.235294,114.964039,24.827759,13.780976,0.720273,28.918851,0,0.0,1312.559522,719.775828,741.482272,45.069391,423.398757,1.0,0,0.0,0.0,0.0,0.0,0.0,0.0,0.0,0.0,1,236.817252,175.960279,0.0,118.154956,0.0,0.0,0.0,0.0,0.0,451.924251,0.0,230.596051,0.52402,0.389358,0.0,0.261449,0.0,0.0,0.0,0.0,0.0,1.0,0.0,0.510254,0.0,0.0,0.0,0.0,0.0,0.0,18,31.0,13.222222,9.0,3.0,10.363159,679.344368,248.671003,221.651504,36.51012,2.7319,1.0,0.891344,0.146821,0.612711,152.363508
avenue_training_06_clip_000022,avenue,training,06,22,353,384,32,0,0,0.0,24735.924134,7076.612118,6605.910509,513.659009,5475.904646,0,0.0,-13.325472,279.717375,119.693861,69.42016,69.954751,18.434949,26.921939,0.366379,0.0,0.0,0.0,0.0,0.0,0.0,0.0,0.0,0.0,0.034483,0.599138,40.892002,15.715553,14.015135,1.095858,11.639418,0,0.0,1354.67939,813.405281,950.32889,55.901699,365.854875,1.0,0,0.0,0.0,0.0,0.0,0.0,0.0,0.0,0.0,1,370.395463,0.0,0.0,0.0,0.0,0.0,0.0,0.0,0.0,0.0,255.129165,224.729364,1.0,0.0,0.0,0.0,0.0,0.0,0.0,0.0,0.0,0.0,0.688802,0.606728,0.0,0.0,0.0,0.0,0.0,0.0,17,31.0,13.647059,10.0,3.0,10.454052,612.643247,279.717375,229.272255,45.628519,2.190222,1.0,0.819657,0.163124,0.501493,140.276235
avenue_training_06_clip_000023,avenue,training,06,23,369,400,32,0,0,0.0,21784.73356,7952.338112,6642.146012,1018.999052,5390.302035,0,0.0,-7.484216,277.369379,105.865596,69.935994,72.933589,5.194429,21.697706,0.208738,0.067961,0.019417,0.014563,0.0,0.0,0.0,0.0,0.0,0.029126,0.11165,0.548544,100.08143,32.570869,24.608356,2.863528,26.396806,0,0.0,1350.925609,755.842667,781.302079,138.067013,431.323008,1.0,0,0.0,0.0,0.0,0.0,0.0,0.0,0.0,0.0,1,257.446218,253.172604,146.482242,100.283506,0.0,0.0,0.0,0.0,0.0,490.671305,247.108178,292.555576,0.524682,0.515972,0.298534,0.20438,0.0,0.0,0.0,0.0,0.0,1.0,0.503612,0.596235,0.0,0.0,0.0,0.0,0.0,0.0,20,31.0,10.3,7.0,3.0,8.173738,562.381094,277.369379,267.18682,100.283506,2.027553,1.0,0.963289,0.361552,0.46556,129.132024
avenue_training_06_clip_000024,avenue,training,06,24,385,416,32,0,0,0.0,12762.8487,7174.503224,8052.769518,1589.609527,3035.488467,0,0.0,22.40713,269.832589,147.188633,72.00535,78.082843,1.789911,33.566861,0.690608,0.088398,0.066298,0.0,0.0,0.0,0.0,0.0,0.0,0.0,0.0,0.154696,60.357723,25.213973,20.409565,0.589735,16.117487,0,0.0,1344.258625,827.865229,836.099575,176.776695,369.457085,1.0,0,0.0,0.0,0.0,0.0,0.0,0.0,0.0,0.0,1,268.430596,300.503397,200.841338,0.0,0.0,0.0,0.0,0.0,0.0,0.0,0.0,321.647952,0.834548,0.934262,0.624414,0.0,0.0,0.0,0.0,0.0,0.0,0.0,0.0,1.0,0.0,0.0,0.0,0.0,0.0,0.0,15,31.0,12.066667,8.0,3.0,8.370318,441.04541,269.832589,252.927689,130.930195,1.634515,1.0,0.93735,0.485228,0.340615,91.909017
avenue_training_06_clip_000025,avenue,training,06,25,401,432,32,0,0,0.0,32656.852814,9553.670986,7877.038578,1179.39853,8132.218881,0,0.0,-3.949941,344.80372,169.087506,76.149064,74.813796,12.528808,35.775905,0.319672,0.057377,0.036885,0.0,0.0,0.0,0.0,0.0,0.012295,0.012295,0.0,0.561475,110.163514,26.870482,12.965085,0.233701,28.979706,0,0.0,1337.733624,957.54246,1191.703088,103.077641,405.877225,1.0,0,0.0,0.0,0.0,0.0,0.0,0.0,0.0,0.0,1,272.917847,248.238149,314.31807,0.0,0.0,0.0,0.0,0.0,681.087906,733.769157,0.0,337.77196,0.37194,0.338306,0.428361,0.0,0.0,0.0,0.0,0.0,0.928205,1.0,0.0,0.460325,0.0,0.0,0.0,0.0,0.0,0.0,21,30.0,11.619048,9.0,3.0,8.214251,733.769157,344.80372,318.240783,79.48967,2.128078,1.0,0.922962,0.230536,0.489511,168.785309
avenue_training_06_clip_000026,avenue,training,06,26,417,448,32,0,0,0.0,16254.939467,6324.979564,5368.085204,1361.980077,4102.052567,0,0.0,-5.341949,249.734738,156.813881,72.368085,71.651584,23.385221,27.950242,0.384921,0.083333,0.027778,0.0,0.0,0.0,0.0,0.011905,0.0,0.031746,0.087302,0.373016,130.630943,34.004917,26.201324,1.83941,33.322481,0,0.0,1263.984276,742.637771,799.413848,111.803399,395.515971,1.0,0,0.0,0.0,0.0,0.0,0.0,0.0,0.0,0.0,1,270.095931,209.67303,234.298323,0.0,0.0,0.0,0.0,381.99139,0.0,164.31814,299.018973,248.43957,0.707073,0.548895,0.61336,0.0,0.0,0.0,0.0,1.0,0.0,0.430162,0.78279,0.65038,0.0,0.0,0.0,0.0,0.0,0.0,21,30.0,12.0,8.0,3.0,9.211794,381.99139,249.734738,248.974235,80.901699,1.529589,1.0,0.996955,0.323951,0.31159,77.814907
avenue_training_06_clip_000027,avenue,training,06,27,433,464,32,0,0,0.0,15449.808038,7148.483569,5857.642932,0.0,4064.386651,0,0.0,20.711059,260.135629,158.760689,74.137972,70.856134,7.815294,31.113237,0.485507,0.050725,0.018116,0.025362,0.0,0.0,0.0,0.0,0.0,0.0,0.0,0.42029,94.180352,25.373872,18.273633,0.438063,25.083137,0,0.0,1321.516648,829.410619,941.408519,76.034532,386.565564,0.997354,0,0.0,0.0,0.0,0.0,0.0,0.0,0.0,0.0,1,248.68785,329.716573,267.160034,188.303093,0.0,0.0,0.0,0.0,0.0,0.0,0.0,278.795057,0.754247,1.0,0.810272,0.571106,0.0,0.0,0.0,0.0,0.0,0.0,0.0,0.84556,0.055556,0.002646,0.0,0.0,0.002646,0.011831,21,30.0,13.142857,11.0,3.0,8.4023,459.645641,260.135629,226.444905,59.151124,1.766946,1.0,0.870488,0.227386,0.35465,92.257079
avenue_training_06_clip_000028,avenue,training,06,28,449,480,32,0,0,0.0,19317.655283,7061.327372,6341.525964,109.119133,4945.520961,0,0.0,12.519351,268.32684,157.948937,74.618987,81.464821,24.404494,31.254045,0.477778,0.022222,0.085185,0.014815,0.0,0.0,0.0,0.0,0.011111,0.0,0.0,0.388889,108.845629,26.250238,16.214658,1.506121,27.511579,0,0.0,1337.55841,751.804799,734.95323,76.034532,414.984632,1.0,0,0.0,0.0,0.0,0.0,0.0,0.0,0.0,0.0,1,265.696885,233.611029,289.958118,620.757792,0.0,0.0,0.0,0.0,125.293105,0.0,0.0,245.157054,0.42802,0.376332,0.467103,1.0,0.0,0.0,0.0,0.0,0.201839,0.0,0.0,0.394932,0.0,0.0,0.0,0.0,0.0,0.0,21,31.0,12.857143,11.0,3.0,9.538322,620.757792,268.32684,268.053333,53.796624,2.313439,1.0,0.998981,0.200489,0.497398,133.46526
avenue_training_06_clip_000029,avenue,training,06,29,465,496,32,0,0,0.0,13675.744044,5781.975367,4914.257754,434.379322,3843.351026,0,0.0,17.162173,233.161396,119.481534,70.834379,70.125107,24.584942,25.032385,0.25,0.290816,0.132653,0.030612,0.0,0.0,0.0,0.0,0.0,0.0,0.061224,0.234694,98.82113,32.333234,25.403295,0.693071,26.063502,0,0.0,1224.362079,732.021917,779.523091,90.138782,406.726346,1.0,0,0.0,0.0,0.0,0.0,0.0,0.0,0.0,0.0,1,179.022588,208.449589,248.489891,266.901652,0.0,0.0,0.0,0.0,0.0,0.0,266.299493,299.847236,0.597046,0.695186,0.828722,0.890125,0.0,0.0,0.0,0.0,0.0,0.0,0.888117,1.0,0.0,0.0,0.0,0.0,0.0,0.0,15,31.0,13.066667,8.0,3.0,9.426676,581.843073,233.161396,209.626685,63.284707,2.495452,1.0,0.899063,0.27142,0.55716,129.908109
avenue_training_06_clip_000030,avenue,training,06,30,481,512,32,0,0,0.0,21745.604118,6835.111124,5239.177829,119.890191,6062.013192,0,0.0,-10.289392,267.934963,133.397285,60.150206,53.098781,3.036368,37.103005,0.096257,0.342246,0.117647,0.016043,0.0,0.0,0.026738,0.016043,0.0,0.032086,0.048128,0.304813,141.854088,46.823516,33.75,0.748231,42.592203,0,0.0,1347.973015,731.445541,935.013137,67.31456,449.330142,0.998333,0,0.0,0.0,0.0,0.0,0.0,0.0,0.0,0.0,1,205.836498,267.608554,308.588634,598.967142,0.0,0.0,318.704385,104.153644,0.0,68.823361,119.794208,371.785862,0.343652,0.446783,0.515201,1.0,0.0,0.0,0.53209,0.173889,0.0,0.114903,0.200001,0.620712,0.033333,0.001667,0.0,0.0,0.001667,0.007265,20,31.0,9.35,6.0,3.0,8.211425,598.967142,267.934963,246.762997,56.191976,2.235495,1.0,0.92098,0.209722,0.633691,169.788052
avenue_training_06_clip_000031,avenue,training,06,31,497,528,32,0,0,0.0,15898.358339,6987.906742,6967.047712,961.535656,3888.043037,0,0.0,5.065487,307.537113,94.274124,71.366848,70.975815,33.879583,18.33391,0.609756,0.02439,0.079268,0.0,0.0,0.0,0.0,0.0,0.0,0.04878,0.054878,0.182927,85.186405,30.116968,21.317685,0.004803,25.572685,0,0.0,1350.925609,804.592108,810.574642,150.519932,353.003362,1.0,0,0.0,0.0,0.0,0.0,0.0,0.0,0.0,0.0,1,316.767157,415.811369,425.980717,0.0,0.0,0.0,0.0,0.0,0.0,463.634554,110.831188,227.040565,0.683226,0.896852,0.918786,0.0,0.0,0.0,0.0,0.0,0.0,1.0,0.239049,0.489697,0.0,0.0,0.0,0.0,0.0,0.0,13,31.0,12.615385,9.0,4.0,8.740168,558.357745,307.537113,321.195763,98.752137,1.815578,1.0,1.044413,0.321106,0.439114,135.043828
avenue_training_06_clip_000032,avenue,training,06,32,513,544,32,0,0,0.0,18559.852714,8826.555346,9225.554964,2640.108688,3840.75813,0,0.0,2.19859,366.297503,175.97801,88.031103,80.453823,36.536243,33.846585,0.291005,0.407407,0.015873,0.0,0.0,0.0,0.0,0.0,0.0,0.031746,0.037037,0.216931,83.317874,29.017942,20.684624,0.101331,25.792251,0,0.0,1375.0,913.568373,1056.192841,339.576943,333.910682,1.0,0,0.0,0.0,0.0,0.0,0.0,0.0,0.0,0.0,1,361.698469,391.667629,273.260719,0.0,0.0,0.0,0.0,0.0,0.0,584.766912,306.804964,347.471311,0.618534,0.669784,0.467299,0.0,0.0,0.0,0.0,0.0,0.0,1.0,0.524662,0.594205,0.0,0.0,0.0,0.0,0.0,0.0,16,31.0,11.8125,8.5,3.0,9.761011,627.609154,366.297503,326.355809,133.285833,1.713386,1.0,0.890958,0.363873,0.373685,136.879902
avenue_training_06_clip_000033,avenue,training,06,33,529,560,32,0,0,0.0,18218.706347,8283.257053,7298.211102,2030.73933,4986.820761,0,0.0,23.375038,367.764511,149.408445,74.293818,67.122566,7.253195,37.679866,0.469565,0.13913,0.0,0.021739,0.017391,0.0,0.0,0.0,0.0,0.0,0.043478,0.308696,113.663463,30.973668,23.180097,0.839996,30.284713,0,0.0,1366.793693,948.714782,1018.3692,182.002747,332.409113,1.0,0,0.0,0.0,0.0,0.0,0.0,0.0,0.0,0.0,1,367.964474,505.25451,0.0,479.832335,120.029089,0.0,0.0,0.0,0.0,0.0,433.554534,316.138969,0.728275,1.0,0.0,0.949684,0.237562,0.0,0.0,0.0,0.0,0.0,0.858091,0.625702,0.0,0.0,0.0,0.0,0.0,0.0,16,31.0,14.375,11.0,3.0,10.439558,867.024707,367.764511,320.941817,120.029089,2.357554,1.0,0.872683,0.326375,0.547129,201.214499
avenue_training_06_clip_000034,avenue,training,06,34,545,576,32,0,0,0.0,13161.277409,5977.376318,5765.218441,621.867462,3283.838227,0,0.0,22.218946,290.855184,112.693192,62.175614,59.661093,1.145763,30.571457,0.522523,0.072072,0.220721,0.0,0.0,0.013514,0.0,0.013514,0.0,0.022523,0.0,0.135135,163.572503,40.589623,18.63248,2.523933,44.558283,0,0.0,1340.009328,766.919299,889.531152,39.528471,386.218677,1.0,0,0.0,0.0,0.0,0.0,0.0,0.0,0.0,0.0,1,302.359741,138.914816,426.102008,0.0,0.0,125.629663,0.0,248.854086,0.0,388.629273,0.0,211.600514,0.709595,0.326013,1.0,0.0,0.0,0.294835,0.0,0.584025,0.0,0.912057,0.0,0.496596,0.0,0.0,0.0,0.0,0.0,0.0,20,30.0,11.1,7.0,3.0,9.332202,521.795933,290.855184,269.505502,26.014235,1.794006,1.0,0.926597,0.089441,0.447975,130.295823
avenue_training_06_clip_000035,avenue,training,06,35,561,592,32,0,0,0.0,12137.222732,6430.05613,6620.487622,1158.647328,2896.543873,0,0.0,-8.559389,322.461331,96.462667,61.912909,65.604266,12.668003,23.725083,0.551282,0.0,0.0,0.019231,0.0,0.0,0.0,0.0,0.0,0.038462,0.076923,0.314103,118.954047,32.512811,17.60644,4.575176,31.088996,0,0.0,1335.395541,829.542828,806.21544,125.0,364.740363,1.0,0,0.0,0.0,0.0,0.0,0.0,0.0,0.0,0.0,1,225.729816,0.0,0.0,690.830663,0.0,0.0,0.0,0.0,0.0,369.666961,178.646819,393.603659,0.326751,0.0,0.0,1.0,0.0,0.0,0.0,0.0,0.0,0.535105,0.258597,0.569754,0.0,0.0,0.0,0.0,0.0,0.0,14,29.0,11.142857,10.0,3.0,7.405183,1065.998614,322.461331,237.185778,86.510107,3.305818,1.0,0.735548,0.268281,0.766588,247.194922
avenue_training_06_clip_000036,avenue,training,06,36,577,608,32,0,0,0.0,13424.303684,5221.657298,4362.272069,236.674785,3919.791679,0,0.0,1.13082,213.889149,86.181808,66.751638,70.762884,42.843981,15.072422,0.733813,0.0,0.0,0.0,0.0,0.0,0.0,0.0,0.0,0.0,0.179856,0.086331,42.302491,16.203066,12.79397,0.580982,13.268989,0,0.0,1288.713021,674.157013,577.02464,62.5,396.030867,1.0,0,0.0,0.0,0.0,0.0,0.0,0.0,0.0,0.0,1,244.234363,0.0,0.0,0.0,0.0,0.0,0.0,0.0,0.0,0.0,259.146074,77.596579,0.942458,0.0,0.0,0.0,0.0,0.0,0.0,0.0,0.0,0.0,1.0,0.299432,0.0,0.0,0.0,0.0,0.0,0.0,10,31.0,13.9,9.5,3.0,9.24608,360.155173,213.889149,225.835447,57.766504,1.68384,1.0,1.055853,0.270077,0.454495,97.211553
avenue_training_06_clip_000037,avenue,training,06,37,593,624,32,0,0,0.0,9405.359882,5338.058246,5305.746857,345.50116,2686.103448,0,0.0,2.988798,215.073971,99.099513,59.732459,69.686421,18.379277,24.623318,0.677686,0.041322,0.0,0.0,0.0,0.0,0.0,0.0,0.0,0.024793,0.0,0.256198,76.850976,19.335255,6.916573,0.30036,24.115493,0,0.0,1373.69256,739.536501,791.853048,125.623445,351.830284,0.987654,0,0.0,0.0,0.0,0.0,0.0,0.0,0.0,0.0,1,213.587498,329.588121,0.0,0.0,0.0,0.0,0.0,0.0,0.0,118.713422,0.0,205.83921,0.648044,1.0,0.0,0.0,0.0,0.0,0.0,0.0,0.0,0.360187,0.0,0.624535,0.111111,0.012346,0.0,0.0,0.012346,0.034919,9,31.0,13.444444,12.0,3.0,8.807965,329.588121,215.073971,206.753802,118.713422,1.532441,1.0,0.961315,0.551966,0.276933,59.561069
avenue_training_06_clip_000038,avenue,training,06,38,609,640,32,0,0,0.0,22757.522882,10048.704123,9044.532453,3239.864941,5197.575801,0,0.0,1.96699,308.59715,100.753942,69.619885,68.157873,33.496291,19.403839,0.259259,0.055556,0.0,0.037037,0.0,0.0,0.0,0.0,0.0,0.037037,0.055556,0.555556,96.098871,29.812909,20.416202,2.448028,26.861191,0,0.0,1338.434253,906.293566,909.674227,234.853678,315.731943,1.0,0,0.0,0.0,0.0,0.0,0.0,0.0,0.0,0.0,1,299.59061,324.464067,0.0,148.457279,0.0,0.0,0.0,0.0,0.0,631.200775,239.490717,292.156226,0.474636,0.514043,0.0,0.235198,0.0,0.0,0.0,0.0,0.0,1.0,0.379421,0.462858,0.0,0.0,0.0,0.0,0.0,0.0,12,21.0,9.0,8.0,4.0,4.760952,631.200775,308.59715,288.986675,148.457279,2.045388,1.0,0.936452,0.481071,0.39881,123.071601
avenue_training_06_clip_000039,avenue,training,06,39,625,656,32,0,0,0.0,13203.675928,5489.35422,5327.206387,1250.0,3540.095112,0,0.0,6.949178,193.980002,122.183116,59.581132,67.035653,0.0,34.168322,0.271605,0.037037,0.0,0.0,0.0,0.0,0.0,0.0,0.0,0.0,0.0,0.691358,52.901527,13.338495,7.072399,0.452453,15.601988,0,0.0,1262.7475,660.105689,627.968912,50.0,462.41607,0.9375,0,0.0,0.0,0.0,0.0,0.0,0.0,0.0,0.0,1,126.614027,180.262322,0.0,0.0,0.0,0.0,0.0,0.0,0.0,0.0,0.0,288.373863,0.439062,0.625099,0.0,0.0,0.0,0.0,0.0,0.0,0.0,0.0,0.0,1.0,0.5,0.0625,0.0,0.0,0.0625,0.165359,8,29.0,10.125,5.5,3.0,8.950384,482.526159,193.980002,173.875476,25.0,2.487505,1.0,0.896357,0.128879,0.633384,122.863832
avenue_training_06_clip_000040,avenue,training,06,40,641,672,32,0,0,0.0,9348.667061,4856.528041,4283.487663,1703.226982,2196.343648,0,0.0,-0.57751,198.60312,134.004276,74.816609,68.95452,20.876313,36.728782,0.446809,0.0,0.0,0.0,0.0,0.0,0.0,0.0,0.0,0.0,0.0,0.553191,20.298636,11.178735,12.37988,0.481962,6.702055,0,0.0,767.402274,521.144728,500.62461,162.98006,201.419042,1.0,0,0.0,0.0,0.0,0.0,0.0,0.0,0.0,0.0,1,184.182169,0.0,0.0,0.0,0.0,0.0,0.0,0.0,0.0,0.0,0.0,216.62931,0.850218,0.0,0.0,0.0,0.0,0.0,0.0,0.0,0.0,0.0,0.0,1.0,0.0,0.0,0.0,0.0,0.0,0.0,9,29.0,10.444444,9.0,3.0,7.588165,312.596786,198.60312,202.058767,93.74175,1.573977,1.0,1.0174,0.472005,0.331997,65.93557
avenue_training_06_clip_000041,avenue,training,06,41,657,688,32,0,0,0.0,23754.06899,6037.457924,3865.857297,532.615581,6273.825403,0,0.0,7.957588,222.335286,128.9832,76.113853,81.334789,29.054604,31.325497,0.513274,0.079646,0.0,0.0,0.0,0.0,0.0,0.0,0.0,0.0,0.070796,0.336283,44.920282,18.542002,10.673954,0.042177,15.304501,0,0.0,1168.465875,545.398731,446.527275,63.737744,383.095588,1.0,0,0.0,0.0,0.0,0.0,0.0,0.0,0.0,0.0,1,158.849306,138.605556,0.0,0.0,0.0,0.0,0.0,0.0,0.0,0.0,210.598495,346.491823,0.45845,0.400025,0.0,0.0,0.0,0.0,0.0,0.0,0.0,0.0,0.607802,1.0,0.0,0.0,0.0,0.0,0.0,0.0,12,31.0,9.416667,7.0,3.0,7.729363,693.384495,222.335286,192.762089,46.398634,3.118643,1.0,0.866988,0.208688,0.742595,165.105179
avenue_training_06_clip_000042,avenue,training,06,42,673,704,32,0,0,0.0,4703.385426,2004.156257,1506.531941,190.999967,1395.046834,0,0.0,11.954814,140.183476,123.607864,72.589218,66.755294,35.12845,28.928865,0.5,0.047619,0.047619,0.0,0.0,0.0,0.0,0.0,0.0,0.0,0.059524,0.345238,58.903205,26.703021,17.812963,2.744983,21.90272,0,0.0,620.609579,321.450917,229.835617,134.62912,188.666608,1.0,0,0.0,0.0,0.0,0.0,0.0,0.0,0.0,0.0,1,173.096683,101.949697,113.966138,0.0,0.0,0.0,0.0,0.0,0.0,0.0,77.345151,154.458388,1.0,0.588975,0.658396,0.0,0.0,0.0,0.0,0.0,0.0,0.0,0.446832,0.892324,0.0,0.0,0.0,0.0,0.0,0.0,8,26.0,10.5,8.0,3.0,7.632169,250.644889,140.183476,128.120879,77.345151,1.787977,1.0,0.913952,0.551742,0.355544,49.841366
avenue_training_06_clip_000043,avenue,training,06,43,689,720,32,0,0,0.0,19512.529523,6123.80003,4199.723534,373.595247,5864.476674,0,0.0,-2.767379,230.053088,129.08998,81.766801,74.541554,45.694889,25.207068,0.319588,0.350515,0.0,0.0,0.0,0.0,0.0,0.0,0.0,0.0,0.072165,0.257732,50.889019,28.399923,20.791389,6.571908,17.566973,0,0.0,1372.15615,736.620239,965.012953,67.31456,440.547491,1.0,0,0.0,0.0,0.0,0.0,0.0,0.0,0.0,0.0,1,209.176143,262.538693,0.0,0.0,0.0,0.0,0.0,0.0,0.0,0.0,39.791545,278.775514,0.750339,0.941757,0.0,0.0,0.0,0.0,0.0,0.0,0.0,0.0,0.142737,1.0,0.0,0.0,0.0,0.0,0.0,0.0,7,31.0,13.857143,9.0,5.0,10.411924,469.238634,230.053088,209.176143,39.791545,2.039697,1.0,0.909252,0.172967,0.595002,136.882062
avenue_training_06_clip_000044,avenue,training,06,44,705,736,32,0,0,0.0,13765.027796,7783.660906,6147.809346,3409.316676,3603.457745,0,0.0,3.683881,252.414804,127.238721,88.683807,82.115081,48.298342,28.12394,0.451613,0.209677,0.0,0.0,0.0,0.0,0.0,0.0,0.0,0.0,0.0,0.33871,39.413869,17.630224,16.412515,3.286598,11.674022,0,0.0,935.163756,641.934164,630.500871,325.0,243.37034,1.0,0,0.0,0.0,0.0,0.0,0.0,0.0,0.0,0.0,1,368.826396,115.679118,0.0,0.0,0.0,0.0,0.0,0.0,0.0,0.0,0.0,220.385637,1.0,0.313641,0.0,0.0,0.0,0.0,0.0,0.0,0.0,0.0,0.0,0.597532,0.0,0.0,0.0,0.0,0.0,0.0,6,23.0,10.333333,9.0,3.0,6.724747,481.177915,252.414804,227.869777,115.679118,1.906298,1.0,0.902759,0.45829,0.443462,111.936353
avenue_training_06_clip_000045,avenue,training,06,45,721,752,32,0,0,0.0,7665.678563,3663.728369,3252.222717,484.789478,2762.852305,0,0.0,17.061798,134.499565,155.29757,90.725171,95.299171,17.004771,49.571741,0.884615,0.115385,0.0,0.0,0.0,0.0,0.0,0.0,0.0,0.0,0.0,0.0,15.586986,7.793493,6.065107,3.456771,4.946673,0,0.0,376.040224,274.19002,318.433653,83.852549,112.456387,1.0,0,0.0,0.0,0.0,0.0,0.0,0.0,0.0,0.0,1,122.335673,170.991241,0.0,0.0,0.0,0.0,0.0,0.0,0.0,0.0,0.0,0.0,0.71545,1.0,0.0,0.0,0.0,0.0,0.0,0.0,0.0,0.0,0.0,0.0,0.0,0.0,0.0,0.0,0.0,0.0,4,14.0,6.5,4.5,3.0,4.387482,170.991241,134.499565,154.504955,57.99711,1.271314,1.0,1.14874,0.431207,0.342253,46.032882
avenue_training_06_clip_000046,avenue,training,06,46,737,768,32,0,0,0.0,21321.617242,12834.880466,12834.880466,4348.14369,8486.736776,0,0.0,21.990277,296.288439,99.965921,84.145221,84.145221,68.324521,15.8207,0.0,0.4,0.0,0.0,0.0,0.0,0.0,0.0,0.0,0.0,0.0,0.6,32.842716,32.842716,32.842716,32.842716,0.0,0,0.0,921.021851,752.326363,752.326363,583.630876,168.695488,1.0,0,0.0,0.0,0.0,0.0,0.0,0.0,0.0,0.0,1,0.0,352.445391,0.0,0.0,0.0,0.0,0.0,0.0,0.0,0.0,0.0,240.131487,0.0,1.0,0.0,0.0,0.0,0.0,0.0,0.0,0.0,0.0,0.0,0.68133,0.0,0.0,0.0,0.0,0.0,0.0,2,6.0,5.0,5.0,4.0,1.0,352.445391,296.288439,296.288439,240.131487,1.189535,1.0,1.0,0.810465,0.189535,56.156952
avenue_training_06_clip_000047,avenue,training,06,47,753,784,32,0,0,0.0,772.542486,772.542486,772.542486,772.542486,0.0,0,0.0,13.282526,40.45085,153.434949,153.434949,153.434949,153.434949,0.0,1.0,0.0,0.0,0.0,0.0,0.0,0.0,0.0,0.0,0.0,0.0,0.0,0.0,0.0,0.0,0.0,0.0,0,0.0,55.901699,55.901699,55.901699,55.901699,0.0,1.0,0,0.0,0.0,0.0,0.0,0.0,0.0,0.0,0.0,1,40.45085,0.0,0.0,0.0,0.0,0.0,0.0,0.0,0.0,0.0,0.0,0.0,1.0,0.0,0.0,0.0,0.0,0.0,0.0,0.0,0.0,0.0,0.0,0.0,0.0,0.0,0.0,0.0,0.0,0.0,1,3.0,3.0,3.0,3.0,0.0,40.45085,40.45085,40.45085,40.45085,1.0,1.0,1.0,1.0,0.0,0.0
avenue_training_06_clip_000048,avenue,training,06,48,769,800,32,0,0,0.0,574.288231,574.288231,574.288231,574.288231,0.0,0,0.0,-17.347577,51.014235,108.434949,108.434949,108.434949,108.434949,0.0,0.0,0.0,0.0,0.0,0.0,0.0,0.0,0.0,0.0,0.0,0.0,1.0,0.0,0.0,0.0,0.0,0.0,0,0.0,62.5,62.5,62.5,62.5,0.0,1.0,0,0.0,0.0,0.0,0.0,0.0,0.0,0.0,0.0,1,0.0,0.0,0.0,0.0,0.0,0.0,0.0,0.0,0.0,0.0,0.0,51.014235,0.0,0.0,0.0,0.0,0.0,0.0,0.0,0.0,0.0,0.0,0.0,1.0,0.0,0.0,0.0,0.0,0.0,0.0,1,3.0,3.0,3.0,3.0,0.0,51.014235,51.014235,51.014235,51.014235,1.0,1.0,1.0,1.0,0.0,0.0
avenue_training_06_clip_000049,avenue,training,06,49,785,816,32,0,0,0.0,7980.664808,6164.588962,6164.588962,4348.513116,1816.075846,0,0.0,-43.637159,202.02354,125.837653,95.932581,95.932581,66.027508,29.905073,0.0,0.0,0.0,0.0,0.0,0.0,0.0,0.0,0.0,0.0,1.0,0.0,2.519742,2.519742,2.519742,2.519742,0.0,0,0.0,799.413848,592.9775,592.9775,386.541152,206.436348,1.0,0,0.0,0.0,0.0,0.0,0.0,0.0,0.0,0.0,1,0.0,0.0,0.0,0.0,0.0,0.0,0.0,0.0,0.0,0.0,202.02354,0.0,0.0,0.0,0.0,0.0,0.0,0.0,0.0,0.0,0.0,0.0,1.0,0.0,0.0,0.0,0.0,0.0,0.0,0.0,2,18.0,10.5,10.5,3.0,7.5,226.927856,202.02354,202.02354,177.119225,1.123274,1.0,1.0,0.876726,0.123274,24.904315
avenue_training_06_clip_000050,avenue,training,06,50,801,832,32,0,0,0.0,7920.970743,2900.298623,1643.734117,392.755517,3055.253201,0,0.0,40.682958,121.225371,68.530154,51.284715,54.548187,27.512333,15.536389,0.680851,0.085106,0.0,0.234043,0.0,0.0,0.0,0.0,0.0,0.0,0.0,0.0,58.026634,29.019182,29.019182,0.01173,20.512214,0,0.0,1095.73035,426.405879,276.995734,55.901699,421.402602,1.0,0,0.0,0.0,0.0,0.0,0.0,0.0,0.0,0.0,1,136.713395,64.815374,0.0,146.659318,0.0,0.0,0.0,0.0,0.0,0.0,0.0,0.0,0.932183,0.441945,0.0,1.0,0.0,0.0,0.0,0.0,0.0,0.0,0.0,0.0,0.0,0.0,0.0,0.0,0.0,0.0,4,25.0,11.75,9.0,4.0,8.042854,230.744549,121.225371,105.737346,42.682241,1.903434,1.0,0.872237,0.35209,0.611664,74.149253
avenue_training_06_clip_000051,avenue,training,06,51,817,848,32,0,0,0.0,10660.250663,4655.017007,3088.340579,902.761726,3864.932525,0,0.0,11.205874,282.137803,112.071097,78.598078,82.338232,25.496358,31.051199,0.583333,0.0,0.104167,0.104167,0.0,0.0,0.0,0.0,0.0,0.104167,0.0,0.104167,101.089422,47.446746,41.86829,6.143071,35.949091,0,0.0,1005.376173,533.909244,491.033703,117.924764,352.95373,1.0,0,0.0,0.0,0.0,0.0,0.0,0.0,0.0,0.0,1,192.387758,0.0,494.092509,148.850112,0.0,0.0,0.0,0.0,0.0,77.248014,0.0,587.860667,0.327268,0.0,0.840493,0.253206,0.0,0.0,0.0,0.0,0.0,0.131405,0.0,1.0,0.0,0.0,0.0,0.0,0.0,0.0,6,22.0,8.0,5.0,5.0,6.271629,587.860667,282.137803,192.387758,77.248014,2.083594,1.0,0.681893,0.273795,0.67047,189.164988
avenue_training_06_clip_000052,avenue,training,06,52,833,864,32,0,0,0.0,15103.312439,6428.845639,4469.449103,1673.171911,5161.96932,0,0.0,64.426703,312.702252,109.440035,75.443854,82.714135,26.907111,30.663576,0.555556,0.222222,0.111111,0.111111,0.0,0.0,0.0,0.0,0.0,0.0,0.0,0.0,53.728263,34.225283,34.225283,14.722303,14.571285,0,0.0,1054.825222,633.891537,656.517913,167.705098,354.460797,1.0,0,0.0,0.0,0.0,0.0,0.0,0.0,0.0,0.0,1,270.334598,495.998887,350.233864,134.24166,0.0,0.0,0.0,0.0,0.0,0.0,0.0,0.0,0.545031,1.0,0.706118,0.270649,0.0,0.0,0.0,0.0,0.0,0.0,0.0,0.0,0.0,0.0,0.0,0.0,0.0,0.0,4,15.0,6.75,4.5,3.0,4.918079,495.998887,312.702252,310.284231,134.24166,1.58617,1.0,0.992267,0.429295,0.418946,131.005228
avenue_training_06_clip_000053,avenue,training,06,53,849,880,32,0,0,0.0,5728.389372,2168.725182,1043.297763,751.688593,1878.12652,0,0.0,-13.180044,134.724576,113.020285,43.370682,38.358737,7.765166,37.243159,0.0,0.0,0.0,0.0,0.125,0.0,0.0,0.0,0.125,0.0,0.375,0.375,140.552485,56.220994,24.094155,6.27357,52.506955,0,0.0,383.752036,211.621682,106.066017,100.778222,132.808655,1.0,0,0.0,0.0,0.0,0.0,0.0,0.0,0.0,0.0,1,0.0,0.0,0.0,0.0,85.74445,0.0,0.0,0.0,85.1961,0.0,160.108674,171.286828,0.0,0.0,0.0,0.0,0.50059,0.0,0.0,0.0,0.497389,0.0,0.93474,1.0,0.0,0.0,0.0,0.0,0.0,0.0,5,9.0,4.8,3.0,3.0,2.4,269.184248,134.724576,85.74445,73.389407,1.998034,1.0,0.636443,0.544737,0.548846,73.943061
avenue_training_06_clip_000054,avenue,training,06,54,865,896,32,0,0,0.0,5431.571834,2878.737096,2888.053727,0.0,2261.786993,0,0.0,-32.0246,135.622562,123.690068,54.538464,42.168677,0.0,45.471292,0.218182,0.0,0.0,0.0,0.0,0.0,0.0,0.0,0.054545,0.0,0.072727,0.654545,81.173991,31.871875,18.722583,3.869634,28.767402,0,0.0,600.520607,314.233087,265.87395,95.197164,221.708598,1.0,0,0.0,0.0,0.0,0.0,0.0,0.0,0.0,0.0,1,194.420272,0.0,0.0,0.0,0.0,0.0,0.0,0.0,95.197164,0.0,69.14684,151.657031,1.0,0.0,0.0,0.0,0.0,0.0,0.0,0.0,0.489646,0.0,0.355657,0.780047,0.0,0.0,0.0,0.0,0.0,0.0,6,22.0,9.166667,7.5,3.0,6.817054,204.700444,135.622562,136.466559,69.14684,1.509339,1.0,1.006223,0.509848,0.426084,57.786642
avenue_training_06_clip_000055,avenue,training,06,55,881,912,32,0,0,0.0,15751.155068,5931.790418,4527.787282,109.071978,4758.011109,0,0.0,12.636853,218.69583,137.389373,64.989596,68.423805,12.528808,31.579322,0.09375,0.395833,0.0,0.03125,0.0,0.03125,0.0,0.0,0.041667,0.135417,0.0,0.270833,147.0625,59.683816,37.236555,4.854386,44.351823,0,0.0,1146.325652,582.22433,446.68921,55.901699,411.110677,1.0,0,0.0,0.0,0.0,0.0,0.0,0.0,0.0,0.0,1,292.784793,324.039422,0.0,90.542706,0.0,53.72026,0.0,0.0,182.266862,211.662631,0.0,211.075304,0.903547,1.0,0.0,0.279419,0.0,0.165783,0.0,0.0,0.562484,0.6532,0.0,0.651388,0.0,0.0,0.0,0.0,0.0,0.0,11,30.0,8.727273,5.0,3.0,8.313088,502.939306,218.69583,206.043079,53.72026,2.299721,1.0,0.942145,0.245639,0.577286,126.249927
avenue_training_06_clip_000056,avenue,training,06,56,897,928,32,0,0,0.0,6263.007687,3793.421195,3893.039355,435.765226,1538.115743,0,0.0,-1.557077,172.653435,111.06851,61.649562,69.010434,3.17983,33.015515,0.684685,0.171171,0.0,0.0,0.027027,0.0,0.027027,0.0,0.0,0.0,0.09009,0.0,151.211762,49.832768,37.247945,1.878101,52.210288,0,0.0,987.579111,524.377299,536.069407,62.5,300.528718,1.0,0,0.0,0.0,0.0,0.0,0.0,0.0,0.0,0.0,1,227.164967,135.12644,0.0,0.0,53.784695,0.0,104.773426,0.0,0.0,0.0,194.531739,0.0,1.0,0.594838,0.0,0.0,0.236765,0.0,0.461222,0.0,0.0,0.0,0.856346,0.0,0.0,0.0,0.0,0.0,0.0,0.0,10,28.0,11.1,9.5,3.0,8.190849,306.129594,172.653435,145.591337,53.784695,1.773087,1.0,0.843257,0.311518,0.426574,73.649506
avenue_training_06_clip_000057,avenue,training,06,57,913,944,32,0,0,0.0,6944.559716,2861.959598,3557.115397,512.849674,2201.413468,0,0.0,1.803074,198.805491,172.065963,83.79729,69.362242,25.31726,44.935049,0.032967,0.494505,0.054945,0.0,0.0,0.0,0.0,0.0,0.0,0.131868,0.032967,0.252747,79.220898,43.058117,37.247913,4.890256,22.806806,0,0.0,950.739843,424.753253,440.347874,142.521928,266.297288,0.993056,0,0.0,0.0,0.0,0.0,0.0,0.0,0.0,0.0,1,401.688645,236.625015,123.952311,0.0,0.0,0.0,0.0,0.0,0.0,82.864398,193.277371,138.795826,1.0,0.589076,0.308578,0.0,0.0,0.0,0.0,0.0,0.0,0.20629,0.481162,0.345531,0.0625,0.006944,0.0,0.0,0.006944,0.019642,9,21.0,10.111111,7.0,3.0,7.109375,401.688645,198.805491,193.277371,82.864398,2.020511,1.0,0.972193,0.416811,0.461859,91.820138
avenue_training_06_clip_000058,avenue,training,06,58,929,960,32,0,0,0.0,8838.95649,4383.812438,3409.87535,37.354707,3182.096526,0,0.0,-16.205395,205.146083,107.175463,71.891469,61.991684,54.997102,19.040478,0.612245,0.0,0.0,0.0,0.0,0.0,0.0,0.0,0.0,0.142857,0.183673,0.061224,44.513647,25.019889,30.870992,0.723517,14.755049,0,0.0,1075.290658,568.129416,425.183784,53.033009,381.171178,1.0,0,0.0,0.0,0.0,0.0,0.0,0.0,0.0,0.0,1,207.172324,0.0,0.0,0.0,0.0,0.0,0.0,0.0,0.0,144.312042,414.787813,52.285914,0.499466,0.0,0.0,0.0,0.0,0.0,0.0,0.0,0.0,0.347918,1.0,0.126055,0.0,0.0,0.0,0.0,0.0,0.0,5,17.0,9.8,9.0,3.0,4.833218,414.787813,205.146083,144.312042,52.285914,2.021914,1.0,0.70346,0.254872,0.628853,129.00673
avenue_training_06_clip_000059,avenue,training,06,59,945,976,32,0,0,0.0,8971.395556,4150.498593,3384.613885,64.207376,3138.175911,0,0.0,21.456658,151.154563,86.948976,50.722733,49.162657,22.159743,20.685386,0.25,0.171875,0.0,0.125,0.0,0.0,0.0,0.0,0.0,0.171875,0.0,0.28125,94.249938,35.573187,28.362148,4.611624,33.23969,0,0.0,889.697982,410.208019,389.66756,27.95085,302.820218,1.0,0,0.0,0.0,0.0,0.0,0.0,0.0,0.0,0.0,1,85.988898,154.645237,0.0,194.344831,0.0,0.0,0.0,0.0,0.0,218.431859,0.0,229.202646,0.375165,0.67471,0.0,0.847917,0.0,0.0,0.0,0.0,0.0,0.953008,0.0,1.0,0.0,0.0,0.0,0.0,0.0,0.0,8,18.0,8.0,7.0,3.0,4.41588,249.773642,151.154563,176.075278,23.841578,1.652439,1.0,1.164869,0.15773,0.53573,80.977984
avenue_training_06_clip_000060,avenue,training,06,60,961,992,32,0,0,0.0,7230.163299,3467.112648,3067.455038,727.640775,2190.119508,0,0.0,21.063254,144.631935,121.568971,75.812955,71.890352,45.0,20.129796,0.554455,0.237624,0.0,0.029703,0.029703,0.0,0.0,0.0,0.0,0.0,0.118812,0.029703,120.20115,46.915242,34.926777,5.580278,35.025326,0,0.0,1249.812486,445.788676,334.225734,83.852549,372.9041,1.0,0,0.0,0.0,0.0,0.0,0.0,0.0,0.0,0.0,1,175.155949,223.062962,0.0,88.511003,70.122153,0.0,0.0,0.0,0.0,0.0,101.846453,124.660987,0.785231,1.0,0.0,0.396798,0.31436,0.0,0.0,0.0,0.0,0.0,0.456582,0.55886,0.0,0.0,0.0,0.0,0.0,0.0,12,28.0,8.416667,4.5,3.0,7.111708,283.709525,144.631935,129.308554,54.759093,1.961597,1.0,0.894052,0.37861,0.454146,65.684003
avenue_training_06_clip_000061,avenue,training,06,61,977,1008,32,0,0,0.0,15236.833834,6417.254919,4462.581821,823.810839,5029.631722,0,0.0,-10.036509,177.984277,127.972417,79.746018,80.79255,20.514278,33.459631,0.456522,0.195652,0.0,0.0,0.0,0.0,0.0,0.086957,0.0,0.0,0.217391,0.043478,113.448263,39.573232,24.790924,0.267125,35.176135,0,0.0,1077.613103,595.047231,644.508049,123.110723,319.341605,0.985714,0,0.0,0.0,0.0,0.0,0.0,0.0,0.0,0.0,1,78.590125,196.496926,0.0,0.0,0.0,0.0,0.0,244.596595,0.0,0.0,212.926763,238.19248,0.321305,0.803351,0.0,0.0,0.0,0.0,0.0,1.0,0.0,0.0,0.870522,0.973818,0.1,0.014286,0.0,0.0,0.014286,0.034993,7,31.0,13.142857,11.0,4.0,8.642562,299.893434,177.984277,212.926763,73.25117,1.684943,1.0,1.196323,0.41156,0.480351,85.494964
avenue_training_06_clip_000062,avenue,training,06,62,993,1024,32,0,0,0.0,11763.058645,5575.857623,4634.87206,850.007439,3195.886619,0,0.0,-11.648461,222.800438,119.549834,82.665194,84.385232,41.80656,23.601592,0.441176,0.0,0.0,0.0,0.0,0.0,0.0,0.0,0.04902,0.0,0.0,0.509804,98.559179,28.573563,22.138423,1.448292,31.989782,0,0.0,1269.965551,806.254967,987.816405,107.529066,397.309343,1.0,0,0.0,0.0,0.0,0.0,0.0,0.0,0.0,0.0,1,167.415973,0.0,0.0,0.0,0.0,0.0,0.0,0.0,270.004485,0.0,0.0,262.450221,0.620049,0.0,0.0,0.0,0.0,0.0,0.0,0.0,1.0,0.0,0.0,0.972022,0.0,0.0,0.0,0.0,0.0,0.0,7,29.0,14.571429,12.0,4.0,9.604421,368.986947,222.800438,232.847283,76.182522,1.656132,1.0,1.045093,0.341932,0.375785,83.725132
avenue_training_06_clip_000063,avenue,training,06,63,1009,1040,32,0,0,0.0,24755.308149,10232.378538,6932.76945,42.451475,8157.61916,0,0.0,24.185087,337.082909,124.223917,72.921823,74.768397,11.599295,29.092413,0.293478,0.369565,0.086957,0.0,0.054348,0.0,0.0,0.0,0.0,0.0,0.119565,0.076087,99.897968,31.585482,16.761664,2.807394,30.210733,0,0.0,1343.61918,812.459795,771.058526,70.710678,413.679432,1.0,0,0.0,0.0,0.0,0.0,0.0,0.0,0.0,0.0,1,338.387611,308.050561,329.501915,0.0,71.544221,0.0,0.0,0.0,0.0,0.0,548.445843,240.322606,0.616994,0.561679,0.600792,0.0,0.130449,0.0,0.0,0.0,0.0,0.0,1.0,0.438188,0.0,0.0,0.0,0.0,0.0,0.0,11,29.0,8.363636,5.0,3.0,7.138535,798.428706,337.082909,298.46298,68.446599,2.368642,1.0,0.885429,0.203056,0.648966,218.755453
avenue_training_06_clip_000064,avenue,training,06,64,1025,1056,32,0,0,0.0,11911.59645,4952.448003,4912.957079,937.700049,3404.525554,0,0.0,7.529847,215.037546,164.772282,87.928186,78.222715,38.217105,35.197816,0.581818,0.0,0.036364,0.0,0.0,0.0,0.0,0.0,0.0,0.045455,0.0,0.336364,70.42111,18.453955,9.938063,0.166869,21.941942,0,0.0,1322.521266,584.553574,472.526454,158.113883,371.883206,0.993939,0,0.0,0.0,0.0,0.0,0.0,0.0,0.0,0.0,1,219.336536,0.0,143.512189,0.0,0.0,0.0,0.0,0.0,0.0,83.278471,0.0,301.633299,0.727163,0.0,0.475784,0.0,0.0,0.0,0.0,0.0,0.0,0.276092,0.0,1.0,0.066667,0.006061,0.0,0.0,0.006061,0.019165,11,21.0,10.0,5.0,4.0,6.550503,443.780877,215.037546,207.858755,83.278471,2.063737,1.0,0.966616,0.387274,0.511845,110.06589
avenue_training_06_clip_000065,avenue,training,06,65,1041,1072,32,0,0,0.0,14396.797882,4646.172851,3994.177593,196.66042,4174.29151,0,0.0,-15.760141,211.018109,114.981923,69.970006,78.836304,8.130102,39.077593,0.44,0.0,0.04,0.0,0.0,0.0,0.0,0.04,0.0,0.07,0.07,0.34,107.170494,35.688669,25.932067,3.042033,33.401706,0,0.0,1174.268389,522.181755,505.458425,70.710678,363.292118,1.0,0,0.0,0.0,0.0,0.0,0.0,0.0,0.0,0.0,1,282.133672,0.0,395.066,0.0,0.0,0.0,0.0,121.007805,0.0,171.11126,67.527678,215.893966,0.714143,0.0,1.0,0.0,0.0,0.0,0.0,0.306298,0.0,0.433121,0.170928,0.546476,0.0,0.0,0.0,0.0,0.0,0.0,12,25.0,8.333333,6.5,3.0,6.328946,408.386759,211.018109,165.050186,66.605339,1.935316,1.0,0.782161,0.315638,0.580829,122.565378
avenue_training_06_clip_000066,avenue,training,06,66,1057,1088,32,0,0,0.0,17569.609066,6693.708287,6179.814543,968.479036,4474.728749,0,0.0,-5.028027,229.078605,160.932474,96.550562,105.763133,32.645977,41.730308,0.405063,0.050633,0.21519,0.0,0.0,0.0,0.0,0.0,0.0,0.088608,0.037975,0.202532,69.591417,39.452409,50.149672,2.260755,23.635034,0,0.0,1083.108951,582.724864,531.25,162.98006,324.200882,1.0,0,0.0,0.0,0.0,0.0,0.0,0.0,0.0,0.0,1,200.885362,116.28511,286.998192,0.0,0.0,0.0,0.0,0.0,0.0,327.003343,141.27396,260.487412,0.614322,0.355608,0.877661,0.0,0.0,0.0,0.0,0.0,0.0,1.0,0.432026,0.796589,0.0,0.0,0.0,0.0,0.0,0.0,9,17.0,8.777778,4.0,3.0,5.86473,431.431234,229.078605,222.575451,90.064926,1.883333,1.0,0.971612,0.393162,0.450523,103.205108
avenue_training_06_clip_000067,avenue,training,06,67,1073,1104,32,0,0,0.0,18726.186793,7043.772322,3055.558279,1710.409974,6362.317564,0,0.0,-1.592756,257.78706,116.52326,62.976848,50.970782,9.531004,37.101004,0.540984,0.393443,0.0,0.0,0.0,0.0,0.0,0.0,0.065574,0.0,0.0,0.0,97.998637,39.199455,22.935608,14.421229,31.561806,0,0.0,1217.707888,796.084008,1042.907594,212.86733,420.751117,1.0,0,0.0,0.0,0.0,0.0,0.0,0.0,0.0,0.0,1,329.225011,174.625857,0.0,0.0,0.0,0.0,0.0,0.0,126.634412,0.0,0.0,0.0,1.0,0.530415,0.0,0.0,0.0,0.0,0.0,0.0,0.384644,0.0,0.0,0.0,0.0,0.0,0.0,0.0,0.0,0.0,5,24.0,12.2,10.0,4.0,7.704544,463.418781,257.78706,175.170514,126.634412,1.797681,1.0,0.679516,0.491236,0.495448,127.720123
avenue_training_06_clip_000068,avenue,training,06,68,1089,1120,32,0,0,0.0,15413.897349,5682.161169,5112.323453,846.300349,4509.027693,0,0.0,25.087186,235.998184,175.829563,81.356987,76.355278,31.476027,36.837966,0.392523,0.271028,0.046729,0.0,0.046729,0.0,0.0,0.0,0.0,0.0,0.242991,0.0,100.827746,43.582848,27.744479,3.623567,29.725021,0,0.0,1332.818911,604.588407,657.884868,91.001374,403.414743,0.969697,0,0.0,0.0,0.0,0.0,0.0,0.0,0.0,0.0,1,253.533541,310.68093,204.268469,0.0,281.040109,0.0,0.0,0.0,0.0,0.0,139.342679,0.0,0.816058,1.0,0.657486,0.0,0.904594,0.0,0.0,0.0,0.0,0.0,0.448507,0.0,0.333333,0.030303,0.0,0.0,0.030303,0.095826,11,29.0,9.727273,7.0,3.0,7.249964,438.988112,235.998184,248.98536,36.226348,1.860133,1.0,1.055031,0.153503,0.520109,122.744878
avenue_training_06_clip_000069,avenue,training,06,69,1105,1136,32,0,0,0.0,29767.146877,3679.970197,1624.911004,0.0,6048.42558,0,0.0,12.137122,186.302538,180.0,104.114463,92.206201,0.0,52.857347,0.402778,0.226852,0.013889,0.0,0.027778,0.013889,0.013889,0.013889,0.0,0.027778,0.0,0.259259,176.787261,46.122175,18.946172,1.145404,50.633365,0,0.0,1211.210655,398.418988,240.442301,17.67767,399.336468,0.981481,0,0.0,0.0,0.0,0.0,0.0,0.0,0.0,0.0,1,141.425774,193.045833,88.388348,0.0,312.760304,15.088835,166.871764,188.708009,0.0,34.157474,0.0,327.842975,0.431383,0.588836,0.269606,0.0,0.953994,0.046025,0.508999,0.575605,0.0,0.104189,0.0,1.0,0.5,0.018519,0.0,0.0,0.018519,0.094426,27,31.0,8.0,3.0,3.0,8.335555,843.44902,186.302538,162.862307,8.838835,4.527308,1.0,0.874182,0.047443,1.015262,189.145967
avenue_training_06_clip_000070,avenue,training,06,70,1121,1152,32,0,0,0.0,21703.11655,6240.951949,5115.354153,1012.549675,5148.260128,0,0.0,12.786093,205.429239,145.885527,81.033257,78.619227,29.261986,33.112717,0.347826,0.0,0.086957,0.021739,0.0,0.0,0.0,0.0,0.0,0.065217,0.0,0.478261,78.009222,24.602586,13.611746,0.733182,25.666876,0,0.0,1263.489711,593.008741,495.674718,125.623445,384.846162,0.997619,0,0.0,0.0,0.0,0.0,0.0,0.0,0.0,0.0,1,201.772944,0.0,242.072927,216.840202,0.0,0.0,0.0,0.0,0.0,291.454152,0.0,170.486171,0.692297,0.0,0.830569,0.743994,0.0,0.0,0.0,0.0,0.0,1.0,0.0,0.58495,0.033333,0.002381,0.0,0.0,0.002381,0.008585,14,31.0,13.142857,9.5,3.0,9.927287,659.002725,205.429239,190.642925,54.176386,3.207931,1.0,0.928022,0.263723,0.698122,143.414641
avenue_training_06_clip_000071,avenue,training,06,71,1137,1168,32,0,0,0.0,19099.746888,5621.914862,2753.529974,259.672467,5868.343006,0,0.0,17.641019,192.840139,147.766403,81.288309,79.240185,52.125016,28.246168,0.363636,0.030303,0.090909,0.0,0.0,0.0,0.0,0.0,0.0,0.0,0.232323,0.282828,63.64541,30.181622,26.674115,5.737161,19.433234,0,0.0,1354.217948,500.486261,377.595187,72.886899,431.624517,1.0,0,0.0,0.0,0.0,0.0,0.0,0.0,0.0,0.0,1,193.019204,73.795147,403.528239,0.0,0.0,0.0,0.0,0.0,0.0,0.0,123.80365,114.83648,0.478329,0.182875,1.0,0.0,0.0,0.0,0.0,0.0,0.0,0.0,0.306803,0.284581,0.0,0.0,0.0,0.0,0.0,0.0,11,23.0,9.0,5.0,3.0,7.567875,414.725852,192.840139,128.79906,67.693449,2.15062,1.0,0.667906,0.351034,0.674876,130.143219
avenue_training_06_clip_000072,avenue,training,06,72,1153,1184,32,0,0,0.0,14471.993191,4452.303867,2669.608258,1592.637135,4071.921724,0,0.0,36.523081,177.964658,135.078435,67.915105,64.556872,1.507436,40.311865,0.415385,0.0,0.138462,0.0,0.061538,0.0,0.0,0.0,0.0,0.0,0.292308,0.092308,88.792051,41.981282,39.566539,8.696447,28.666962,0,0.0,1232.502535,466.502633,391.138688,115.244306,319.67131,1.0,0,0.0,0.0,0.0,0.0,0.0,0.0,0.0,0.0,1,158.075778,0.0,124.220817,0.0,137.586123,0.0,0.0,0.0,0.0,0.0,121.320898,442.141275,0.357523,0.0,0.280953,0.0,0.311181,0.0,0.0,0.0,0.0,0.0,0.274394,1.0,0.0,0.0,0.0,0.0,0.0,0.0,8,19.0,8.125,6.0,3.0,5.134138,442.141275,177.964658,139.425369,83.391563,2.484433,1.0,0.783444,0.468585,0.611807,108.880007
avenue_training_06_clip_000073,avenue,training,06,73,1169,1200,32,0,0,0.0,10232.440109,3758.283523,2242.275531,666.502295,3068.503261,0,0.0,-5.32699,197.300657,100.595632,68.814355,70.028601,42.162214,19.159207,0.095238,0.0,0.095238,0.0,0.0,0.0,0.0,0.0,0.0,0.0,0.47619,0.333333,84.727321,29.702511,27.665719,1.632834,26.409444,0,0.0,1102.978921,494.206515,340.036763,203.485257,317.602783,1.0,0,0.0,0.0,0.0,0.0,0.0,0.0,0.0,0.0,1,430.352817,0.0,153.299224,0.0,0.0,0.0,0.0,0.0,0.0,0.0,143.888573,182.893419,1.0,0.0,0.356218,0.0,0.0,0.0,0.0,0.0,0.0,0.0,0.33435,0.424985,0.0,0.0,0.0,0.0,0.0,0.0,7,13.0,9.0,9.0,6.0,2.507133,430.352817,197.300657,153.299224,111.340879,2.181203,1.0,0.776983,0.564321,0.516089,101.824814
avenue_training_06_clip_000074,avenue,training,06,74,1185,1216,32,0,0,0.0,10712.351096,3946.206084,2649.57286,971.34464,3155.662073,0,0.0,36.372946,179.347152,120.435406,60.224517,59.673165,21.289666,29.873805,0.5,0.294872,0.0,0.141026,0.0,0.0,0.0,0.0,0.0,0.0,0.0,0.064103,83.145176,38.994543,28.499928,5.893588,24.858256,0,0.0,816.241386,434.455045,404.253637,162.98006,219.827226,1.0,0,0.0,0.0,0.0,0.0,0.0,0.0,0.0,0.0,1,195.736829,154.105277,0.0,206.335914,0.0,0.0,0.0,0.0,0.0,0.0,0.0,85.052799,0.948632,0.746866,0.0,1.0,0.0,0.0,0.0,0.0,0.0,0.0,0.0,0.412206,0.0,0.0,0.0,0.0,0.0,0.0,8,23.0,9.75,7.0,3.0,6.398242,420.685186,179.347152,150.419909,77.161332,2.345647,1.0,0.838708,0.430234,0.578641,103.77761
avenue_training_06_clip_000075,avenue,training,06,75,1201,1232,32,0,0,0.0,11654.064805,3584.10668,2124.352293,1104.061277,3169.506494,0,0.0,-4.118566,184.570887,162.853231,79.832953,63.233586,32.643295,39.159916,0.072165,0.0,0.103093,0.0,0.0,0.0,0.0,0.0,0.051546,0.0,0.206186,0.56701,115.616437,38.600093,26.930001,1.654504,37.868321,0,0.0,1025.0,438.817626,268.822665,123.110723,310.165289,1.0,0,0.0,0.0,0.0,0.0,0.0,0.0,0.0,0.0,1,181.930667,0.0,270.72029,0.0,0.0,0.0,0.0,0.0,85.406181,0.0,159.822663,179.981584,0.672024,0.0,1.0,0.0,0.0,0.0,0.0,0.0,0.315478,0.0,0.590361,0.664825,0.0,0.0,0.0,0.0,0.0,0.0,11,26.0,8.818182,5.0,3.0,6.82,375.071216,184.570887,166.369365,85.332752,2.032126,1.0,0.901385,0.462331,0.475824,87.823246
avenue_training_06_clip_000076,avenue,training,06,76,1217,1248,32,0,0,0.0,7512.381913,3390.358591,2678.223036,164.957514,2774.85956,0,0.0,-2.876027,185.597657,102.994617,67.078626,66.306736,30.084395,18.899622,0.139241,0.113924,0.0,0.0,0.0,0.0,0.0,0.0,0.0,0.0,0.075949,0.670886,43.373148,18.344441,10.988084,2.264688,15.111503,0,0.0,972.432517,407.186953,375.158381,62.5,305.842452,1.0,0,0.0,0.0,0.0,0.0,0.0,0.0,0.0,0.0,1,161.017222,145.995577,0.0,0.0,0.0,0.0,0.0,0.0,0.0,0.0,78.225064,259.169649,0.621281,0.563321,0.0,0.0,0.0,0.0,0.0,0.0,0.0,0.0,0.30183,1.0,0.0,0.0,0.0,0.0,0.0,0.0,8,25.0,9.875,7.5,3.0,7.473913,340.972486,185.597657,170.204927,59.20085,1.837159,1.0,0.917064,0.318974,0.543945,100.954861
avenue_training_06_clip_000077,avenue,training,06,77,1233,1264,32,0,0,0.0,12989.006973,5724.539034,4206.621118,1176.001246,3562.860585,0,0.0,12.947931,282.269804,176.686435,75.178216,68.068989,38.800508,35.317216,0.195876,0.206186,0.030928,0.0,0.082474,0.0,0.0,0.0,0.0,0.030928,0.134021,0.319588,131.37144,46.096463,32.705786,11.779811,33.362628,0,0.0,1315.294644,651.509669,630.599913,139.754249,330.589015,1.0,0,0.0,0.0,0.0,0.0,0.0,0.0,0.0,0.0,1,107.220851,377.367465,486.251026,0.0,186.274277,0.0,0.0,0.0,0.0,791.622619,179.133664,156.687979,0.135444,0.476701,0.614246,0.0,0.235307,0.0,0.0,0.0,0.0,1.0,0.226287,0.197933,0.0,0.0,0.0,0.0,0.0,0.0,11,19.0,8.818182,8.0,3.0,5.3397,791.622619,282.269804,186.274277,97.833728,2.804489,1.0,0.659916,0.346597,0.730901,206.311411
avenue_training_06_clip_000078,avenue,training,06,78,1249,1280,32,0,0,0.0,23560.765226,6405.889709,5850.179118,46.993964,5982.433076,0,0.0,2.925848,226.660299,87.147391,58.072065,63.218253,11.534621,21.451654,0.490323,0.0,0.019355,0.0,0.0,0.0,0.0,0.0,0.0,0.0,0.03871,0.451613,58.919186,17.348386,10.057441,2.352967,17.049569,0,0.0,1325.943061,653.524744,751.555895,103.077641,383.652529,0.996795,0,0.0,0.0,0.0,0.0,0.0,0.0,0.0,0.0,1,180.900348,0.0,516.284695,0.0,0.0,0.0,0.0,0.0,0.0,0.0,245.831936,218.101217,0.350389,0.0,1.0,0.0,0.0,0.0,0.0,0.0,0.0,0.0,0.476156,0.422444,0.038462,0.003205,0.0,0.0,0.003205,0.01063,12,30.0,12.916667,7.5,3.0,10.896929,516.284695,226.660299,223.687032,91.558347,2.277791,1.0,0.986883,0.403945,0.470345,106.60863
avenue_training_06_clip_000079,avenue,training,06,79,1265,1296,32,0,0,0.0,27132.738131,6228.242332,4714.532065,1155.360961,6252.238809,0,0.0,-0.674629,272.303094,161.484011,77.895409,69.750513,11.821488,47.402071,0.577922,0.0,0.019481,0.019481,0.0,0.0,0.0,0.0,0.0,0.116883,0.0,0.266234,111.328936,38.165281,20.181029,3.532098,34.824955,0,0.0,1225.063774,617.483529,520.605873,134.62912,392.065468,1.0,0,0.0,0.0,0.0,0.0,0.0,0.0,0.0,0.0,1,281.550513,0.0,81.289985,192.670141,0.0,0.0,0.0,0.0,0.0,426.466309,0.0,189.860394,0.660194,0.0,0.190613,0.451783,0.0,0.0,0.0,0.0,0.0,1.0,0.0,0.445194,0.0,0.0,0.0,0.0,0.0,0.0,14,31.0,11.0,5.0,3.0,10.515295,682.409011,272.303094,238.238071,81.289985,2.506064,1.0,0.8749,0.298528,0.508785,138.543752
avenue_training_06_clip_000080,avenue,training,06,80,1281,1312,32,0,0,0.0,17623.931195,8136.575577,6862.809538,164.026999,5181.023885,0,0.0,26.589717,348.819866,139.825106,71.081581,65.707233,22.380135,26.339071,0.265957,0.164894,0.0,0.042553,0.0,0.015957,0.0,0.0,0.0,0.0,0.0,0.510638,128.054986,35.491557,29.983173,0.52295,30.365302,0,0.0,1265.89889,864.56723,976.954596,125.0,345.211794,1.0,0,0.0,0.0,0.0,0.0,0.0,0.0,0.0,0.0,1,331.775225,194.097665,0.0,478.44999,0.0,121.71946,0.0,0.0,0.0,0.0,0.0,378.503518,0.693438,0.40568,0.0,1.0,0.0,0.254404,0.0,0.0,0.0,0.0,0.0,0.791104,0.0,0.0,0.0,0.0,0.0,0.0,16,31.0,11.75,6.5,3.0,10.580052,656.838628,348.819866,340.172342,121.71946,1.883031,1.0,0.975209,0.348946,0.426002,148.597886
avenue_training_06_clip_000081,avenue,training,06,81,1297,1328,32,0,0,0.0,10677.489955,5537.845792,4861.373193,1795.510593,2281.772629,0,0.0,-1.327027,258.85249,112.962206,66.086277,58.574066,31.343074,23.628449,0.234568,0.0,0.0,0.117284,0.0,0.0,0.0,0.0,0.0,0.080247,0.0,0.567901,105.239138,21.191519,10.293993,2.121167,30.014152,0,0.0,1286.042865,822.489121,829.079363,233.519271,314.321656,0.997222,0,0.0,0.0,0.0,0.0,0.0,0.0,0.0,0.0,1,313.793061,0.0,0.0,190.42325,0.0,0.0,0.0,0.0,0.0,195.482641,0.0,254.134972,1.0,0.0,0.0,0.606843,0.0,0.0,0.0,0.0,0.0,0.622967,0.0,0.809881,0.033333,0.002778,0.0,0.0,0.002778,0.009213,12,31.0,13.5,11.0,5.0,8.036376,382.173244,258.85249,283.883747,140.250975,1.476413,1.0,1.096701,0.541818,0.303489,78.558878
avenue_training_06_clip_000082,avenue,training,06,82,1313,1344,32,0,0,0.0,11372.2398,5478.993624,5380.251616,394.077361,3376.178128,0,0.0,-7.99816,297.657608,111.312519,67.578798,65.179402,24.020765,28.172459,0.446512,0.0,0.0,0.0,0.0,0.0,0.0,0.0,0.0,0.0,0.162791,0.390698,40.510901,11.895128,6.984263,1.368575,11.103179,0,0.0,1350.520733,970.081045,1142.631009,141.421356,408.743222,1.0,0,0.0,0.0,0.0,0.0,0.0,0.0,0.0,0.0,1,306.547441,0.0,0.0,0.0,0.0,0.0,0.0,0.0,0.0,0.0,205.442425,322.469448,0.950625,0.0,0.0,0.0,0.0,0.0,0.0,0.0,0.0,0.0,0.637091,1.0,0.0,0.0,0.0,0.0,0.0,0.0,12,31.0,17.916667,16.0,4.0,11.056358,500.294183,297.657608,293.390825,84.667714,1.680771,1.0,0.985665,0.284447,0.370086,110.158931
avenue_training_06_clip_000083,avenue,training,06,83,1329,1360,32,0,0,0.0,18337.493701,7234.722432,6273.930471,1762.001759,4170.976381,0,0.0,10.589809,340.055621,164.783673,88.532392,75.970016,54.705233,32.629407,0.384615,0.210256,0.0,0.0,0.0,0.0,0.0,0.0,0.0,0.0,0.0,0.405128,46.074267,17.714984,15.424312,1.473095,12.216857,0,0.0,1327.886008,924.067084,947.806235,115.244306,361.978465,1.0,0,0.0,0.0,0.0,0.0,0.0,0.0,0.0,0.0,1,351.970269,241.553308,0.0,0.0,0.0,0.0,0.0,0.0,0.0,0.0,0.0,367.541897,0.957633,0.657213,0.0,0.0,0.0,0.0,0.0,0.0,0.0,0.0,0.0,1.0,0.0,0.0,0.0,0.0,0.0,0.0,12,31.0,16.25,12.5,3.0,10.917303,734.385903,340.055621,273.148355,68.257592,2.159605,1.0,0.803246,0.200725,0.555254,188.817251
avenue_training_06_clip_000084,avenue,training,06,84,1345,1376,32,0,0,0.0,24320.03832,6388.948015,6150.662174,297.867686,5198.535303,0,0.0,-7.479806,261.090046,169.380345,75.959913,74.491891,1.789911,41.595608,0.34413,0.05668,0.064777,0.0,0.0,0.0,0.0,0.016194,0.0,0.101215,0.0,0.417004,114.108075,38.372799,24.978026,1.535477,30.336638,0,0.0,1354.67939,687.350037,787.5992,63.737744,436.531089,0.998413,0,0.0,0.0,0.0,0.0,0.0,0.0,0.0,0.0,1,303.699548,175.303351,321.232017,0.0,0.0,0.0,0.0,87.44111,0.0,298.476331,0.0,255.367528,0.945421,0.545722,1.0,0.0,0.0,0.0,0.0,0.272205,0.0,0.929161,0.0,0.794963,0.033333,0.001587,0.0,0.0,0.001587,0.007099,21,31.0,11.761905,8.0,3.0,9.59119,568.88422,261.090046,248.455098,55.668163,2.178881,1.0,0.951607,0.213214,0.552741,144.315159
avenue_training_06_clip_000085,avenue,training,06,85,1361,1392,32,0,0,0.0,14991.558528,6568.297968,6019.364187,228.728869,3905.693969,0,0.0,-2.388626,287.848784,109.297923,74.024868,76.817299,34.96203,20.668084,0.313725,0.047059,0.011765,0.0,0.0,0.0,0.0,0.0,0.0,0.0,0.117647,0.509804,86.285373,22.746977,12.537363,0.479993,22.771929,0,0.0,1353.698637,907.041127,937.833274,72.886899,387.789522,1.0,0,0.0,0.0,0.0,0.0,0.0,0.0,0.0,0.0,1,185.608041,459.299186,284.19764,0.0,0.0,0.0,0.0,0.0,0.0,0.0,271.378421,343.965291,0.404111,1.0,0.618764,0.0,0.0,0.0,0.0,0.0,0.0,0.0,0.590853,0.748892,0.0,0.0,0.0,0.0,0.0,0.0,17,31.0,15.0,12.0,3.0,10.18072,483.986803,287.848784,282.475699,68.312321,1.681393,1.0,0.981334,0.23732,0.382058,109.974835
avenue_training_06_clip_000086,avenue,training,06,86,1377,1408,32,0,0,0.0,13336.664548,5553.109648,5181.474322,413.192306,3764.098239,0,0.0,26.203972,243.507581,158.83874,73.781012,74.155346,19.507205,31.952392,0.133929,0.098214,0.040179,0.0,0.03125,0.0,0.0,0.0,0.0,0.0,0.013393,0.683036,123.668469,40.266217,32.241016,1.301752,30.596217,0,0.0,1304.319746,611.957553,568.234657,107.529066,388.594971,1.0,0,0.0,0.0,0.0,0.0,0.0,0.0,0.0,0.0,1,136.84169,361.13336,222.099563,0.0,91.963756,0.0,0.0,0.0,0.0,0.0,99.26522,281.245426,0.378923,1.0,0.615007,0.0,0.254653,0.0,0.0,0.0,0.0,0.0,0.274871,0.778786,0.0,0.0,0.0,0.0,0.0,0.0,21,28.0,10.666667,6.0,3.0,8.442147,731.176288,243.507581,202.97085,71.038401,3.002684,1.0,0.83353,0.29173,0.649544,158.168813
avenue_training_06_clip_000087,avenue,training,06,87,1393,1424,32,0,0,0.0,18368.739086,5339.383853,4036.412281,344.563908,5095.946398,0,0.0,3.936223,275.315699,165.963757,90.514177,84.101796,18.817627,42.92494,0.41875,0.13125,0.025,0.0,0.0,0.0,0.0,0.0,0.0,0.0,0.1,0.325,80.703226,25.840251,21.361076,2.131307,21.955895,0,0.0,1342.22297,573.040958,558.605667,67.31456,402.835456,1.0,0,0.0,0.0,0.0,0.0,0.0,0.0,0.0,0.0,1,402.61158,123.733307,158.920654,0.0,0.0,0.0,0.0,0.0,0.0,0.0,216.875221,258.082293,1.0,0.307327,0.394724,0.0,0.0,0.0,0.0,0.0,0.0,0.0,0.538671,0.641021,0.0,0.0,0.0,0.0,0.0,0.0,20,24.0,8.0,4.0,3.0,6.745369,784.129956,275.315699,223.749535,52.40728,2.848112,1.0,0.812701,0.190353,0.649873,178.920309
avenue_training_06_clip_000088,avenue,training,06,88,1409,1440,32,0,0,0.0,15098.018182,4449.075273,3711.596019,223.912001,4291.387134,0,0.0,-1.799167,198.640996,106.041565,54.214514,56.739198,8.457778,26.753724,0.682927,0.04878,0.0,0.0,0.0,0.0,0.0,0.0,0.0,0.081301,0.0,0.186992,59.150804,22.775922,15.81481,3.365208,19.090301,0,0.0,1372.611562,551.103954,412.310563,107.529066,438.657948,1.0,0,0.0,0.0,0.0,0.0,0.0,0.0,0.0,0.0,1,220.325288,175.937472,0.0,0.0,0.0,0.0,0.0,0.0,0.0,163.052133,0.0,180.528746,1.0,0.798535,0.0,0.0,0.0,0.0,0.0,0.0,0.0,0.740052,0.0,0.819374,0.0,0.0,0.0,0.0,0.0,0.0,11,31.0,11.181818,7.0,4.0,8.736737,566.447344,198.640996,174.59538,67.49219,2.851613,1.0,0.878949,0.33977,0.655919,130.29251
avenue_training_06_clip_000089,avenue,training,06,89,1425,1456,32,0,0,0.0,11092.556077,5828.184557,4893.377688,1212.765517,3398.321236,0,0.0,15.43221,276.091906,139.24918,72.647969,66.314125,27.281211,27.600741,0.656051,0.0,0.025478,0.019108,0.0,0.0,0.0,0.0,0.0,0.0,0.025478,0.273885,96.954558,26.585512,13.778878,1.330955,25.794744,0,0.0,1314.641111,717.993557,603.121285,142.521928,398.936624,1.0,0,0.0,0.0,0.0,0.0,0.0,0.0,0.0,0.0,1,237.159536,0.0,391.996465,126.112148,0.0,0.0,0.0,0.0,0.0,0.0,459.122381,330.259802,0.51655,0.0,0.853795,0.274681,0.0,0.0,0.0,0.0,0.0,0.0,1.0,0.719328,0.0,0.0,0.0,0.0,0.0,0.0,14,31.0,11.214286,8.5,3.0,8.743802,470.209576,276.091906,249.294334,107.550578,1.703091,1.0,0.90294,0.389546,0.416576,115.013143
avenue_training_06_clip_000090,avenue,training,06,90,1441,1472,32,0,0,0.0,28200.772493,6804.402156,4723.952606,409.330717,7729.577899,0,0.0,7.008193,270.325237,110.054358,49.440468,52.572849,8.130102,30.302884,0.362903,0.096774,0.0,0.0,0.0,0.0,0.0,0.0,0.0,0.0,0.032258,0.508065,57.939742,17.629128,12.213055,0.51557,17.402915,0,0.0,1327.120944,622.835677,583.630876,55.901699,439.086408,1.0,0,0.0,0.0,0.0,0.0,0.0,0.0,0.0,0.0,1,260.828634,394.917802,0.0,0.0,0.0,0.0,0.0,0.0,0.0,0.0,178.339414,211.748024,0.660463,1.0,0.0,0.0,0.0,0.0,0.0,0.0,0.0,0.0,0.451586,0.536183,0.0,0.0,0.0,0.0,0.0,0.0,13,31.0,9.538462,5.0,3.0,8.652393,978.317943,270.325237,178.339414,47.715085,3.61904,1.0,0.659722,0.17651,0.933148,252.253359
avenue_training_06_clip_000091,avenue,training,06,91,1457,1488,32,0,0,0.0,13484.736692,4982.698246,4763.08466,147.313913,4090.746218,0,0.0,1.715136,208.84345,166.929263,65.700511,70.683309,0.0,43.299039,0.463415,0.060976,0.018293,0.0,0.0,0.0,0.0,0.0,0.0,0.060976,0.036585,0.359756,69.799175,22.762249,15.302606,1.515014,21.950423,0,0.0,1308.625233,599.222156,580.452415,51.53882,435.660413,1.0,0,0.0,0.0,0.0,0.0,0.0,0.0,0.0,0.0,1,195.927468,176.063427,507.679456,0.0,0.0,0.0,0.0,0.0,0.0,88.828043,295.361413,179.220534,0.385928,0.3468,1.0,0.0,0.0,0.0,0.0,0.0,0.0,0.174969,0.581787,0.353019,0.0,0.0,0.0,0.0,0.0,0.0,14,31.0,11.714286,8.5,3.0,9.082389,507.679456,208.84345,212.796852,47.53537,2.430909,1.0,1.01893,0.227612,0.598171,124.924143
avenue_training_06_clip_000092,avenue,training,06,92,1473,1504,32,0,0,0.0,28964.466094,6799.11516,4715.465995,320.972648,7890.961458,0,0.0,0.465489,217.923713,157.619865,53.917278,51.6286,2.174744,35.105736,0.320261,0.169935,0.019608,0.019608,0.0,0.0,0.0,0.039216,0.0,0.0,0.091503,0.339869,121.825771,35.465706,30.92163,0.100937,33.766493,0,0.0,1300.0,636.97765,637.377439,80.039053,444.992882,1.0,0,0.0,0.0,0.0,0.0,0.0,0.0,0.0,0.0,1,333.264605,132.85094,114.071298,122.43353,0.0,0.0,0.0,73.086445,0.0,0.0,412.741347,151.708234,0.807442,0.321875,0.276375,0.296635,0.0,0.0,0.0,0.177076,0.0,0.0,1.0,0.367562,0.0,0.0,0.0,0.0,0.0,0.0,17,31.0,9.0,6.0,3.0,7.062744,720.710678,217.923713,176.141413,55.276586,3.30717,1.0,0.808271,0.253651,0.782514,170.528411
avenue_training_06_clip_000093,avenue,training,06,93,1480,1511,32,0,0,0.0,13868.07466,5455.814128,4008.347942,504.176687,4576.729648,0,0.0,-6.995855,206.171301,121.401171,58.545664,67.869841,4.763642,38.959647,0.267717,0.204724,0.0,0.0,0.0,0.0,0.0,0.0,0.031496,0.023622,0.03937,0.433071,113.004145,32.552451,25.054674,2.964641,29.573897,0,0.0,1327.886008,626.257206,485.412196,58.962382,494.061045,1.0,0,0.0,0.0,0.0,0.0,0.0,0.0,0.0,0.0,1,214.226136,227.545357,0.0,0.0,0.0,0.0,0.0,0.0,86.051983,67.362817,135.519646,283.917284,0.754537,0.801449,0.0,0.0,0.0,0.0,0.0,0.0,0.303088,0.237262,0.477321,1.0,0.0,0.0,0.0,0.0,0.0,0.0,13,30.0,9.769231,7.0,3.0,7.244667,440.699467,206.171301,171.51236,46.375301,2.13754,1.0,0.831893,0.224936,0.634654,130.847448
avenue_training_07_clip_000000,avenue,training,07,0,1,32,32,0,0,0.0,26454.725297,9452.280222,8938.128985,0.0,6181.410208,0,0.0,-6.985432,295.575494,170.604534,75.401111,73.553556,22.619865,34.756766,0.347222,0.180556,0.0,0.027778,0.027778,0.0,0.0,0.020833,0.020833,0.055556,0.069444,0.25,135.602549,53.922504,44.641579,11.488363,38.271025,0,0.0,1362.729338,738.895846,663.279664,51.53882,399.64821,1.0,0,0.0,0.0,0.0,0.0,0.0,0.0,0.0,0.0,1,278.803032,301.267327,0.0,37.298053,342.80469,0.0,0.0,222.559108,352.200135,292.94099,387.27123,299.393567,0.719917,0.777923,0.0,0.09631,0.88518,0.0,0.0,0.574685,0.90944,0.756423,1.0,0.773085,0.0,0.0,0.0,0.0,0.0,0.0,18,31.0,8.0,4.5,3.0,7.149204,522.144237,295.575494,297.138115,37.298053,1.766534,1.0,1.005286,0.126188,0.424921,125.596268
avenue_training_07_clip_000001,avenue,training,07,1,17,48,32,0,0,0.0,12337.188006,5048.708259,5090.886296,178.840808,3561.38404,0,0.0,-20.114396,216.687283,161.565051,77.934949,76.924398,10.491477,35.975085,0.42953,0.026846,0.0,0.0,0.0,0.0,0.0,0.026846,0.0,0.067114,0.120805,0.328859,105.670279,28.393586,21.201768,1.325056,26.984985,0,0.0,1228.121024,532.249048,468.54162,53.033009,367.308948,1.0,0,0.0,0.0,0.0,0.0,0.0,0.0,0.0,0.0,1,163.944671,72.392315,0.0,0.0,0.0,0.0,0.0,187.034367,0.0,244.183986,239.3272,268.1198,0.611461,0.27,0.0,0.0,0.0,0.0,0.0,0.697578,0.0,0.910727,0.892613,1.0,0.0,0.0,0.0,0.0,0.0,0.0,17,31.0,8.764706,5.0,3.0,8.192747,630.682077,216.687283,183.948422,46.28074,2.910563,1.0,0.848912,0.213583,0.630401,136.599826
avenue_training_07_clip_000002,avenue,training,07,2,33,64,32,0,0,0.0,28447.866599,7558.280395,5149.82575,575.64378,7549.664335,0,0.0,7.610523,278.744299,94.170545,65.710481,73.081812,22.5,22.224931,0.259434,0.15566,0.033019,0.0,0.018868,0.0,0.0,0.0,0.018868,0.0,0.117925,0.396226,130.826594,43.898048,28.205568,8.365149,33.581502,0,0.0,1363.417123,708.38741,737.923607,75.0,451.242909,1.0,0,0.0,0.0,0.0,0.0,0.0,0.0,0.0,0.0,1,211.490699,380.337236,598.444816,0.0,130.354426,0.0,0.0,0.0,43.392557,0.0,229.319115,246.54896,0.353401,0.635543,1.0,0.0,0.217822,0.0,0.0,0.0,0.072509,0.0,0.383192,0.411983,0.0,0.0,0.0,0.0,0.0,0.0,19,31.0,11.157895,6.0,3.0,9.40472,1117.10235,278.744299,211.051313,43.392557,4.007624,1.0,0.75715,0.155672,0.893255,248.989613
avenue_training_07_clip_000003,avenue,training,07,3,49,80,32,0,0,0.0,25048.754716,9690.923317,9950.356678,37.354707,6838.517981,0,0.0,8.042227,309.004456,124.777831,76.82998,78.147995,0.379437,28.558919,0.369295,0.024896,0.037344,0.012448,0.0,0.0,0.0,0.012448,0.0,0.012448,0.0,0.53112,131.542576,35.64598,26.18435,1.83631,33.468734,0,0.0,1344.549181,814.878697,869.806013,53.033009,341.940724,0.998246,0,0.0,0.0,0.0,0.0,0.0,0.0,0.0,0.0,1,242.922126,677.518233,328.553341,52.285914,0.0,0.0,0.0,546.044485,0.0,317.682588,0.0,247.565961,0.358547,1.0,0.484937,0.077173,0.0,0.0,0.0,0.805948,0.0,0.468892,0.0,0.365401,0.033333,0.001754,0.0,0.0,0.001754,0.007443,19,31.0,12.684211,7.0,3.0,10.706873,712.558492,309.004456,285.798965,52.285914,2.305981,1.0,0.924902,0.169208,0.543924,168.075065
avenue_training_07_clip_000004,avenue,training,07,4,65,96,32,0,0,0.0,19876.416385,7758.528588,7364.954734,343.443598,5085.706818,0,0.0,5.156301,262.198406,115.553721,71.846607,75.642677,11.309932,28.814871,0.026178,0.26178,0.015707,0.0,0.0,0.0,0.0,0.0,0.0,0.0,0.078534,0.617801,77.038205,29.272737,25.389875,3.472164,20.92131,0,0.0,1353.698637,766.064852,686.476511,63.737744,344.039812,1.0,0,0.0,0.0,0.0,0.0,0.0,0.0,0.0,0.0,1,418.673916,332.513708,485.028328,0.0,0.0,0.0,0.0,0.0,0.0,0.0,248.83053,171.651136,0.863195,0.685555,1.0,0.0,0.0,0.0,0.0,0.0,0.0,0.0,0.513023,0.353899,0.0,0.0,0.0,0.0,0.0,0.0,15,31.0,12.733333,9.0,3.0,10.233713,485.028328,262.198406,208.977032,56.868872,1.849852,1.0,0.797019,0.216893,0.4857,127.349893
avenue_training_07_clip_000005,avenue,training,07,5,81,112,32,0,0,0.0,26701.561303,5686.188682,5150.195121,650.598323,5741.170203,0,0.0,-6.097088,242.353953,123.013271,73.233135,77.757683,10.197952,33.144342,0.128049,0.170732,0.0,0.0,0.0,0.0,0.0,0.0,0.0,0.042683,0.042683,0.615854,64.995965,27.990544,25.070211,0.229918,20.927908,0,0.0,1139.215739,610.589896,740.084259,79.056942,376.468578,1.0,0,0.0,0.0,0.0,0.0,0.0,0.0,0.0,0.0,1,135.00632,273.836574,0.0,0.0,0.0,0.0,0.0,0.0,0.0,419.706978,121.572374,274.039634,0.321668,0.652447,0.0,0.0,0.0,0.0,0.0,0.0,0.0,1.0,0.28966,0.652931,0.0,0.0,0.0,0.0,0.0,0.0,18,31.0,9.111111,6.0,3.0,8.130115,579.100617,242.353953,225.810155,66.044975,2.389483,1.0,0.931737,0.272515,0.595999,144.442614
avenue_training_07_clip_000006,avenue,training,07,6,97,128,32,0,0,0.0,22996.909924,6693.433747,6058.83395,294.849633,5818.401797,0,0.0,-20.927533,223.769117,149.374971,70.760269,66.993895,20.300647,34.464622,0.248227,0.070922,0.0,0.0,0.0,0.0,0.0,0.021277,0.0,0.028369,0.319149,0.312057,125.671762,35.081637,22.009759,4.19062,31.864088,0,0.0,1275.551351,619.735952,673.145601,51.53882,376.651278,1.0,0,0.0,0.0,0.0,0.0,0.0,0.0,0.0,0.0,1,388.543983,173.932462,0.0,0.0,0.0,0.0,0.0,51.33495,0.0,38.996557,228.76911,211.90798,1.0,0.447652,0.0,0.0,0.0,0.0,0.0,0.132121,0.0,0.100366,0.588786,0.54539,0.0,0.0,0.0,0.0,0.0,0.0,13,29.0,10.846154,7.0,3.0,8.309829,577.862963,223.769117,198.784183,38.996557,2.582407,1.0,0.888345,0.174271,0.641523,143.553089
avenue_training_07_clip_000007,avenue,training,07,7,113,144,32,0,0,0.0,9510.456229,4771.918739,4445.947872,2255.208881,2267.332864,0,0.0,27.349974,209.236257,104.416707,76.064022,78.183715,31.813444,21.777992,0.28125,0.21875,0.052083,0.03125,0.0,0.0,0.0,0.0,0.0,0.0,0.0,0.416667,83.674183,36.011269,35.088372,5.133151,23.411263,0,0.0,771.058526,488.621283,470.602647,263.687789,170.704033,1.0,0,0.0,0.0,0.0,0.0,0.0,0.0,0.0,0.0,1,181.586718,152.205821,193.825908,349.042448,0.0,0.0,0.0,0.0,0.0,0.0,0.0,215.00778,0.520243,0.436067,0.555308,1.0,0.0,0.0,0.0,0.0,0.0,0.0,0.0,0.615993,0.0,0.0,0.0,0.0,0.0,0.0,8,28.0,12.0,6.5,3.0,9.721111,349.042448,209.236257,193.792558,110.652432,1.668174,1.0,0.926191,0.52884,0.357156,74.729976
avenue_training_07_clip_000008,avenue,training,07,8,129,160,32,0,0,0.0,9606.543411,4641.767338,4942.619641,194.720508,2976.18797,0,0.0,-18.636109,178.789709,162.07967,71.827129,68.469021,14.036243,38.103912,0.181818,0.030303,0.0,0.0,0.0,0.0,0.0,0.0,0.050505,0.070707,0.111111,0.555556,84.874495,33.045028,25.668627,1.213712,24.096189,0,0.0,1226.019984,468.451152,497.974545,51.53882,309.502503,0.988889,0,0.0,0.0,0.0,0.0,0.0,0.0,0.0,0.0,1,101.58679,320.826245,0.0,0.0,0.0,0.0,0.0,0.0,146.000988,179.354496,198.599701,212.785098,0.316641,1.0,0.0,0.0,0.0,0.0,0.0,0.0,0.455078,0.559039,0.619026,0.663241,0.111111,0.011111,0.0,0.0,0.011111,0.033333,10,30.0,9.9,8.5,3.0,7.542546,320.826245,178.789709,174.554328,46.346273,1.794433,1.0,0.976311,0.259222,0.451125,80.656494
avenue_training_07_clip_000009,avenue,training,07,9,145,176,32,0,0,0.0,16291.647592,7705.184074,6584.284787,3005.247865,4148.790305,0,0.0,-12.998202,297.051598,83.755995,71.641296,73.084833,57.352813,9.643376,0.594937,0.0,0.0,0.0,0.0,0.0,0.0,0.0,0.0,0.0,0.265823,0.139241,43.377817,23.10024,20.980915,4.221606,13.125192,0,0.0,1342.22297,893.122555,903.630087,450.19286,299.420613,1.0,0,0.0,0.0,0.0,0.0,0.0,0.0,0.0,0.0,1,295.079892,0.0,0.0,0.0,0.0,0.0,0.0,0.0,0.0,0.0,335.045391,226.979129,0.880716,0.0,0.0,0.0,0.0,0.0,0.0,0.0,0.0,0.0,1.0,0.677458,0.0,0.0,0.0,0.0,0.0,0.0,6,28.0,13.166667,11.0,5.0,7.151146,535.860727,297.051598,265.039022,134.230056,1.803931,1.0,0.892232,0.451875,0.42109,125.085668
avenue_training_07_clip_000010,avenue,training,07,10,161,192,32,0,0,0.0,14201.217443,7684.701799,7776.748497,984.092759,4676.915441,0,0.0,0.820986,244.399125,94.763642,81.81155,82.694164,67.09423,11.83036,0.081081,0.351351,0.0,0.0,0.0,0.0,0.0,0.0,0.0,0.0,0.108108,0.459459,56.875797,28.990001,28.990001,1.104206,20.718513,0,0.0,1364.276365,725.007538,734.219614,67.31456,461.018327,1.0,0,0.0,0.0,0.0,0.0,0.0,0.0,0.0,0.0,1,47.632705,333.42437,0.0,0.0,0.0,0.0,0.0,0.0,0.0,0.0,289.349566,307.189858,0.142859,1.0,0.0,0.0,0.0,0.0,0.0,0.0,0.0,0.0,0.867812,0.921318,0.0,0.0,0.0,0.0,0.0,0.0,4,17.0,9.25,8.5,3.0,5.931905,333.42437,244.399125,298.269712,47.632705,1.364262,1.0,1.22042,0.194897,0.469231,114.679702
avenue_training_07_clip_000011,avenue,training,07,11,177,208,32,0,0,0.0,12440.839131,5997.653597,4723.390234,561.700612,4340.63861,0,0.0,17.701747,207.052225,170.677242,80.27396,76.936038,28.764404,44.553628,0.188406,0.043478,0.115942,0.0,0.0,0.0,0.0,0.0,0.0,0.0,0.0,0.652174,58.67275,27.510158,31.306771,2.38002,19.187433,0,0.0,1137.5,597.511408,540.579839,72.886899,407.021804,1.0,0,0.0,0.0,0.0,0.0,0.0,0.0,0.0,0.0,1,169.068019,113.455915,243.890318,0.0,0.0,0.0,0.0,0.0,0.0,0.0,0.0,251.676472,0.671767,0.450801,0.969063,0.0,0.0,0.0,0.0,0.0,0.0,0.0,0.0,1.0,0.0,0.0,0.0,0.0,0.0,0.0,9,21.0,7.666667,4.0,3.0,5.811865,373.971015,207.052225,197.081363,56.050769,1.806168,1.0,0.951844,0.270708,0.539763,111.759181
avenue_training_07_clip_000012,avenue,training,07,12,193,224,32,0,0,0.0,11270.639964,4047.716986,2192.838878,1510.043966,3514.229019,0,0.0,-21.510164,182.13372,120.499833,66.362111,53.269318,36.94455,28.645086,0.245902,0.131148,0.0,0.0,0.0,0.0,0.0,0.0,0.04918,0.0,0.114754,0.459016,85.043493,39.712309,30.66418,6.590445,28.305931,0,0.0,1208.627838,534.150591,338.959929,123.110723,427.719699,1.0,0,0.0,0.0,0.0,0.0,0.0,0.0,0.0,0.0,1,101.786361,232.677998,0.0,0.0,0.0,0.0,0.0,0.0,234.357883,0.0,85.545383,219.217348,0.43432,0.992832,0.0,0.0,0.0,0.0,0.0,0.0,1.0,0.0,0.36502,0.935396,0.0,0.0,0.0,0.0,0.0,0.0,6,25.0,10.166667,7.5,3.0,7.754927,358.957824,182.13372,167.23218,79.476872,1.970848,1.0,0.918184,0.436365,0.562036,102.36559
avenue_training_07_clip_000013,avenue,training,07,13,209,240,32,0,0,0.0,25218.639604,7713.120822,5827.887733,99.730972,6999.765293,0,0.0,12.520136,249.18671,84.898013,63.973207,64.224567,38.855017,12.939879,0.069767,0.267442,0.0,0.0,0.0,0.0,0.0,0.0,0.0,0.0,0.05814,0.604651,52.911399,31.707622,29.415515,0.274095,14.521751,0,0.0,1268.98089,696.672726,649.020918,55.901699,445.058199,0.988889,0,0.0,0.0,0.0,0.0,0.0,0.0,0.0,0.0,1,616.968388,176.757345,0.0,0.0,0.0,0.0,0.0,0.0,0.0,0.0,52.233677,278.908914,1.0,0.286493,0.0,0.0,0.0,0.0,0.0,0.0,0.0,0.0,0.084662,0.452064,0.111111,0.011111,0.0,0.0,0.011111,0.033333,10,22.0,8.6,6.5,3.0,5.517246,616.968388,249.18671,244.18311,52.233677,2.475928,1.0,0.97992,0.209617,0.607855,151.469351
avenue_training_07_clip_000014,avenue,training,07,14,225,256,32,0,0,0.0,12279.736644,3788.203835,1805.753944,409.06153,3727.951799,0,0.0,19.419075,222.142607,125.08028,61.856623,54.900535,18.977044,28.573199,0.4,0.094118,0.047059,0.105882,0.0,0.0,0.0,0.0,0.0,0.0,0.082353,0.270588,72.61796,34.893248,28.864464,3.056952,23.536703,0,0.0,1374.829535,518.934686,436.705628,115.244306,412.673928,1.0,0,0.0,0.0,0.0,0.0,0.0,0.0,0.0,0.0,1,131.374144,97.301162,135.482944,474.91505,0.0,0.0,0.0,0.0,0.0,0.0,357.309646,182.842584,0.276627,0.204881,0.285278,1.0,0.0,0.0,0.0,0.0,0.0,0.0,0.752365,0.385001,0.0,0.0,0.0,0.0,0.0,0.0,9,23.0,9.444444,6.0,3.0,7.212814,618.316974,222.142607,135.482944,57.510959,2.783424,1.0,0.609892,0.258892,0.817128,181.518927
avenue_training_07_clip_000015,avenue,training,07,15,241,272,32,0,0,0.0,8829.969238,3951.616686,4400.956326,386.221186,2680.124692,0,0.0,-7.345707,191.609794,111.191121,62.59202,68.629378,4.950272,31.063572,0.251799,0.043165,0.0,0.0,0.0,0.0,0.0,0.0,0.0,0.035971,0.028777,0.640288,62.186819,19.267587,8.815662,1.690741,21.249194,0,0.0,1251.561525,560.10752,549.147066,87.5,416.381936,1.0,0,0.0,0.0,0.0,0.0,0.0,0.0,0.0,0.0,1,189.418197,93.379024,0.0,0.0,0.0,0.0,0.0,0.0,0.0,79.54393,353.653195,199.442369,0.535604,0.264041,0.0,0.0,0.0,0.0,0.0,0.0,0.0,0.224921,1.0,0.563949,0.0,0.0,0.0,0.0,0.0,0.0,13,31.0,10.692308,6.0,3.0,8.221778,366.339023,191.609794,177.977452,64.134827,1.911901,1.0,0.928854,0.334716,0.534075,102.334104
avenue_training_07_clip_000016,avenue,training,07,16,257,288,32,0,0,0.0,13226.565027,6369.16863,5553.181577,1111.942523,3789.745576,0,0.0,3.553345,260.975368,170.443513,70.214678,61.30337,25.132955,38.480828,0.389831,0.0,0.144068,0.033898,0.0,0.0,0.025424,0.0,0.0,0.042373,0.0,0.364407,169.554771,40.956034,13.370527,2.953791,47.412913,0,0.0,1345.188184,740.50129,846.500148,167.705098,392.927323,1.0,0,0.0,0.0,0.0,0.0,0.0,0.0,0.0,0.0,1,206.186084,0.0,281.840489,480.272456,0.0,0.0,139.014481,0.0,0.0,439.218575,0.0,246.520956,0.429311,0.0,0.586835,1.0,0.0,0.0,0.289449,0.0,0.0,0.91452,0.0,0.513294,0.0,0.0,0.0,0.0,0.0,0.0,13,22.0,9.076923,7.0,3.0,5.608531,480.272456,260.975368,278.79859,94.422577,1.840298,1.0,1.068295,0.361806,0.433811,113.213961
avenue_training_07_clip_000017,avenue,training,07,17,273,304,32,0,0,0.0,9310.924188,3240.487026,2515.42575,459.132373,2890.531879,0,0.0,29.149812,164.104806,69.669133,50.84386,58.895872,0.0,19.813273,0.134615,0.057692,0.0,0.0,0.057692,0.028846,0.0,0.0,0.0,0.0,0.0,0.721154,132.415239,44.23686,40.228916,0.941232,40.937045,0,0.0,1051.189802,487.009899,229.809704,62.5,392.519245,0.99697,0,0.0,0.0,0.0,0.0,0.0,0.0,0.0,0.0,1,154.765006,253.790621,0.0,0.0,92.406715,43.75,0.0,0.0,0.0,0.0,0.0,190.182102,0.609814,1.0,0.0,0.0,0.364106,0.172386,0.0,0.0,0.0,0.0,0.0,0.749366,0.033333,0.00303,0.0,0.0,0.00303,0.009583,11,31.0,9.454545,6.0,3.0,7.797012,323.346382,164.104806,120.381207,43.75,1.970365,1.0,0.733563,0.266598,0.547019,89.768463
avenue_training_07_clip_000018,avenue,training,07,18,289,320,32,0,0,0.0,15839.207577,4229.803673,3608.15998,543.032009,3965.113529,0,0.0,21.660985,191.925276,175.279863,75.818265,66.068351,7.125016,38.353092,0.282209,0.08589,0.0,0.02454,0.018405,0.0,0.0,0.0,0.0,0.0,0.0,0.588957,118.993981,30.802865,23.094999,0.249015,28.76446,0,0.0,1190.71932,467.129408,487.338656,100.778222,312.851091,1.0,0,0.0,0.0,0.0,0.0,0.0,0.0,0.0,0.0,1,160.997577,116.138659,0.0,371.77299,89.917582,0.0,0.0,0.0,0.0,0.0,0.0,224.83261,0.433053,0.312391,0.0,1.0,0.241862,0.0,0.0,0.0,0.0,0.0,0.0,0.604758,0.0,0.0,0.0,0.0,0.0,0.0,14,31.0,11.642857,11.0,3.0,8.465114,371.77299,191.925276,174.419932,81.639111,1.937072,1.0,0.908791,0.425369,0.476418,91.436533
avenue_training_07_clip_000019,avenue,training,07,19,305,336,32,0,0,0.0,22966.09075,6872.069178,5155.513741,714.652447,6218.529845,0,0.0,1.700378,265.93477,123.558956,74.80322,69.419825,23.794258,26.064856,0.536232,0.072464,0.036232,0.0,0.0,0.0,0.0,0.0,0.0,0.0,0.115942,0.23913,77.245828,26.438866,20.077849,0.617354,22.437778,0,0.0,1363.015957,687.434114,826.513763,103.077641,431.365466,1.0,0,0.0,0.0,0.0,0.0,0.0,0.0,0.0,0.0,1,252.569457,222.403903,234.74533,0.0,0.0,0.0,0.0,0.0,0.0,0.0,246.172497,318.744011,0.79239,0.697751,0.73647,0.0,0.0,0.0,0.0,0.0,0.0,0.0,0.77232,1.0,0.0,0.0,0.0,0.0,0.0,0.0,13,29.0,10.615385,6.0,3.0,8.129135,810.023975,265.93477,234.74533,68.289072,3.04595,1.0,0.882718,0.256789,0.685867,182.396003
avenue_training_07_clip_000020,avenue,training,07,20,321,352,32,0,0,0.0,18421.109673,7318.243767,5964.761089,407.532726,5394.942052,0,0.0,13.980739,291.283584,135.358343,75.507033,65.514738,27.349876,33.358252,0.725926,0.088889,0.051852,0.0,0.0,0.0,0.0,0.0,0.0,0.02963,0.0,0.103704,85.67968,25.200899,18.04579,3.506999,22.67864,0,0.0,1272.914962,733.658014,902.51385,55.901699,392.896964,0.992593,0,0.0,0.0,0.0,0.0,0.0,0.0,0.0,0.0,1,219.905258,486.255542,390.753104,0.0,0.0,0.0,0.0,0.0,0.0,265.866394,0.0,238.176942,0.452242,1.0,0.803596,0.0,0.0,0.0,0.0,0.0,0.0,0.546763,0.0,0.489818,0.111111,0.007407,0.0,0.0,0.007407,0.027716,15,25.0,9.0,5.0,3.0,7.676805,673.586084,291.283584,247.73122,47.715085,2.312475,1.0,0.850481,0.16381,0.609412,177.511636
avenue_training_07_clip_000021,avenue,training,07,21,337,368,32,0,0,0.0,18490.485502,7141.920643,6410.646919,447.336178,5467.043826,0,0.0,-6.936883,247.667195,97.570668,62.264538,70.678307,3.17983,27.694229,0.370861,0.0,0.0,0.0,0.0,0.0,0.0,0.0,0.0,0.0,0.092715,0.536424,35.687329,14.558444,9.117931,2.59396,11.782292,0,0.0,1356.984248,771.12721,839.67471,63.737744,444.206265,0.997222,0,0.0,0.0,0.0,0.0,0.0,0.0,0.0,0.0,1,208.964454,0.0,0.0,0.0,0.0,0.0,0.0,0.0,0.0,0.0,376.601022,230.49108,0.55487,0.0,0.0,0.0,0.0,0.0,0.0,0.0,0.0,0.0,1.0,0.61203,0.033333,0.002778,0.0,0.0,0.002778,0.009213,12,31.0,12.583333,11.5,3.0,8.321241,596.807585,247.667195,213.151419,49.196764,2.409716,1.0,0.860637,0.198641,0.591574,146.513505
avenue_training_07_clip_000022,avenue,training,07,22,353,384,32,0,0,0.0,10010.865639,4728.531862,4388.584338,38.470508,3876.459052,0,0.0,-17.306955,202.727334,78.031891,51.003625,62.508569,14.036243,27.28221,0.257732,0.0,0.0,0.0,0.0,0.0,0.0,0.0,0.0,0.030928,0.0,0.71134,53.146116,19.04915,11.372251,4.001334,17.262604,0,0.0,1274.754878,769.168209,955.485626,51.53882,505.459831,1.0,0,0.0,0.0,0.0,0.0,0.0,0.0,0.0,0.0,1,335.177747,0.0,0.0,0.0,0.0,0.0,0.0,0.0,0.0,99.548427,0.0,195.409457,1.0,0.0,0.0,0.0,0.0,0.0,0.0,0.0,0.0,0.297002,0.0,0.583002,0.0,0.0,0.0,0.0,0.0,0.0,6,30.0,16.166667,18.0,3.0,10.253726,335.177747,202.727334,217.637327,50.76941,1.653343,1.0,1.073547,0.250432,0.51147,103.688968
avenue_training_07_clip_000023,avenue,training,07,23,369,400,32,0,0,0.0,11410.820258,5539.529418,5463.383541,507.220508,3131.105194,0,0.0,-14.861025,241.453438,158.994314,70.070884,70.885346,15.0,33.656008,0.190184,0.055215,0.08589,0.0,0.0,0.0,0.0,0.0,0.030675,0.055215,0.092025,0.490798,86.388975,33.736437,26.454149,3.010882,25.145995,0,0.0,1358.307771,730.064448,760.418952,87.5,413.919838,0.997917,0,0.0,0.0,0.0,0.0,0.0,0.0,0.0,0.0,1,306.462699,185.52971,129.553841,0.0,0.0,0.0,0.0,0.0,51.294417,166.674879,240.509215,304.037211,1.0,0.605391,0.422739,0.0,0.0,0.0,0.0,0.0,0.167376,0.543867,0.784791,0.992086,0.033333,0.002083,0.0,0.0,0.002083,0.008069,16,31.0,10.1875,7.0,3.0,7.576433,412.913004,241.453438,252.08542,51.294417,1.710114,1.0,1.044034,0.21244,0.461441,111.416571
avenue_training_07_clip_000024,avenue,training,07,24,385,416,32,0,0,0.0,17539.351632,6666.387486,5906.423077,327.305794,5433.11044,0,0.0,13.534099,258.50622,105.57781,60.575964,63.366462,21.507283,21.355339,0.3,0.3,0.084211,0.0,0.0,0.0,0.0,0.0,0.0,0.0,0.026316,0.289474,58.926045,23.431861,19.604153,1.068846,14.19522,0,0.0,1365.306742,714.78872,773.082305,83.852549,439.665914,1.0,0,0.0,0.0,0.0,0.0,0.0,0.0,0.0,0.0,1,186.771887,243.64711,391.735511,0.0,0.0,0.0,0.0,0.0,0.0,0.0,464.773038,250.703748,0.401856,0.524228,0.842853,0.0,0.0,0.0,0.0,0.0,0.0,0.0,1.0,0.539411,0.0,0.0,0.0,0.0,0.0,0.0,19,25.0,10.0,8.0,3.0,5.848977,554.313793,258.50622,249.87448,62.260535,2.144296,1.0,0.966609,0.240847,0.577899,149.39054
avenue_training_07_clip_000025,avenue,training,07,25,401,432,32,0,0,0.0,13100.0731,5188.788574,5270.10599,312.5,3402.349306,0,0.0,15.631063,229.50373,165.963757,75.679075,74.690046,0.0,39.937701,0.48249,0.035019,0.07393,0.0,0.0,0.0,0.0,0.0,0.019455,0.0,0.120623,0.268482,108.941193,29.029857,22.649185,2.694532,26.200795,0,0.0,1324.351256,615.047538,541.554476,75.0,417.06485,1.0,0,0.0,0.0,0.0,0.0,0.0,0.0,0.0,0.0,1,224.38089,315.355327,252.307003,0.0,0.0,0.0,0.0,0.0,310.980394,0.0,158.357216,210.109351,0.711518,1.0,0.800072,0.0,0.0,0.0,0.0,0.0,0.986127,0.0,0.502155,0.666262,0.0,0.0,0.0,0.0,0.0,0.0,25,29.0,10.28,7.0,3.0,8.743089,568.117389,229.50373,233.259683,52.519526,2.475417,1.0,1.016366,0.22884,0.535711,122.947764
avenue_training_07_clip_000026,avenue,training,07,26,417,448,32,0,0,0.0,10151.293807,6406.460033,6528.21447,355.730026,2752.714787,0,0.0,11.874458,278.354281,167.014937,74.834571,73.436845,25.062008,31.919905,0.409091,0.038462,0.01049,0.0,0.013986,0.0,0.0,0.0,0.0,0.0,0.0,0.527972,127.80429,27.399927,18.638761,6.198033,27.270029,0,0.0,1310.116884,832.970644,908.534633,115.244306,342.118555,0.995833,0,0.0,0.0,0.0,0.0,0.0,0.0,0.0,0.0,1,266.694774,141.275402,252.890967,0.0,286.488518,0.0,0.0,0.0,0.0,0.0,0.0,305.874727,0.871909,0.461873,0.82678,0.0,0.93662,0.0,0.0,0.0,0.0,0.0,0.0,1.0,0.083333,0.004167,0.0,0.0,0.004167,0.018162,20,30.0,14.3,13.0,3.0,9.072486,505.01743,278.354281,265.720077,70.822434,1.814297,1.0,0.954611,0.254433,0.355766,99.028876
avenue_training_07_clip_000027,avenue,training,07,27,433,464,32,0,0,0.0,27830.609002,6571.761344,6135.757081,338.363291,5882.970964,0,0.0,17.340806,265.119754,160.814168,59.6968,56.059277,2.014599,42.253365,0.538462,0.269231,0.0,0.0,0.0,0.012821,0.0,0.012821,0.0,0.012821,0.0,0.153846,158.472064,36.063653,19.074977,0.45764,43.000637,0,0.0,1338.025598,697.85697,765.225026,76.034532,421.154184,1.0,0,0.0,0.0,0.0,0.0,0.0,0.0,0.0,0.0,1,292.194762,279.50001,0.0,0.0,0.0,204.718153,0.0,188.957135,0.0,69.267266,0.0,251.969544,1.0,0.956554,0.0,0.0,0.0,0.700622,0.0,0.646682,0.0,0.237059,0.0,0.862334,0.0,0.0,0.0,0.0,0.0,0.0,22,31.0,10.636364,7.0,3.0,9.650932,609.645189,265.119754,236.957268,55.815096,2.299509,1.0,0.893774,0.210528,0.500671,132.737832
avenue_training_07_clip_000028,avenue,training,07,28,449,480,32,0,0,0.0,19928.149912,6885.882535,5762.820217,129.324741,4934.015424,0,0.0,-14.136697,268.534277,159.650585,66.317577,67.508005,8.075896,35.099155,0.258865,0.191489,0.0,0.0,0.0,0.0,0.0,0.0,0.010638,0.053191,0.049645,0.43617,101.798299,26.903976,17.157313,0.15355,25.884044,0,0.0,1337.55841,738.152406,721.473776,90.138782,384.936713,1.0,0,0.0,0.0,0.0,0.0,0.0,0.0,0.0,0.0,1,286.178456,257.64362,0.0,0.0,0.0,0.0,0.0,0.0,271.844735,262.024535,310.051594,251.495093,0.923003,0.83097,0.0,0.0,0.0,0.0,0.0,0.0,0.876773,0.8451,1.0,0.811139,0.0,0.0,0.0,0.0,0.0,0.0,24,30.0,11.75,9.0,3.0,8.41254,460.594835,268.534277,275.329109,85.437365,1.715218,1.0,1.025303,0.318162,0.381159,102.35437
avenue_training_07_clip_000029,avenue,training,07,29,465,496,32,0,0,0.0,27684.043238,7792.948354,6437.969907,147.542486,6251.901722,0,0.0,7.428917,277.287576,152.744213,63.469374,54.300708,26.565051,31.744872,0.587629,0.010309,0.034364,0.013746,0.0,0.0,0.0,0.0,0.0,0.0,0.0,0.353952,87.198313,22.742569,20.041497,0.576257,21.427485,0,0.0,1334.166406,785.148235,944.208748,55.901699,399.207842,0.977273,0,0.0,0.0,0.0,0.0,0.0,0.0,0.0,0.0,1,258.25674,100.095691,256.285627,114.898095,0.0,0.0,0.0,0.0,0.0,0.0,0.0,330.670771,0.781009,0.302705,0.775048,0.34747,0.0,0.0,0.0,0.0,0.0,0.0,0.0,1.0,0.5,0.022727,0.0,0.0,0.022727,0.104149,22,29.0,13.227273,11.0,3.0,9.365953,553.680865,277.287576,261.086352,52.95085,1.996775,1.0,0.941572,0.19096,0.513715,142.446781
avenue_training_07_clip_000030,avenue,training,07,30,481,512,32,0,0,0.0,31626.187329,7358.710993,6615.665798,164.957514,6068.317844,0,0.0,2.250229,275.575327,124.782017,62.678265,63.502258,3.497159,25.849305,0.380282,0.119718,0.052817,0.0,0.0,0.0,0.0,0.0,0.0,0.038732,0.021127,0.387324,79.406076,25.059707,18.194529,2.903955,19.629416,0,0.0,1337.733624,770.580979,864.761528,62.5,395.667409,1.0,0,0.0,0.0,0.0,0.0,0.0,0.0,0.0,0.0,1,237.275517,240.096042,154.597056,0.0,0.0,0.0,0.0,0.0,0.0,414.802499,368.396994,312.233369,0.57202,0.57882,0.3727,0.0,0.0,0.0,0.0,0.0,0.0,1.0,0.888126,0.752728,0.0,0.0,0.0,0.0,0.0,0.0,25,31.0,11.36,11.0,3.0,8.044277,677.593138,275.575327,268.22072,59.20085,2.458831,1.0,0.973312,0.214826,0.508736,140.195099
avenue_training_07_clip_000031,avenue,training,07,31,497,528,32,0,0,0.0,22396.790731,6431.243522,4783.829675,861.855876,4987.978491,0,0.0,9.951756,267.328047,122.837881,66.985882,65.066574,18.434949,24.184763,0.428571,0.081633,0.081633,0.0,0.0,0.0,0.0,0.0,0.0,0.0,0.119048,0.289116,70.83077,30.26362,27.192815,0.794197,21.322328,0,0.0,1340.009328,737.561736,755.839546,115.244306,445.789963,1.0,0,0.0,0.0,0.0,0.0,0.0,0.0,0.0,0.0,1,214.354581,416.017256,161.375033,0.0,0.0,0.0,0.0,0.0,0.0,0.0,335.373045,264.910917,0.515254,1.0,0.387905,0.0,0.0,0.0,0.0,0.0,0.0,0.0,0.806152,0.636779,0.0,0.0,0.0,0.0,0.0,0.0,28,30.0,10.5,8.0,3.0,7.979885,685.435815,267.328047,244.908342,62.754849,2.564025,1.0,0.916134,0.234748,0.654365,174.930207
avenue_training_07_clip_000032,avenue,training,07,32,513,544,32,0,0,0.0,19904.598098,7090.38518,6886.033209,468.75,5517.389727,0,0.0,22.139716,274.408921,128.193704,74.262123,75.378438,0.0,33.638448,0.363636,0.047431,0.019763,0.0,0.051383,0.0,0.01581,0.0,0.011858,0.035573,0.0,0.454545,157.860284,50.839131,28.877475,0.659704,47.148019,0,0.0,1361.639637,719.232152,787.717177,51.53882,472.616038,1.0,0,0.0,0.0,0.0,0.0,0.0,0.0,0.0,0.0,1,252.868031,194.09455,490.132026,0.0,177.223443,0.0,87.5,0.0,341.689518,475.247597,0.0,289.43739,0.515918,0.396005,1.0,0.0,0.361583,0.0,0.178523,0.0,0.697138,0.969632,0.0,0.590529,0.0,0.0,0.0,0.0,0.0,0.0,24,31.0,10.541667,5.5,3.0,9.543668,532.27458,274.408921,299.180228,32.01941,1.939713,1.0,1.090272,0.116685,0.547264,150.174185
avenue_training_07_clip_000033,avenue,training,07,33,529,560,32,0,0,0.0,17470.034088,6997.431026,7507.37216,274.029492,4233.627756,0,0.0,8.361714,279.933211,168.743565,79.676418,78.552426,29.531738,30.937612,0.346278,0.05178,0.067961,0.019417,0.0,0.0,0.0,0.0,0.009709,0.0,0.042071,0.462783,104.138286,36.613041,26.074978,0.290694,30.03276,0,0.0,1369.420498,729.127983,701.003745,62.5,389.918514,1.0,0,0.0,0.0,0.0,0.0,0.0,0.0,0.0,0.0,1,196.968755,428.300961,271.611085,136.935443,0.0,0.0,0.0,0.0,584.493953,0.0,310.107903,323.465777,0.33699,0.732772,0.464694,0.23428,0.0,0.0,0.0,0.0,1.0,0.0,0.530558,0.553412,0.0,0.0,0.0,0.0,0.0,0.0,25,31.0,12.36,10.0,3.0,9.38032,584.493953,279.933211,238.532058,50.444174,2.087976,1.0,0.852103,0.180201,0.515429,144.285817
avenue_training_07_clip_000034,avenue,training,07,34,545,576,32,0,0,0.0,18037.229789,7679.996026,6999.594824,61.887196,4193.335655,0,0.0,-3.720446,320.708364,129.00619,73.334828,70.101755,10.154267,31.311665,0.398406,0.035857,0.023904,0.0,0.0,0.0,0.0,0.0,0.0,0.063745,0.051793,0.426295,79.33803,24.895481,14.778468,1.162117,24.063521,0,0.0,1358.537817,837.25462,856.980315,127.475488,332.769647,1.0,0,0.0,0.0,0.0,0.0,0.0,0.0,0.0,0.0,1,267.375859,460.788826,247.99752,0.0,0.0,0.0,0.0,0.0,0.0,372.487292,176.921117,355.633413,0.580257,1.0,0.538202,0.0,0.0,0.0,0.0,0.0,0.0,0.808369,0.383953,0.771793,0.0,0.0,0.0,0.0,0.0,0.0,26,31.0,9.653846,7.0,3.0,7.477877,639.822055,320.708364,331.400611,80.711074,1.995028,1.0,1.033339,0.251665,0.457751,146.804495
avenue_training_07_clip_000035,avenue,training,07,35,561,592,32,0,0,0.0,15076.616486,6285.078831,5454.021271,765.546084,4101.386595,0,0.0,-6.258261,230.039532,157.249024,77.790557,75.095246,8.463757,34.721592,0.35865,0.059072,0.050633,0.0,0.0,0.0,0.0,0.0,0.0,0.067511,0.046414,0.417722,83.121952,31.903311,21.963221,0.212234,23.036457,0,0.0,1347.509276,666.5312,575.0,123.743687,436.654709,1.0,0,0.0,0.0,0.0,0.0,0.0,0.0,0.0,0.0,1,256.300096,161.698255,266.054269,0.0,0.0,0.0,0.0,0.0,0.0,174.812492,402.066061,233.959639,0.637458,0.402168,0.661718,0.0,0.0,0.0,0.0,0.0,0.0,0.434785,1.0,0.581894,0.0,0.0,0.0,0.0,0.0,0.0,21,31.0,11.285714,10.0,3.0,7.709875,511.024723,230.039532,238.460107,74.66448,2.221465,1.0,1.036605,0.324572,0.474757,109.212899
avenue_training_07_clip_000036,avenue,training,07,36,577,608,32,0,0,0.0,20873.489039,6398.748219,4896.039274,0.0,5475.430644,0,0.0,21.731655,292.913714,169.378995,73.903503,64.355956,8.027238,37.58182,0.317726,0.217391,0.033445,0.040134,0.0,0.0,0.0,0.0,0.0,0.0301,0.0,0.361204,95.479758,32.924283,23.655901,0.078039,26.705787,0,0.0,1313.689937,695.490784,688.423467,62.5,454.298669,1.0,0,0.0,0.0,0.0,0.0,0.0,0.0,0.0,0.0,1,331.701788,314.343335,125.123231,499.675798,0.0,0.0,0.0,0.0,0.0,256.659403,0.0,175.042795,0.663834,0.629095,0.250409,1.0,0.0,0.0,0.0,0.0,0.0,0.513652,0.0,0.350313,0.0,0.0,0.0,0.0,0.0,0.0,28,31.0,10.678571,6.0,3.0,9.246828,977.700179,292.913714,245.823129,53.329197,3.337844,1.0,0.839234,0.182065,0.770657,225.736027
avenue_training_07_clip_000037,avenue,training,07,37,593,624,32,0,0,0.0,15566.35005,6885.355257,7113.161085,231.550744,3733.893803,0,0.0,-16.743146,295.787962,134.301409,65.879527,64.940102,15.528502,28.443072,0.296667,0.043333,0.0,0.0,0.0,0.0,0.0,0.0,0.01,0.05,0.063333,0.536667,83.145402,29.625269,24.084546,0.283707,23.227763,0,0.0,1329.12095,827.864835,890.279595,67.31456,380.332534,0.998264,0,0.0,0.0,0.0,0.0,0.0,0.0,0.0,0.0,1,303.603288,213.777173,0.0,0.0,0.0,0.0,0.0,0.0,648.143676,217.123039,376.36757,272.472481,0.46842,0.32983,0.0,0.0,0.0,0.0,0.0,0.0,1.0,0.334992,0.580685,0.420389,0.041667,0.001736,0.0,0.0,0.001736,0.008326,24,29.0,12.5,9.5,3.0,8.225975,648.143676,295.787962,266.066093,53.944435,2.191244,1.0,0.899517,0.182375,0.517011,152.925656
avenue_training_07_clip_000038,avenue,training,07,38,609,640,32,0,0,0.0,27211.897042,8073.71054,7248.918335,479.141492,5132.177234,0,0.0,-4.715548,294.804217,157.298206,84.538025,82.981878,20.467474,33.652447,0.486842,0.122807,0.017544,0.0,0.0,0.0,0.0,0.013158,0.0,0.017544,0.02193,0.320175,128.30564,28.824824,14.864527,0.091737,29.826704,0,0.0,1363.932733,784.488316,666.731768,76.034532,400.198516,1.0,0,0.0,0.0,0.0,0.0,0.0,0.0,0.0,0.0,1,256.106874,260.425231,63.257425,0.0,0.0,0.0,0.0,530.39783,0.0,505.456637,531.639726,283.730446,0.48173,0.489853,0.118986,0.0,0.0,0.0,0.0,0.997664,0.0,0.95075,1.0,0.533689,0.0,0.0,0.0,0.0,0.0,0.0,21,30.0,10.857143,5.0,3.0,9.593081,531.639726,294.804217,293.293142,63.257425,1.803365,1.0,0.994874,0.214574,0.454398,133.958544
avenue_training_07_clip_000039,avenue,training,07,39,625,656,32,0,0,0.0,23926.884523,6248.438782,5831.569921,319.427661,5225.43218,0,0.0,15.287372,257.205927,148.959005,74.158728,67.731852,3.769977,41.452889,0.50566,0.049057,0.015094,0.0,0.0,0.030189,0.0,0.0,0.015094,0.0,0.075472,0.309434,159.519564,37.176463,13.417957,0.843412,47.081861,0,0.0,1369.420498,729.67764,759.15417,63.737744,445.424687,1.0,0,0.0,0.0,0.0,0.0,0.0,0.0,0.0,0.0,1,263.880397,310.185341,275.680368,0.0,0.0,63.09347,0.0,0.0,91.560139,0.0,393.350765,237.509022,0.670853,0.788572,0.700851,0.0,0.0,0.1604,0.0,0.0,0.23277,0.0,1.0,0.60381,0.0,0.0,0.0,0.0,0.0,0.0,24,30.0,11.041667,7.0,3.0,8.791469,759.291892,257.205927,270.180097,56.868872,2.952078,1.0,1.050442,0.221102,0.57091,146.841446
avenue_training_07_clip_000040,avenue,training,07,40,641,672,32,0,0,0.0,24566.320995,8032.408686,5947.79845,147.542486,6249.22984,0,0.0,-3.545615,285.504657,126.986708,61.197798,55.602775,21.201393,26.615798,0.285714,0.22381,0.014286,0.0,0.0,0.0,0.0,0.042857,0.02381,0.0,0.038095,0.371429,120.665449,33.659152,22.724679,1.312902,33.779306,0,0.0,1333.815017,655.754746,595.063769,55.901699,413.844491,1.0,0,0.0,0.0,0.0,0.0,0.0,0.0,0.0,0.0,1,296.177567,333.928303,127.519526,0.0,0.0,0.0,0.0,187.842882,130.595537,0.0,297.322325,306.616986,0.88695,1.0,0.381877,0.0,0.0,0.0,0.0,0.562525,0.391089,0.0,0.890378,0.918212,0.0,0.0,0.0,0.0,0.0,0.0,26,30.0,8.076923,5.5,3.0,6.911101,778.953918,285.504657,230.233777,52.95085,2.72834,1.0,0.80641,0.185464,0.684698,195.484501
avenue_training_07_clip_000041,avenue,training,07,41,657,688,32,0,0,0.0,16300.377843,5372.69086,4705.208109,135.403856,4309.800197,0,0.0,7.587125,253.854028,163.730896,73.016904,73.349995,14.872441,35.316615,0.193833,0.118943,0.035242,0.0,0.035242,0.013216,0.0,0.0,0.022026,0.026432,0.066079,0.488987,151.328376,39.315324,20.535269,0.124203,43.403905,0,0.0,1347.683197,568.54738,442.429547,45.069391,386.22133,1.0,0,0.0,0.0,0.0,0.0,0.0,0.0,0.0,0.0,1,203.350208,309.78778,466.490977,0.0,116.97874,476.527489,0.0,0.0,332.464708,218.429792,217.795888,279.006521,0.426733,0.650094,0.978938,0.0,0.245482,1.0,0.0,0.0,0.697682,0.458378,0.457048,0.585499,0.0,0.0,0.0,0.0,0.0,0.0,28,28.0,8.107143,6.0,3.0,6.553839,621.009926,253.854028,224.193398,40.212365,2.446327,1.0,0.883158,0.158407,0.567452,144.049871
avenue_training_07_clip_000042,avenue,training,07,42,673,704,32,0,0,0.0,12548.92483,5022.381962,4938.517942,38.470508,3666.658242,0,0.0,-1.150923,263.658171,177.473883,75.381705,81.774273,14.036243,39.75121,0.471616,0.056769,0.0,0.0,0.0,0.0,0.0,0.0,0.0,0.0,0.117904,0.353712,55.052791,22.162231,18.182556,0.289085,17.375011,0,0.0,1350.520733,665.500474,667.78019,51.53882,428.078272,1.0,0,0.0,0.0,0.0,0.0,0.0,0.0,0.0,0.0,1,277.961586,319.132291,0.0,0.0,0.0,0.0,0.0,0.0,0.0,0.0,200.29594,276.223922,0.870992,1.0,0.0,0.0,0.0,0.0,0.0,0.0,0.0,0.0,0.627627,0.865547,0.0,0.0,0.0,0.0,0.0,0.0,22,31.0,10.409091,8.0,3.0,8.054694,605.82784,263.658171,291.901445,40.45085,2.297778,1.0,1.107121,0.153422,0.556279,146.667478
avenue_training_07_clip_000043,avenue,training,07,43,689,720,32,0,0,0.0,15505.147771,7183.470851,5910.563692,1214.538029,3926.956871,0,0.0,22.698545,289.429225,177.917435,82.163356,75.727022,25.198636,39.931837,0.413636,0.059091,0.118182,0.0,0.0,0.0,0.0,0.0,0.0,0.0,0.045455,0.363636,66.836388,33.235211,32.399922,3.563037,20.209087,0,0.0,1270.457595,772.025808,813.662715,170.018381,324.031044,1.0,0,0.0,0.0,0.0,0.0,0.0,0.0,0.0,0.0,1,286.137101,230.573638,291.946153,0.0,0.0,0.0,0.0,0.0,0.0,0.0,340.565378,309.601066,0.840183,0.677032,0.85724,0.0,0.0,0.0,0.0,0.0,0.0,0.0,1.0,0.90908,0.0,0.0,0.0,0.0,0.0,0.0,18,31.0,12.222222,5.5,3.0,10.211951,528.127665,289.429225,296.143826,94.916322,1.824721,1.0,1.0232,0.327943,0.378594,109.576044
avenue_training_07_clip_000044,avenue,training,07,44,705,736,32,0,0,0.0,29617.196954,8588.301818,5867.152899,424.844382,7764.91484,0,0.0,6.149339,334.938845,166.250951,82.089301,81.432633,10.427229,40.510418,0.291667,0.229167,0.015625,0.0,0.0,0.0,0.0,0.020833,0.0,0.0,0.020833,0.421875,137.078247,29.155709,25.643955,1.418178,28.255264,0,0.0,1304.319746,713.456204,822.059152,79.056942,445.901795,0.997101,0,0.0,0.0,0.0,0.0,0.0,0.0,0.0,0.0,1,326.45427,309.531051,648.245639,0.0,0.0,0.0,0.0,409.62242,0.0,0.0,58.042111,351.748612,0.503597,0.47749,1.0,0.0,0.0,0.0,0.0,0.631894,0.0,0.0,0.089537,0.542616,0.066667,0.002899,0.0,0.0,0.002899,0.013595,23,31.0,8.347826,4.0,3.0,7.533165,770.001748,334.938845,325.578586,58.042111,2.298932,1.0,0.972054,0.173292,0.656369,219.84354
avenue_training_07_clip_000045,avenue,training,07,45,721,752,32,0,0,0.0,14907.595977,7024.545739,6495.894101,1786.760723,3955.180023,0,0.0,-6.933416,363.765115,156.409647,77.108112,77.301828,5.092115,35.205951,0.473451,0.181416,0.0,0.0,0.0,0.0,0.0,0.0,0.0,0.044248,0.017699,0.283186,73.101378,27.89322,18.420063,2.155977,21.305817,0,0.0,1343.968006,844.746392,887.926873,174.104853,364.055416,1.0,0,0.0,0.0,0.0,0.0,0.0,0.0,0.0,0.0,1,390.613601,252.393213,0.0,0.0,0.0,0.0,0.0,0.0,0.0,408.062415,500.46536,377.784722,0.780501,0.504317,0.0,0.0,0.0,0.0,0.0,0.0,0.0,0.815366,1.0,0.754867,0.0,0.0,0.0,0.0,0.0,0.0,24,31.0,9.416667,6.5,3.0,7.999566,668.867357,363.765115,362.938403,132.553114,1.838734,1.0,0.997728,0.364392,0.421922,153.480454
avenue_training_07_clip_000046,avenue,training,07,46,737,768,32,0,0,0.0,16033.141225,7345.161592,7112.087844,625.0,3303.254714,0,0.0,3.55348,428.27867,163.107653,63.089364,61.958368,0.0,31.38244,0.516971,0.049608,0.018277,0.007833,0.0,0.0,0.0,0.0,0.0,0.007833,0.036554,0.362924,88.370944,21.103257,16.075439,0.232647,20.615163,0,0.0,1370.275976,911.578199,923.929019,62.5,308.481787,0.997222,0,0.0,0.0,0.0,0.0,0.0,0.0,0.0,0.0,1,431.974714,468.666734,375.315197,574.045459,0.0,0.0,0.0,0.0,0.0,423.613042,379.816293,417.516417,0.75251,0.816428,0.653807,1.0,0.0,0.0,0.0,0.0,0.0,0.737943,0.661648,0.727323,0.1,0.002778,0.0,0.0,0.002778,0.016434,36,31.0,10.638889,8.5,3.0,7.817902,723.838235,428.27867,441.518645,50.0,1.69011,1.0,1.030915,0.116746,0.354844,151.971971
avenue_training_07_clip_000047,avenue,training,07,47,753,784,32,0,0,0.0,31880.962872,8217.352828,7919.474804,714.776285,5921.228461,0,0.0,7.187123,436.594219,168.954051,76.623475,75.465433,11.21692,36.19133,0.440835,0.162413,0.025522,0.009281,0.0,0.0,0.0,0.0,0.0,0.009281,0.111369,0.241299,85.63756,26.498785,19.369409,0.122993,24.319684,0,0.0,1369.420498,888.06193,934.069391,137.5,358.827578,1.0,0,0.0,0.0,0.0,0.0,0.0,0.0,0.0,0.0,1,461.943859,447.6914,517.561975,590.577061,0.0,0.0,0.0,0.0,0.0,332.199609,407.358963,358.472499,0.782191,0.758058,0.876367,1.0,0.0,0.0,0.0,0.0,0.0,0.5625,0.689764,0.606987,0.0,0.0,0.0,0.0,0.0,0.0,44,31.0,9.795455,6.0,3.0,8.041312,1152.517488,436.594219,442.548701,104.432055,2.639791,1.0,1.013639,0.239197,0.40976,178.898948
avenue_training_07_clip_000048,avenue,training,07,48,769,800,32,0,0,0.0,32258.977342,8114.229493,6746.353196,420.334641,6570.307623,0,0.0,10.897671,336.512107,171.322988,75.613839,73.330969,4.594253,38.715705,0.490305,0.099723,0.041551,0.00831,0.01662,0.0,0.00831,0.0,0.0,0.01385,0.060942,0.260388,177.110049,40.897312,27.255829,0.042373,41.000171,0,0.0,1369.591636,810.641587,877.674484,50.0,405.281935,1.0,0,0.0,0.0,0.0,0.0,0.0,0.0,0.0,0.0,1,325.075149,344.337258,348.660142,364.588561,511.676434,0.0,195.50057,0.0,0.0,287.678716,313.46453,327.637561,0.635314,0.672959,0.681407,0.712537,1.0,0.0,0.382079,0.0,0.0,0.562228,0.612623,0.640322,0.0,0.0,0.0,0.0,0.0,0.0,33,28.0,10.939394,7.0,3.0,8.513588,695.179547,336.512107,329.348561,39.159773,2.065838,1.0,0.978712,0.11637,0.450693,151.663712
avenue_training_07_clip_000049,avenue,training,07,49,785,816,32,0,0,0.0,25618.110693,8595.46122,7455.660257,109.652925,6110.067425,0,0.0,14.370657,396.547549,160.559965,82.452828,81.404928,18.434949,31.064708,0.541033,0.158055,0.018237,0.030395,0.0,0.0,0.0,0.0,0.0,0.0,0.06079,0.191489,98.129343,32.930653,25.007172,4.187592,24.760556,0,0.0,1336.097395,845.80051,995.379953,107.529066,389.65712,1.0,0,0.0,0.0,0.0,0.0,0.0,0.0,0.0,0.0,1,418.856807,426.063853,202.941869,228.59165,0.0,0.0,0.0,0.0,0.0,0.0,504.291095,393.952783,0.830585,0.844877,0.40243,0.453293,0.0,0.0,0.0,0.0,0.0,0.0,1.0,0.781201,0.0,0.0,0.0,0.0,0.0,0.0,33,31.0,9.969697,6.0,3.0,8.299269,823.735182,396.547549,380.374878,91.781799,2.077267,1.0,0.959216,0.231452,0.475527,188.568986
avenue_training_07_clip_000050,avenue,training,07,50,801,832,32,0,0,0.0,17422.823121,5917.076409,4493.34168,424.775123,4164.481707,0,0.0,-6.556657,276.485688,151.600014,72.771022,74.812847,5.640549,31.95294,0.331325,0.123494,0.03012,0.012048,0.0,0.0,0.0,0.0,0.03012,0.057229,0.042169,0.373494,106.823036,41.364252,37.583949,0.990481,32.395822,0,0.0,1363.875453,609.126752,481.988982,88.388348,417.264139,0.997738,0,0.0,0.0,0.0,0.0,0.0,0.0,0.0,0.0,1,320.489819,188.066317,127.288748,77.061011,0.0,0.0,0.0,0.0,372.433659,370.239847,226.134034,301.054577,0.860529,0.504966,0.341776,0.206912,0.0,0.0,0.0,0.0,1.0,0.99411,0.607179,0.808344,0.076923,0.002262,0.0,0.0,0.002262,0.012997,34,31.0,9.764706,6.0,3.0,8.530426,1061.279697,276.485688,252.146108,77.061011,3.838462,1.0,0.911968,0.278716,0.684402,189.227444
avenue_training_07_clip_000051,avenue,training,07,51,817,848,32,0,0,0.0,17774.696891,8371.561063,8868.001571,371.919283,4425.057295,0,0.0,13.394581,356.030708,165.897365,82.018294,76.355567,11.309932,40.74236,0.457627,0.152542,0.033898,0.027119,0.0,0.0,0.0,0.0,0.0,0.010169,0.057627,0.261017,104.351158,31.140354,18.851631,0.563768,28.429797,0,0.0,1350.983438,789.011532,853.302408,79.056942,376.356388,1.0,0,0.0,0.0,0.0,0.0,0.0,0.0,0.0,0.0,1,406.562937,324.924324,406.767548,225.901834,0.0,0.0,0.0,0.0,0.0,571.568203,200.598543,343.064567,0.711311,0.568479,0.711669,0.395232,0.0,0.0,0.0,0.0,0.0,1.0,0.350962,0.600216,0.0,0.0,0.0,0.0,0.0,0.0,31,29.0,9.516129,5.0,3.0,8.182873,833.611603,356.030708,375.679939,65.819547,2.341404,1.0,1.05519,0.18487,0.494916,176.205143
avenue_training_07_clip_000052,avenue,training,07,52,833,864,32,0,0,0.0,13202.834809,6959.310382,7436.313135,613.470263,3616.8272,0,0.0,-1.317276,296.125198,138.975654,68.074309,67.107706,11.534621,29.471853,0.388206,0.120393,0.0,0.007371,0.0,0.0,0.0,0.0,0.0,0.034398,0.027027,0.422604,103.977119,28.149668,21.487724,0.448972,24.44601,0,0.0,1365.306742,774.695824,928.03556,79.056942,414.865112,1.0,0,0.0,0.0,0.0,0.0,0.0,0.0,0.0,0.0,1,287.869586,272.2598,0.0,128.65999,0.0,0.0,0.0,0.0,0.0,227.927247,505.009438,295.74214,0.570028,0.539118,0.0,0.254767,0.0,0.0,0.0,0.0,0.0,0.451333,1.0,0.585617,0.0,0.0,0.0,0.0,0.0,0.0,37,30.0,11.0,6.0,3.0,8.956351,676.51778,296.125198,295.344814,56.401558,2.284567,1.0,0.997365,0.190465,0.470077,139.201552
avenue_training_07_clip_000053,avenue,training,07,53,849,880,32,0,0,0.0,21465.111131,6775.187522,6183.55272,279.295209,4957.4127,0,0.0,4.069089,306.130493,155.592963,75.511651,79.451576,4.398705,31.878082,0.400651,0.026059,0.009772,0.009772,0.016287,0.0,0.0,0.0,0.0,0.009772,0.19544,0.332248,129.676315,35.661797,29.279388,0.672899,32.551326,0,0.0,1370.275976,744.297048,757.658289,62.5,427.400163,1.0,0,0.0,0.0,0.0,0.0,0.0,0.0,0.0,0.0,1,321.740256,309.014245,145.069391,56.25,755.202921,0.0,0.0,0.0,0.0,275.48006,345.265742,234.850073,0.426032,0.40918,0.192093,0.074483,1.0,0.0,0.0,0.0,0.0,0.364776,0.457183,0.310976,0.0,0.0,0.0,0.0,0.0,0.0,28,30.0,10.964286,7.0,3.0,9.229155,756.752181,306.130493,283.952495,56.25,2.471992,1.0,0.927554,0.183745,0.567976,173.874866
avenue_training_07_clip_000054,avenue,training,07,54,865,896,32,0,0,0.0,16332.909619,6763.10322,5724.72704,649.989731,4419.623267,0,0.0,-6.807642,329.165288,126.916921,74.870491,76.56408,17.715793,28.167182,0.266094,0.094421,0.051502,0.0,0.0,0.0,0.0,0.012876,0.012876,0.012876,0.128755,0.420601,120.865168,39.873796,32.554923,0.109807,32.75732,0,0.0,1361.639637,732.520752,615.680518,106.066017,442.203326,1.0,0,0.0,0.0,0.0,0.0,0.0,0.0,0.0,0.0,1,481.443409,148.042068,228.273319,0.0,0.0,0.0,0.0,966.651718,208.892464,71.783009,351.222696,335.157531,0.498053,0.153149,0.236148,0.0,0.0,0.0,0.0,1.0,0.216099,0.074259,0.363339,0.34672,0.0,0.0,0.0,0.0,0.0,0.0,27,28.0,8.62963,6.0,3.0,6.74481,966.651718,329.165288,281.039127,71.783009,2.936676,1.0,0.853793,0.218076,0.677636,223.054124
avenue_training_07_clip_000055,avenue,training,07,55,881,912,32,0,0,0.0,16685.876203,6574.211309,5598.86279,334.863436,4803.117694,0,0.0,-9.687603,297.509248,108.008348,70.967068,72.206443,18.434949,24.362676,0.275109,0.078603,0.0,0.0,0.0,0.0,0.0,0.017467,0.0,0.026201,0.056769,0.545852,122.602363,28.400348,19.372239,2.588073,28.591175,0,0.0,1362.5,756.014354,938.2497,62.5,438.144887,1.0,0,0.0,0.0,0.0,0.0,0.0,0.0,0.0,0.0,1,324.04105,110.964334,0.0,0.0,0.0,0.0,0.0,48.784183,0.0,518.299967,138.16181,359.790163,0.6252,0.214093,0.0,0.0,0.0,0.0,0.0,0.094123,0.0,1.0,0.266567,0.694174,0.0,0.0,0.0,0.0,0.0,0.0,21,31.0,10.904762,8.0,4.0,7.197253,850.141537,297.509248,285.636069,48.784183,2.85753,1.0,0.960091,0.163975,0.667567,198.607337
avenue_training_07_clip_000056,avenue,training,07,56,897,928,32,0,0,0.0,29834.176619,8201.172969,4890.68504,902.745278,7804.082635,0,0.0,7.155715,285.780275,173.884496,79.321824,79.202158,15.223092,39.599856,0.669811,0.033019,0.033019,0.014151,0.0,0.0,0.0,0.0,0.023585,0.0,0.04717,0.179245,112.803821,33.0924,23.203346,0.560448,33.188591,0,0.0,1336.272801,739.10058,770.14609,100.0,369.751867,1.0,0,0.0,0.0,0.0,0.0,0.0,0.0,0.0,0.0,1,220.93791,285.143737,692.040561,237.008155,0.0,0.0,0.0,0.0,71.959483,0.0,176.975519,316.493146,0.319256,0.412033,1.0,0.342477,0.0,0.0,0.0,0.0,0.103982,0.0,0.25573,0.457333,0.0,0.0,0.0,0.0,0.0,0.0,19,30.0,11.157895,8.0,3.0,8.998615,723.659846,285.780275,238.862289,71.959483,2.532225,1.0,0.835825,0.2518,0.609492,174.180805
avenue_training_07_clip_000057,avenue,training,07,57,913,944,32,0,0,0.0,12644.196554,5495.362086,4878.078422,323.646515,3841.565308,0,0.0,-13.326364,261.165929,163.090728,75.248792,70.998285,20.384564,31.346034,0.502008,0.044177,0.0,0.0,0.0,0.0,0.0,0.0,0.024096,0.012048,0.11245,0.305221,87.574341,31.476679,22.113444,0.504223,25.535723,0,0.0,1281.600562,639.040408,638.964577,50.0,384.278968,1.0,0,0.0,0.0,0.0,0.0,0.0,0.0,0.0,0.0,1,325.971787,302.485731,0.0,0.0,0.0,0.0,0.0,0.0,186.84486,33.838835,236.477459,261.815602,1.0,0.927951,0.0,0.0,0.0,0.0,0.0,0.0,0.573193,0.103809,0.725454,0.803185,0.0,0.0,0.0,0.0,0.0,0.0,20,31.0,12.45,8.0,3.0,10.375331,575.275413,261.165929,242.062312,33.838835,2.20272,1.0,0.926853,0.129568,0.538299,140.585258
avenue_training_07_clip_000058,avenue,training,07,58,929,960,32,0,0,0.0,26468.406904,8775.749656,6855.435306,1250.0,6413.395293,0,0.0,17.302266,326.849721,136.620875,70.189533,71.636915,0.0,35.104564,0.456311,0.048544,0.033981,0.029126,0.0,0.0,0.0,0.0,0.0,0.0,0.063107,0.368932,77.455023,24.78189,16.694177,1.055591,22.706884,0,0.0,1370.732012,835.518097,912.228642,100.0,400.030928,1.0,0,0.0,0.0,0.0,0.0,0.0,0.0,0.0,0.0,1,354.784223,131.223477,365.254983,480.942439,0.0,0.0,0.0,0.0,0.0,0.0,326.3877,264.017721,0.737685,0.272847,0.759457,1.0,0.0,0.0,0.0,0.0,0.0,0.0,0.678642,0.548959,0.0,0.0,0.0,0.0,0.0,0.0,20,31.0,10.3,8.5,3.0,8.044253,927.293275,326.849721,318.841577,66.666667,2.837063,1.0,0.975499,0.203967,0.550496,179.929475
avenue_training_07_clip_000059,avenue,training,07,59,945,976,32,0,0,0.0,27867.544435,8118.361076,6611.161835,109.071978,7431.817876,0,0.0,-4.540541,273.519887,146.689369,73.030754,67.091509,12.238081,36.310532,0.169643,0.0,0.044643,0.0,0.0,0.0,0.0,0.0,0.0,0.013393,0.0625,0.709821,88.165528,29.46547,16.294314,1.134595,28.790354,0,0.0,1360.606482,695.07506,719.562041,55.901699,383.466916,0.994704,0,0.0,0.0,0.0,0.0,0.0,0.0,0.0,0.0,1,290.336685,0.0,404.463905,0.0,0.0,0.0,0.0,0.0,0.0,69.910391,257.071974,254.486966,0.717831,0.0,1.0,0.0,0.0,0.0,0.0,0.0,0.0,0.172847,0.635587,0.629196,0.071429,0.005296,0.0,0.0,0.005296,0.016927,20,31.0,11.2,6.0,3.0,9.67781,613.252588,273.519887,266.619548,53.72026,2.242077,1.0,0.974772,0.196403,0.548243,149.95541
avenue_training_07_clip_000060,avenue,training,07,60,961,992,32,0,0,0.0,19503.103085,6575.125592,5709.086285,398.164511,4574.31034,0,0.0,1.408403,290.127313,149.901079,77.012418,76.643496,21.308215,31.986841,0.470383,0.027875,0.020906,0.0,0.0,0.0,0.0,0.0,0.0,0.0,0.02439,0.456446,58.611476,18.074152,12.958941,0.322907,14.070993,0,0.0,1304.91858,763.716804,756.759794,76.034532,382.971796,1.0,0,0.0,0.0,0.0,0.0,0.0,0.0,0.0,0.0,1,263.449781,556.767531,781.773396,0.0,0.0,0.0,0.0,0.0,0.0,0.0,429.519672,224.369226,0.33699,0.712185,1.0,0.0,0.0,0.0,0.0,0.0,0.0,0.0,0.549417,0.287,0.0,0.0,0.0,0.0,0.0,0.0,22,31.0,13.045455,9.5,3.0,9.324831,781.773396,290.127313,240.276831,64.811302,2.694587,1.0,0.828177,0.223389,0.602479,174.795496
avenue_training_07_clip_000061,avenue,training,07,61,977,1008,32,0,0,0.0,24443.475066,6543.057293,4859.051515,413.449727,5942.482381,0,0.0,-3.770341,244.754327,157.382046,77.826227,79.738377,31.019773,30.56174,0.396154,0.05,0.0,0.0,0.0,0.0,0.0,0.0,0.0,0.019231,0.111538,0.423077,79.410084,24.496213,15.780303,0.857503,21.614893,0,0.0,1263.056808,647.79553,609.943645,67.31456,389.126959,0.998551,0,0.0,0.0,0.0,0.0,0.0,0.0,0.0,0.0,1,199.675137,476.156595,0.0,0.0,0.0,0.0,0.0,0.0,0.0,370.658057,193.035324,206.714325,0.419348,1.0,0.0,0.0,0.0,0.0,0.0,0.0,0.0,0.778437,0.405403,0.434131,0.033333,0.001449,0.0,0.0,0.001449,0.006798,23,31.0,11.304348,6.0,3.0,8.951244,774.187307,244.754327,205.899463,43.947677,3.16312,1.0,0.84125,0.179558,0.646129,158.14275
avenue_training_07_clip_000062,avenue,training,07,62,993,1024,32,0,0,0.0,15667.324853,6489.571533,7534.253921,343.443598,4425.843486,0,0.0,0.511101,254.762259,105.289613,69.228872,69.630794,11.309932,26.597516,0.514523,0.0,0.0,0.0,0.0,0.0,0.0,0.0,0.0,0.0,0.0,0.485477,22.954601,8.406923,6.584596,0.199869,6.840415,0,0.0,1352.370604,763.575465,787.896725,63.737744,481.801293,0.990294,0,0.0,0.0,0.0,0.0,0.0,0.0,0.0,0.0,1,228.327159,0.0,0.0,0.0,0.0,0.0,0.0,0.0,0.0,0.0,0.0,294.41491,0.775529,0.0,0.0,0.0,0.0,0.0,0.0,0.0,0.0,0.0,0.0,1.0,0.111111,0.009706,0.0,0.0,0.009706,0.028427,15,31.0,16.066667,15.0,3.0,10.767028,660.543109,254.762259,209.704709,54.579248,2.592782,1.0,0.823139,0.214236,0.614209,156.477299
avenue_training_07_clip_000063,avenue,training,07,63,1009,1040,32,0,0,0.0,14828.665208,6182.831151,5227.556668,986.563832,3870.873554,0,0.0,-4.669822,248.501908,113.827013,58.269961,60.437008,4.963937,30.213865,0.264228,0.081301,0.012195,0.01626,0.0,0.0,0.0,0.0,0.036585,0.0,0.04878,0.54065,110.484914,35.305641,19.460829,0.512562,34.228169,0,0.0,1338.200751,640.217365,571.358198,91.001374,380.051987,0.998485,0,0.0,0.0,0.0,0.0,0.0,0.0,0.0,0.0,1,252.260383,359.293492,367.299326,237.590591,0.0,0.0,0.0,0.0,350.050218,0.0,104.857444,220.069661,0.686798,0.978204,1.0,0.646858,0.0,0.0,0.0,0.0,0.953038,0.0,0.285482,0.599156,0.033333,0.001515,0.0,0.0,0.001515,0.006943,22,31.0,11.181818,6.0,3.0,9.731095,518.725677,248.501908,214.129537,71.270097,2.087411,1.0,0.861681,0.286799,0.50028,124.320604
avenue_training_07_clip_000064,avenue,training,07,64,1025,1056,32,0,0,0.0,16049.951478,6513.838319,5606.350082,222.94975,4162.928309,0,0.0,-14.524411,232.000873,161.896237,82.428174,76.312549,6.098439,36.791526,0.313559,0.0,0.0,0.0,0.0,0.0,0.0,0.0,0.0,0.038136,0.139831,0.508475,65.844425,23.351466,18.772621,3.897466,18.419213,0,0.0,1336.50664,651.008554,658.671397,53.033009,335.022365,1.0,0,0.0,0.0,0.0,0.0,0.0,0.0,0.0,0.0,1,248.955771,0.0,0.0,0.0,0.0,0.0,0.0,0.0,0.0,234.664698,194.680321,221.257817,1.0,0.0,0.0,0.0,0.0,0.0,0.0,0.0,0.0,0.942596,0.781988,0.888743,0.0,0.0,0.0,0.0,0.0,0.0,22,31.0,10.727273,7.0,3.0,8.940113,556.11873,232.000873,190.062275,38.34358,2.397054,1.0,0.819231,0.165273,0.551459,127.939042
avenue_training_07_clip_000065,avenue,training,07,65,1041,1072,32,0,0,0.0,25659.858761,5924.604181,4659.144347,338.363291,5618.677638,0,0.0,-6.283243,207.713742,149.445338,78.100043,68.555365,30.013273,32.274821,0.362869,0.016878,0.0,0.0,0.0,0.0,0.0,0.0,0.0,0.0,0.164557,0.455696,61.43489,22.827908,21.184663,1.038977,16.713992,0,0.0,1343.328422,634.646227,588.674546,76.034532,428.824186,1.0,0,0.0,0.0,0.0,0.0,0.0,0.0,0.0,0.0,1,204.073255,299.056151,0.0,0.0,0.0,0.0,0.0,0.0,0.0,0.0,311.830576,147.422951,0.654436,0.959034,0.0,0.0,0.0,0.0,0.0,0.0,0.0,0.0,1.0,0.472766,0.0,0.0,0.0,0.0,0.0,0.0,20,31.0,11.85,10.5,3.0,9.183001,787.343578,207.713742,163.694507,66.044975,3.790522,1.0,0.788077,0.317962,0.767224,159.362908
avenue_training_07_clip_000066,avenue,training,07,66,1057,1088,32,0,0,0.0,16014.369977,6077.231788,4729.991144,164.957514,4504.592182,0,0.0,-8.988772,299.049748,160.016893,67.928038,64.670927,0.818455,38.239382,0.150943,0.041509,0.011321,0.0,0.0,0.0,0.0,0.0,0.041509,0.0,0.0,0.754717,110.970376,29.689979,13.30517,0.560823,34.518936,0,0.0,1276.959279,683.279975,636.154364,62.5,366.662282,1.0,0,0.0,0.0,0.0,0.0,0.0,0.0,0.0,0.0,1,431.970749,361.797379,317.617498,0.0,0.0,0.0,0.0,0.0,250.237251,0.0,0.0,232.78712,1.0,0.837551,0.735275,0.0,0.0,0.0,0.0,0.0,0.579292,0.0,0.0,0.538896,0.0,0.0,0.0,0.0,0.0,0.0,24,31.0,11.041667,7.0,3.0,9.993661,1272.169232,299.049748,292.8907,59.20085,4.254039,1.0,0.979405,0.197963,0.779153,233.005431
avenue_training_07_clip_000067,avenue,training,07,67,1068,1099,32,0,0,0.0,31576.150018,6799.374548,5503.449236,307.910798,7432.436613,0,0.0,-4.388837,291.359585,178.331663,73.580467,61.28107,18.434949,40.700628,0.393162,0.064103,0.0,0.0,0.0,0.0,0.0,0.0,0.0,0.017094,0.136752,0.388889,63.603361,25.815875,15.709703,0.057052,21.970015,0,0.0,1332.115329,723.887736,791.063367,83.852549,440.392667,1.0,0,0.0,0.0,0.0,0.0,0.0,0.0,0.0,0.0,1,288.580923,164.278521,0.0,0.0,0.0,0.0,0.0,0.0,0.0,81.363752,408.459864,319.26156,0.70651,0.40219,0.0,0.0,0.0,0.0,0.0,0.0,0.0,0.199196,1.0,0.781623,0.0,0.0,0.0,0.0,0.0,0.0,19,31.0,12.315789,7.0,3.0,9.765959,665.879433,291.359585,227.598276,75.670158,2.285421,1.0,0.781159,0.259714,0.647798,188.742246
avenue_training_08_clip_000000,avenue,training,08,0,1,32,32,0,0,0.0,26638.785432,7173.196555,5545.117375,73.771243,5814.52439,0,0.0,-0.296358,293.591203,144.295801,72.318007,72.577393,1.145763,29.813612,0.429553,0.142612,0.0189,0.005155,0.015464,0.0,0.0,0.0,0.008591,0.037801,0.049828,0.292096,139.500549,33.802526,21.126739,0.701544,31.883895,0,0.0,1370.275976,758.401265,760.13979,17.67767,404.380659,1.0,0,0.0,0.0,0.0,0.0,0.0,0.0,0.0,0.0,1,277.15271,259.069262,240.13385,393.812494,314.957133,0.0,0.0,0.0,85.24219,199.014512,292.00968,352.848357,0.703768,0.657849,0.609767,1.0,0.799764,0.0,0.0,0.0,0.216454,0.505353,0.741494,0.895981,0.0,0.0,0.0,0.0,0.0,0.0,53,31.0,10.981132,7.0,3.0,8.847749,701.880123,293.591203,313.972926,15.088835,2.390671,1.0,1.069422,0.051394,0.529518,155.461909
avenue_training_08_clip_000001,avenue,training,08,1,17,48,32,0,0,0.0,31639.773748,7692.292863,6504.23223,0.0,6436.383718,0,0.0,26.813718,264.702726,179.31794,76.618281,78.454561,0.0,40.039666,0.474061,0.162791,0.005367,0.0161,0.0161,0.010733,0.0,0.0,0.007156,0.0,0.017889,0.289803,139.150039,35.505107,22.476077,0.012085,35.018792,0,0.0,1351.445985,719.90768,776.709468,51.53882,399.194184,0.999282,0,0.0,0.0,0.0,0.0,0.0,0.0,0.0,0.0,1,296.254352,295.392612,268.768601,202.681461,106.830503,236.29764,0.0,0.0,130.475408,0.0,298.114432,233.041083,0.993761,0.99087,0.901562,0.679878,0.358354,0.792641,0.0,0.0,0.437669,0.0,1.0,0.781717,0.034483,0.000718,0.0,0.0,0.000718,0.004925,48,31.0,11.645833,6.5,3.0,9.845662,657.795475,264.702726,262.364644,43.75,2.485035,1.0,0.991167,0.16528,0.519618,137.544347
avenue_training_08_clip_000002,avenue,training,08,2,33,64,32,0,0,0.0,21512.469342,7956.190742,6330.540272,171.721799,4972.306445,0,0.0,0.529785,323.176695,120.136929,76.992982,83.504792,8.297145,27.787306,0.515654,0.046041,0.005525,0.007366,0.005525,0.007366,0.0,0.0,0.01105,0.027624,0.088398,0.285451,163.561445,37.147621,22.717907,0.053591,38.115942,0,0.0,1367.707937,846.280565,972.444291,67.185481,428.428957,0.999206,0,0.0,0.0,0.0,0.0,0.0,0.0,0.0,0.0,1,352.030517,473.438786,82.575958,67.079248,209.484788,58.208667,0.0,0.0,200.96022,201.888957,307.817716,376.549697,0.743561,1.0,0.174417,0.141685,0.442475,0.122949,0.0,0.0,0.424469,0.426431,0.650174,0.79535,0.033333,0.000794,0.0,0.0,0.000794,0.005082,42,31.0,12.928571,9.5,3.0,9.735533,876.145874,323.176695,258.51165,58.208667,2.711043,1.0,0.799908,0.180114,0.565334,182.702761
avenue_training_08_clip_000003,avenue,training,08,3,49,80,32,0,0,0.0,18115.376215,6307.049087,5902.046434,0.0,4492.379337,0,0.0,-6.521504,264.597234,180.0,75.01466,75.032246,0.0,36.119018,0.341509,0.135849,0.016981,0.024528,0.0,0.0,0.0,0.00566,0.039623,0.011321,0.160377,0.264151,124.915988,46.748525,40.857524,0.157196,32.733671,0,0.0,1350.0,652.276157,592.997079,25.0,387.289884,0.98931,0,0.0,0.0,0.0,0.0,0.0,0.0,0.0,0.0,1,292.852953,231.284892,128.931485,63.862428,0.0,0.0,0.0,50.485545,379.479139,241.705311,307.297803,271.475194,0.771723,0.60948,0.339759,0.16829,0.0,0.0,0.0,0.133039,1.0,0.63694,0.809788,0.715389,0.5,0.01069,0.0,0.0,0.01069,0.070068,50,31.0,10.6,7.0,3.0,8.993331,734.064333,264.597234,244.521011,12.5,2.774271,1.0,0.924125,0.047242,0.565852,149.722948
avenue_training_08_clip_000004,avenue,training,08,4,65,96,32,0,0,0.0,30999.970632,9146.29241,8485.249541,126.459548,5706.31839,0,0.0,2.306901,348.097298,178.902514,80.174497,80.813933,1.35586,37.657609,0.262681,0.17029,0.01087,0.012681,0.0,0.0,0.005435,0.005435,0.007246,0.0,0.036232,0.48913,160.653829,36.220379,28.06214,0.576629,36.139918,0,0.0,1375.0,900.680158,972.834133,76.034532,399.233685,0.99523,0,0.0,0.0,0.0,0.0,0.0,0.0,0.0,0.0,1,414.169411,374.468007,233.923177,211.744101,0.0,0.0,421.6925,58.980403,48.421699,0.0,329.623077,363.701727,0.98216,0.888012,0.554725,0.502129,0.0,0.0,1.0,0.139866,0.114827,0.0,0.781667,0.862481,0.166667,0.00477,0.0,0.0,0.00477,0.025645,43,31.0,12.837209,8.0,3.0,10.117749,700.038466,348.097298,353.102111,48.421699,2.011043,1.0,1.014378,0.139104,0.453576,157.888606
avenue_training_08_clip_000005,avenue,training,08,5,81,112,32,0,0,0.0,19155.212059,8921.526537,9279.727629,38.470508,4521.451902,0,0.0,-1.502206,398.678689,136.441923,82.643594,84.628857,14.036243,25.077532,0.251366,0.163934,0.038251,0.005464,0.0,0.0,0.0,0.010929,0.0,0.016393,0.116576,0.397086,146.159398,38.747704,31.690639,2.44066,33.160049,0,0.0,1368.621569,963.06125,1061.61728,51.53882,376.229785,1.0,0,0.0,0.0,0.0,0.0,0.0,0.0,0.0,0.0,1,386.811301,461.84013,466.67258,851.540568,0.0,0.0,0.0,143.230875,0.0,409.710281,395.014572,346.577981,0.454249,0.542358,0.548033,1.0,0.0,0.0,0.0,0.168202,0.0,0.48114,0.463882,0.407001,0.0,0.0,0.0,0.0,0.0,0.0,41,31.0,13.390244,9.0,3.0,9.832445,916.446164,398.678689,388.973639,50.76941,2.298709,1.0,0.975657,0.127344,0.496962,198.127987
avenue_training_08_clip_000006,avenue,training,08,6,97,128,32,0,0,0.0,13244.538475,6755.120982,6439.720147,350.263091,3660.04392,0,0.0,-7.19624,285.026176,128.931961,81.971379,81.427189,29.403363,22.235672,0.339286,0.152778,0.0,0.0,0.0,0.0,0.0,0.007937,0.02381,0.03373,0.077381,0.365079,115.408858,32.423414,24.687706,2.005461,27.891432,0,0.0,1302.521593,812.63661,910.013736,80.039053,396.494486,0.999145,0,0.0,0.0,0.0,0.0,0.0,0.0,0.0,0.0,1,310.669837,268.100069,0.0,0.0,0.0,0.0,0.0,52.826898,215.576066,417.451477,264.930509,292.528897,0.744206,0.64223,0.0,0.0,0.0,0.0,0.0,0.126546,0.51641,1.0,0.634638,0.700749,0.033333,0.000855,0.0,0.0,0.000855,0.005269,39,31.0,12.923077,8.0,3.0,9.71487,684.198851,285.026176,290.719077,49.610188,2.400477,1.0,1.019973,0.174055,0.451993,128.829726
avenue_training_08_clip_000007,avenue,training,08,7,113,144,32,0,0,0.0,20022.372917,7075.463508,6053.265843,335.798156,4616.544709,0,0.0,-10.233226,316.242154,132.478597,70.586761,73.968492,9.991553,30.07821,0.203285,0.086242,0.010267,0.026694,0.0,0.0,0.0,0.014374,0.01232,0.014374,0.10883,0.523614,135.368183,35.78983,18.765616,1.320815,36.801081,0,0.0,1369.534592,835.384722,893.677569,79.056942,399.334456,1.0,0,0.0,0.0,0.0,0.0,0.0,0.0,0.0,0.0,1,273.542346,399.05253,416.079449,184.099626,0.0,0.0,0.0,128.266603,170.024221,245.335065,374.997293,359.071822,0.657428,0.959078,1.0,0.442463,0.0,0.0,0.0,0.308274,0.408634,0.589635,0.901264,0.862989,0.0,0.0,0.0,0.0,0.0,0.0,38,31.0,12.815789,9.0,3.0,9.851143,878.310786,316.242154,296.782125,62.208777,2.777336,1.0,0.938465,0.196712,0.549902,173.90214
avenue_training_08_clip_000008,avenue,training,08,8,129,160,32,0,0,0.0,23887.824792,8780.012356,8936.938433,541.29936,4928.432107,0,0.0,5.137686,359.906554,145.75921,80.576781,73.192605,16.664145,29.177376,0.208247,0.070103,0.049485,0.006186,0.0,0.008247,0.0,0.0,0.0,0.020619,0.235052,0.402062,156.708207,36.313038,28.120897,0.359437,30.604321,0,0.0,1364.734406,917.574437,959.899083,67.31456,391.391569,0.997848,0,0.0,0.0,0.0,0.0,0.0,0.0,0.0,0.0,1,349.05367,307.365001,421.671474,366.951225,0.0,77.36685,0.0,0.0,0.0,444.265577,307.887168,404.762661,0.785687,0.69185,0.949143,0.825973,0.0,0.174145,0.0,0.0,0.0,1.0,0.693025,0.911083,0.045455,0.002152,0.0,0.0,0.002152,0.009289,39,31.0,12.435897,8.0,3.0,9.684232,723.360317,359.906554,366.002032,49.188326,2.009856,1.0,1.016936,0.13667,0.410673,147.804103
avenue_training_08_clip_000009,avenue,training,08,9,145,176,32,0,0,0.0,25152.594288,9100.534032,8383.090623,312.5,5779.958851,0,0.0,7.619002,369.900815,178.245763,75.72185,79.987241,0.0,30.624867,0.416867,0.233735,0.024096,0.009639,0.012048,0.0,0.0,0.009639,0.014458,0.024096,0.040964,0.214458,141.76209,42.728167,34.941361,1.155184,37.283565,0,0.0,1338.434253,895.674538,1069.789663,62.5,414.246461,1.0,0,0.0,0.0,0.0,0.0,0.0,0.0,0.0,0.0,1,343.089022,383.518305,674.056791,486.205155,460.914191,0.0,0.0,92.756157,65.824458,128.714521,235.074763,504.965694,0.508991,0.56897,1.0,0.721312,0.683791,0.0,0.0,0.137609,0.097654,0.190955,0.348746,0.749144,0.0,0.0,0.0,0.0,0.0,0.0,32,31.0,12.96875,8.0,3.0,10.107189,831.875547,369.900815,349.129855,43.75,2.248915,1.0,0.943847,0.118275,0.587464,217.303607
avenue_training_08_clip_000010,avenue,training,08,10,161,192,32,0,0,0.0,22142.02374,8309.451408,6952.407968,137.029008,5037.803925,0,0.0,6.504261,301.363582,167.619243,80.431656,80.75959,6.916837,33.584419,0.328467,0.111922,0.036496,0.036496,0.009732,0.0,0.0,0.007299,0.014599,0.043796,0.104623,0.306569,139.837187,42.883259,31.23689,0.313883,38.098328,0,0.0,1373.521933,843.731637,887.316297,91.001374,386.310122,0.994342,0,0.0,0.0,0.0,0.0,0.0,0.0,0.0,0.0,1,343.09715,323.258173,192.839221,290.055335,87.059736,0.0,0.0,124.238596,327.023422,197.127948,293.565509,352.062353,0.974535,0.918184,0.547742,0.823875,0.247285,0.0,0.0,0.352888,0.928879,0.559923,0.833845,1.0,0.166667,0.005658,0.0,0.0,0.005658,0.027887,36,31.0,11.416667,7.0,3.0,9.76779,762.438816,301.363582,286.298378,69.139111,2.529963,1.0,0.95001,0.229421,0.498849,150.334896
avenue_training_08_clip_000011,avenue,training,08,11,177,208,32,0,0,0.0,19339.570397,6799.801918,6154.243443,1287.472897,4075.758382,0,0.0,6.639975,275.399162,150.56151,71.43622,73.465149,0.753848,30.201943,0.425474,0.181572,0.03252,0.0,0.0,0.00813,0.0,0.0,0.0,0.03794,0.067751,0.246612,157.037705,30.759563,19.855016,1.279051,32.782119,0,0.0,1371.643631,738.627442,782.764778,132.582521,376.651606,0.998958,0,0.0,0.0,0.0,0.0,0.0,0.0,0.0,0.0,1,251.26724,346.752107,320.812039,0.0,0.0,156.253289,0.0,0.0,0.0,245.174296,178.247538,344.201283,0.724631,1.0,0.925191,0.0,0.0,0.45062,0.0,0.0,0.0,0.707059,0.514049,0.992644,0.033333,0.001042,0.0,0.0,0.001042,0.0058,32,31.0,11.53125,8.0,3.0,8.803353,490.527003,275.399162,265.215455,97.661638,1.781149,1.0,0.963022,0.354618,0.423488,116.628338
avenue_training_08_clip_000012,avenue,training,08,12,193,224,32,0,0,0.0,12606.291187,6046.843325,6157.900941,155.892039,3564.48221,0,0.0,-1.055939,270.210168,170.053012,78.309402,78.866017,7.125016,34.88432,0.041494,0.257261,0.016598,0.053942,0.0,0.0,0.0,0.012448,0.0,0.091286,0.087137,0.439834,138.675222,47.090332,40.06443,0.31884,32.8818,0,0.0,1341.93191,678.359258,676.849319,45.069391,387.681724,0.997778,0,0.0,0.0,0.0,0.0,0.0,0.0,0.0,0.0,1,251.405019,285.75495,246.946789,128.168334,0.0,0.0,0.0,97.958707,0.0,332.836521,251.0329,322.338521,0.755341,0.858544,0.741946,0.385079,0.0,0.0,0.0,0.294315,0.0,1.0,0.754223,0.968459,0.055556,0.002222,0.0,0.0,0.002222,0.010887,25,31.0,9.64,6.0,3.0,8.152938,510.069053,270.210168,260.935619,36.51012,1.887675,1.0,0.965677,0.135117,0.434011,117.274155
avenue_training_08_clip_000013,avenue,training,08,13,209,240,32,0,0,0.0,27104.38254,8400.399565,6536.82586,847.828703,7028.000095,0,0.0,4.072376,273.021059,138.213171,67.120514,62.833045,10.407711,33.823811,0.233161,0.310881,0.025907,0.0,0.036269,0.0,0.0,0.0,0.036269,0.0,0.082902,0.274611,142.83347,45.530922,34.274019,5.680103,38.647554,0,0.0,1357.502302,749.009085,687.613627,106.800047,416.8937,1.0,0,0.0,0.0,0.0,0.0,0.0,0.0,0.0,0.0,1,256.057453,343.133981,88.032218,0.0,246.852056,0.0,0.0,0.0,157.468286,0.0,344.163607,255.311547,0.743999,0.997008,0.255786,0.0,0.717252,0.0,0.0,0.0,0.457539,0.0,1.0,0.741832,0.0,0.0,0.0,0.0,0.0,0.0,19,31.0,10.157895,7.0,3.0,8.505498,674.551304,273.021059,238.929462,88.032218,2.470693,1.0,0.875132,0.322437,0.513056,140.075067
avenue_training_08_clip_000014,avenue,training,08,14,225,256,32,0,0,0.0,19583.423984,5438.401924,5061.734848,574.288231,4632.278336,0,0.0,21.968751,259.466653,137.997971,91.555777,92.683617,52.498837,25.434147,0.34434,0.198113,0.014151,0.056604,0.0,0.0,0.0,0.0,0.0,0.04717,0.056604,0.283019,88.696861,35.419943,31.182828,3.197587,23.217429,0,0.0,1327.650651,686.006754,759.609621,62.5,458.092013,1.0,0,0.0,0.0,0.0,0.0,0.0,0.0,0.0,0.0,1,445.498317,225.098526,55.901699,294.870702,0.0,0.0,0.0,0.0,0.0,84.963024,198.63923,225.86017,1.0,0.505274,0.125481,0.66189,0.0,0.0,0.0,0.0,0.0,0.190715,0.445881,0.506983,0.0,0.0,0.0,0.0,0.0,0.0,18,31.0,11.777778,9.5,3.0,8.947722,969.9956,259.466653,230.473662,51.014235,3.738421,1.0,0.888259,0.196612,0.82347,213.662965
avenue_training_08_clip_000015,avenue,training,08,15,241,272,32,0,0,0.0,29875.527132,8658.056346,6733.592808,1255.595596,8011.613596,0,0.0,3.546314,337.820266,159.775141,85.22669,75.8837,13.857938,34.993126,0.611399,0.145078,0.020725,0.0,0.0,0.0,0.0,0.015544,0.015544,0.0,0.020725,0.170984,142.108822,36.527838,24.408917,0.04568,38.001088,0,0.0,1362.213273,804.648767,842.800392,123.110723,392.629608,1.0,0,0.0,0.0,0.0,0.0,0.0,0.0,0.0,0.0,1,241.09211,496.283632,299.460655,0.0,0.0,0.0,0.0,196.613015,756.118637,0.0,663.237917,204.963256,0.318855,0.656357,0.39605,0.0,0.0,0.0,0.0,0.260029,1.0,0.0,0.877161,0.271073,0.0,0.0,0.0,0.0,0.0,0.0,17,30.0,11.352941,7.0,3.0,8.963594,927.516711,337.820266,271.481516,97.998811,2.745592,1.0,0.803627,0.290092,0.644674,217.783939
avenue_training_08_clip_000016,avenue,training,08,16,257,288,32,0,0,0.0,11437.201805,4350.177263,3677.42621,312.5,3588.780247,0,0.0,19.070221,172.708616,128.432989,72.522521,70.780637,22.166346,29.199613,0.271523,0.178808,0.059603,0.0,0.019868,0.019868,0.0,0.019868,0.033113,0.019868,0.178808,0.198675,155.314997,61.920334,51.969041,3.944567,47.541423,0,0.0,1315.413433,541.869095,345.732917,62.5,468.878059,1.0,0,0.0,0.0,0.0,0.0,0.0,0.0,0.0,0.0,1,294.259116,205.709437,112.815139,0.0,137.244693,97.150624,0.0,65.264922,49.936584,56.25,208.155278,251.091206,1.0,0.699076,0.383387,0.0,0.466408,0.330153,0.0,0.221794,0.169703,0.191158,0.707388,0.8533,0.0,0.0,0.0,0.0,0.0,0.0,15,30.0,10.066667,5.0,3.0,8.736641,377.453815,172.708616,138.379556,49.936584,2.185495,1.0,0.801231,0.289138,0.603158,104.17065
avenue_training_08_clip_000017,avenue,training,08,17,273,304,32,0,0,0.0,16330.456699,6564.401068,6150.747635,446.70544,5482.501113,0,0.0,-17.477596,285.985913,108.606117,65.158022,64.318771,8.374259,29.509561,0.150538,0.333333,0.0,0.0,0.0,0.0,0.0,0.0,0.086022,0.053763,0.0,0.376344,102.377465,49.414713,51.55799,5.892603,30.336265,0,0.0,1316.77874,750.119467,1079.225375,62.5,524.397426,1.0,0,0.0,0.0,0.0,0.0,0.0,0.0,0.0,0.0,1,292.261394,428.096416,0.0,0.0,0.0,0.0,0.0,0.0,248.00485,67.407901,0.0,213.814745,0.6827,1.0,0.0,0.0,0.0,0.0,0.0,0.0,0.57932,0.15746,0.0,0.499455,0.0,0.0,0.0,0.0,0.0,0.0,10,25.0,9.3,4.5,3.0,7.75951,990.169606,285.985913,205.264373,50.587855,3.462302,1.0,0.717742,0.176889,0.935458,267.527727
avenue_training_08_clip_000018,avenue,training,08,18,289,320,32,0,0,0.0,14864.146569,4700.286736,2819.813572,242.904914,4938.453336,0,0.0,-2.529911,184.356164,115.073945,49.271702,57.917566,3.072491,34.020819,0.286957,0.0,0.034783,0.0,0.0,0.026087,0.0,0.034783,0.0,0.034783,0.182609,0.4,170.780628,46.604699,23.674894,3.307445,48.022383,0,0.0,1259.029884,438.096154,263.687789,45.069391,392.60747,0.995238,0,0.0,0.0,0.0,0.0,0.0,0.0,0.0,0.0,1,171.306742,0.0,133.952952,0.0,0.0,329.907537,0.0,97.803425,0.0,374.340518,109.318772,194.286679,0.457623,0.0,0.357837,0.0,0.0,0.881303,0.0,0.261269,0.0,1.0,0.29203,0.519011,0.071429,0.004762,0.0,0.0,0.004762,0.017818,15,27.0,7.666667,5.0,3.0,6.497863,540.951024,184.356164,133.952952,39.363211,2.934271,1.0,0.726599,0.213517,0.745973,137.524689
avenue_training_08_clip_000019,avenue,training,08,19,305,336,32,0,0,0.0,9377.748128,4067.937054,3265.268742,242.851297,3094.382225,0,0.0,12.476043,180.185975,101.300608,57.987539,55.312945,16.927513,25.124188,0.222222,0.111111,0.08642,0.0,0.0,0.0,0.0,0.0,0.0,0.0,0.030864,0.549383,62.551854,29.048771,34.976043,6.821077,15.323372,0,0.0,1320.274593,488.529175,422.973108,45.069391,435.576935,1.0,0,0.0,0.0,0.0,0.0,0.0,0.0,0.0,0.0,1,129.840346,128.636254,140.932611,0.0,0.0,0.0,0.0,0.0,0.0,0.0,291.637061,227.692317,0.445212,0.441083,0.483247,0.0,0.0,0.0,0.0,0.0,0.0,0.0,1.0,0.780739,0.0,0.0,0.0,0.0,0.0,0.0,15,31.0,10.8,6.0,3.0,10.087616,528.869676,180.185975,140.932611,40.212365,2.935132,1.0,0.782151,0.223171,0.701468,126.394785
avenue_training_08_clip_000020,avenue,training,08,20,321,352,32,0,0,0.0,12748.2839,5336.617257,5053.922713,138.879415,3483.859013,0,0.0,-5.490594,203.255848,98.106924,64.356374,69.18475,23.153508,22.473023,0.789773,0.0,0.0,0.0,0.0,0.0,0.0,0.0,0.0,0.028409,0.034091,0.147727,64.347651,19.195227,15.935137,6.100307,14.518224,0,0.0,1366.622205,711.76168,572.549125,67.31456,403.596957,1.0,0,0.0,0.0,0.0,0.0,0.0,0.0,0.0,0.0,1,198.371207,0.0,0.0,0.0,0.0,0.0,0.0,0.0,0.0,231.973172,204.092856,206.430115,0.855147,0.0,0.0,0.0,0.0,0.0,0.0,0.0,0.0,1.0,0.879812,0.889888,0.0,0.0,0.0,0.0,0.0,0.0,13,31.0,13.538462,10.0,5.0,8.607826,393.185105,203.255848,204.092856,54.682307,1.934434,1.0,1.004118,0.269032,0.451637,91.797973
avenue_training_08_clip_000021,avenue,training,08,21,337,368,32,0,0,0.0,17660.865394,7302.06151,8059.502357,197.53263,5007.073386,0,0.0,-8.466836,286.72209,165.792367,73.193927,71.655173,30.354319,33.161787,0.31875,0.025,0.0,0.0,0.0,0.0,0.0,0.0,0.01875,0.0625,0.0,0.575,89.629232,29.960182,25.923519,1.594825,25.295445,0,0.0,1317.01604,808.012153,869.650764,35.355339,434.513093,0.988691,0,0.0,0.0,0.0,0.0,0.0,0.0,0.0,0.0,1,274.241787,92.637766,0.0,0.0,0.0,0.0,0.0,0.0,468.461614,444.409286,0.0,229.685148,0.585409,0.197749,0.0,0.0,0.0,0.0,0.0,0.0,1.0,0.948657,0.0,0.490297,0.125,0.01131,0.0,0.0,0.01131,0.032673,14,31.0,11.428571,7.5,3.0,9.671123,503.59735,286.72209,290.930357,23.92767,1.756395,1.0,1.014677,0.083452,0.481544,138.069258
avenue_training_08_clip_000022,avenue,training,08,22,353,384,32,0,0,0.0,26496.297786,7558.293945,8246.64344,173.662389,7185.824028,0,0.0,5.625005,274.545792,133.053805,64.136295,73.52671,7.765166,36.761053,0.328467,0.029197,0.021898,0.021898,0.0,0.0,0.0,0.0,0.0,0.021898,0.0,0.576642,102.293821,33.798194,28.447638,3.42178,28.138052,0,0.0,1349.189572,677.128723,743.303437,58.962382,472.758818,1.0,0,0.0,0.0,0.0,0.0,0.0,0.0,0.0,0.0,1,334.670899,52.354927,130.305361,59.42669,0.0,0.0,0.0,0.0,0.0,680.445888,0.0,282.460091,0.491841,0.076942,0.1915,0.087335,0.0,0.0,0.0,0.0,0.0,1.0,0.0,0.41511,0.0,0.0,0.0,0.0,0.0,0.0,13,31.0,10.538462,4.0,3.0,10.419031,680.445888,274.545792,283.058323,52.354927,2.478442,1.0,1.031006,0.190697,0.636222,174.672149
avenue_training_08_clip_000023,avenue,training,08,23,369,400,32,0,0,0.0,10175.025278,5440.959713,5679.329285,926.011948,3087.036701,0,0.0,-6.271823,217.59183,148.706396,68.290973,76.640282,4.184916,37.033618,0.064,0.064,0.0,0.0,0.0,0.0,0.0,0.0,0.0,0.064,0.024,0.784,61.469491,27.429658,21.735886,5.61427,18.927204,0,0.0,1347.973015,601.700351,475.375506,100.778222,397.918962,1.0,0,0.0,0.0,0.0,0.0,0.0,0.0,0.0,0.0,1,148.625246,225.352677,0.0,0.0,0.0,0.0,0.0,0.0,0.0,82.541001,318.104014,256.82936,0.467222,0.708424,0.0,0.0,0.0,0.0,0.0,0.0,0.0,0.259478,1.0,0.807375,0.0,0.0,0.0,0.0,0.0,0.0,10,30.0,12.5,6.5,3.0,10.20049,343.75453,217.59183,242.743128,82.257983,1.579814,1.0,1.11559,0.378038,0.419162,91.20621
avenue_training_08_clip_000024,avenue,training,08,24,385,416,32,0,0,0.0,15880.412225,7941.296382,6715.075362,735.793879,4663.461645,0,0.0,2.258114,290.42533,108.557833,64.806198,65.935683,17.446651,26.800963,0.575758,0.060606,0.024242,0.036364,0.0,0.0,0.0,0.0,0.066667,0.0,0.030303,0.206061,100.909975,40.656526,21.485946,0.823747,35.463516,0,0.0,1274.387108,855.935322,995.301462,93.169499,396.974474,0.990385,0,0.0,0.0,0.0,0.0,0.0,0.0,0.0,0.0,1,355.645231,160.42383,273.711378,76.475425,0.0,0.0,0.0,0.0,409.770125,0.0,361.595389,152.778433,0.867914,0.391497,0.667963,0.18663,0.0,0.0,0.0,0.0,1.0,0.0,0.882435,0.372839,0.125,0.009615,0.0,0.0,0.009615,0.033309,13,31.0,12.692308,7.0,3.0,10.298503,502.735214,290.42533,311.200677,76.475425,1.731031,1.0,1.071534,0.263322,0.440731,127.999582
avenue_training_08_clip_000025,avenue,training,08,25,401,432,32,0,0,0.0,19093.098671,7228.529085,7165.731005,185.112234,4288.293956,0,0.0,6.559512,283.71799,165.109818,71.232314,68.265372,18.434949,31.997718,0.064171,0.042781,0.02139,0.02139,0.016043,0.0,0.0,0.016043,0.0,0.037433,0.144385,0.636364,150.776986,50.143255,21.041127,7.037869,46.082913,0,0.0,1338.200751,786.591944,736.758101,35.355339,396.67523,1.0,0,0.0,0.0,0.0,0.0,0.0,0.0,0.0,0.0,1,269.56965,381.556425,409.009251,261.391808,104.755771,0.0,0.0,31.653094,0.0,207.234649,285.153972,339.312597,0.65908,0.93288,1.0,0.639085,0.256121,0.0,0.0,0.07739,0.0,0.506675,0.697182,0.829596,0.0,0.0,0.0,0.0,0.0,0.0,15,31.0,12.466667,7.0,3.0,9.985768,449.176534,283.71799,275.003693,31.653094,1.58318,1.0,0.969285,0.111565,0.413722,117.380382
avenue_training_08_clip_000026,avenue,training,08,26,417,448,32,0,0,0.0,24347.51449,8026.026975,6426.369846,681.200716,5785.021049,0,0.0,-8.116349,297.047167,118.135276,67.554183,65.236713,27.255328,25.073087,0.236715,0.057971,0.0,0.0,0.077295,0.0,0.0,0.014493,0.0,0.077295,0.043478,0.492754,137.773693,43.022365,22.306107,3.101041,41.774484,0,0.0,1243.483012,767.960977,912.45719,107.529066,382.813904,0.998333,0,0.0,0.0,0.0,0.0,0.0,0.0,0.0,0.0,1,354.302518,346.222446,0.0,0.0,160.143395,0.0,0.0,109.417079,0.0,386.199352,244.559714,278.296885,0.917408,0.896486,0.0,0.0,0.414665,0.0,0.0,0.283318,0.0,1.0,0.633247,0.720604,0.033333,0.001667,0.0,0.0,0.001667,0.007265,20,31.0,10.35,7.5,3.0,8.284172,731.015571,297.047167,257.691119,69.552601,2.460941,1.0,0.867509,0.234147,0.574612,170.686828
avenue_training_08_clip_000027,avenue,training,08,27,433,464,32,0,0,0.0,16629.718205,4626.850299,3279.261055,306.065251,3889.371848,0,0.0,2.114471,227.713602,117.9954,59.521049,63.826431,0.763898,27.864186,0.549587,0.119835,0.0,0.033058,0.012397,0.0,0.0,0.0,0.024793,0.0,0.028926,0.231405,140.376345,38.974241,20.386854,1.677094,42.098081,0,0.0,1325.530554,680.53537,818.916968,97.271813,431.747679,1.0,0,0.0,0.0,0.0,0.0,0.0,0.0,0.0,0.0,1,228.236252,87.47161,0.0,108.14193,134.046823,0.0,0.0,0.0,353.304814,0.0,525.344516,215.963712,0.434451,0.166503,0.0,0.20585,0.25516,0.0,0.0,0.0,0.67252,0.0,1.0,0.41109,0.0,0.0,0.0,0.0,0.0,0.0,19,31.0,12.736842,9.0,3.0,8.759008,585.899921,227.713602,159.679567,59.73006,2.572968,1.0,0.70123,0.262303,0.620644,141.329095
avenue_training_08_clip_000028,avenue,training,08,28,449,480,32,0,0,0.0,25846.79564,6308.286556,5177.661746,438.352374,5683.377693,0,0.0,11.191547,264.217688,119.686082,63.07833,60.622958,13.231325,24.145714,0.093284,0.201493,0.0,0.048507,0.014925,0.011194,0.0,0.0,0.011194,0.022388,0.100746,0.496269,144.125824,48.231928,30.220924,10.835972,38.98933,0,0.0,1360.606482,710.412743,799.441187,76.034532,429.390539,1.0,0,0.0,0.0,0.0,0.0,0.0,0.0,0.0,0.0,1,197.767494,230.583872,0.0,58.43993,90.236893,184.835435,0.0,0.0,645.63129,305.05406,182.785322,335.647345,0.306316,0.357145,0.0,0.090516,0.139765,0.286286,0.0,0.0,1.0,0.47249,0.283111,0.519875,0.0,0.0,0.0,0.0,0.0,0.0,20,28.0,13.4,13.0,3.0,9.21629,853.380541,264.217688,249.305768,58.43993,3.229839,1.0,0.943562,0.221181,0.703164,185.788482
avenue_training_08_clip_000029,avenue,training,08,29,465,496,32,0,0,0.0,25153.930748,7253.632943,6848.615768,511.50763,5177.478138,0,0.0,-5.613988,269.594942,157.959312,70.908513,72.306899,3.175761,34.744917,0.46875,0.053125,0.01875,0.01875,0.0,0.0,0.015625,0.0,0.0,0.028125,0.209375,0.1875,144.395739,40.755677,30.11158,3.626454,33.39372,0,0.0,1370.275976,783.490063,751.664819,106.800047,398.837326,1.0,0,0.0,0.0,0.0,0.0,0.0,0.0,0.0,0.0,1,229.688234,206.001224,426.908488,159.451768,0.0,0.0,86.837636,0.0,0.0,377.846125,351.207245,233.283615,0.538027,0.482542,1.0,0.373503,0.0,0.0,0.20341,0.0,0.0,0.885075,0.822676,0.546449,0.0,0.0,0.0,0.0,0.0,0.0,29,31.0,11.034483,7.0,3.0,8.43426,550.971633,269.594942,238.624065,86.837636,2.043702,1.0,0.885121,0.322104,0.493921,133.158558
avenue_training_08_clip_000030,avenue,training,08,30,481,512,32,0,0,0.0,23843.930115,7747.60535,5828.163064,0.0,6937.313985,0,0.0,18.692876,303.935547,99.275059,62.348476,71.028412,7.302804,25.052301,0.363248,0.145299,0.119658,0.017094,0.0,0.0,0.0,0.0,0.0,0.047009,0.051282,0.25641,92.009357,35.339961,26.004514,4.791295,25.939809,0,0.0,1356.52359,777.758853,870.442873,55.901699,459.85073,1.0,0,0.0,0.0,0.0,0.0,0.0,0.0,0.0,0.0,1,220.935684,210.269596,451.958171,561.293853,0.0,0.0,0.0,0.0,0.0,306.287459,308.123077,301.724307,0.393619,0.374616,0.805208,1.0,0.0,0.0,0.0,0.0,0.0,0.545681,0.548951,0.537551,0.0,0.0,0.0,0.0,0.0,0.0,22,31.0,10.636364,8.0,3.0,8.293182,594.396167,303.935547,294.717476,55.901699,1.955665,1.0,0.969671,0.183926,0.556586,169.166422
avenue_training_08_clip_000031,avenue,training,08,31,497,528,32,0,0,0.0,14552.207708,4940.709186,4811.979332,1006.404343,3210.18026,0,0.0,3.210109,211.292995,107.110276,61.801922,58.025639,21.801409,25.306475,0.349282,0.0,0.114833,0.038278,0.0,0.0,0.0,0.0,0.0,0.08134,0.129187,0.287081,101.195288,34.763934,13.418884,3.382678,32.474454,0,0.0,1366.164796,695.983584,665.236095,117.924764,417.271594,1.0,0,0.0,0.0,0.0,0.0,0.0,0.0,0.0,0.0,1,177.209145,0.0,267.881079,346.115344,0.0,0.0,0.0,0.0,0.0,129.166591,205.678997,215.226448,0.511994,0.0,0.773965,1.0,0.0,0.0,0.0,0.0,0.0,0.373189,0.59425,0.621834,0.0,0.0,0.0,0.0,0.0,0.0,17,31.0,12.294118,11.0,3.0,8.086042,361.949577,211.292995,232.052565,70.167374,1.713022,1.0,1.09825,0.332086,0.447012,94.450529
avenue_training_08_clip_000032,avenue,training,08,32,513,544,32,0,0,0.0,12726.402985,4793.443424,3605.414625,119.890191,3476.27511,0,0.0,3.41486,235.885157,116.565051,73.71869,69.779651,33.750524,23.829146,0.47619,0.190476,0.0,0.021164,0.0,0.0,0.0,0.021164,0.0,0.0,0.026455,0.26455,139.26994,30.482066,17.501386,0.650191,36.255016,0,0.0,1336.097395,632.450629,555.986105,83.852549,439.100144,1.0,0,0.0,0.0,0.0,0.0,0.0,0.0,0.0,0.0,1,214.66508,184.27091,0.0,119.455954,0.0,0.0,0.0,170.382628,0.0,0.0,410.061265,300.766323,0.523495,0.449374,0.0,0.291312,0.0,0.0,0.0,0.415505,0.0,0.0,1.0,0.733467,0.0,0.0,0.0,0.0,0.0,0.0,16,31.0,11.8125,7.0,3.0,9.043083,609.141431,235.885157,222.527832,48.096682,2.582364,1.0,0.943374,0.203899,0.596272,140.651728
avenue_training_08_clip_000033,avenue,training,08,33,529,560,32,0,0,0.0,15858.181766,6338.420124,6075.570916,145.16322,4428.327601,0,0.0,-0.473676,295.105388,134.60595,78.989466,83.022511,2.632435,33.51489,0.373494,0.018072,0.331325,0.0,0.0,0.0,0.018072,0.0,0.0,0.10241,0.03012,0.126506,168.747784,52.903596,53.700804,7.693105,37.316995,0,0.0,1369.876819,755.015598,690.818649,139.754249,392.672762,1.0,0,0.0,0.0,0.0,0.0,0.0,0.0,0.0,0.0,1,275.735307,331.976137,262.729375,0.0,0.0,0.0,165.520913,0.0,0.0,328.311523,95.128201,439.249685,0.627742,0.75578,0.598132,0.0,0.0,0.0,0.376826,0.0,0.0,0.747437,0.21657,1.0,0.0,0.0,0.0,0.0,0.0,0.0,18,31.0,9.222222,8.5,3.0,6.827685,634.178581,295.105388,268.503603,95.128201,2.14899,1.0,0.909857,0.322353,0.439231,129.619326
avenue_training_08_clip_000034,avenue,training,08,34,545,576,32,0,0,0.0,15493.508417,6482.022432,6285.480083,1358.3313,4165.693235,0,0.0,36.271128,274.521914,94.426241,60.11905,58.155144,24.91496,24.71771,0.339806,0.427184,0.07767,0.0,0.0,0.0,0.0,0.0,0.0,0.0,0.15534,0.0,68.505591,30.268131,25.302591,2.839788,19.609219,0,0.0,1212.693284,772.53284,990.244729,91.001374,418.574642,1.0,0,0.0,0.0,0.0,0.0,0.0,0.0,0.0,0.0,1,363.604848,273.017717,168.635754,0.0,0.0,0.0,0.0,0.0,0.0,0.0,312.640956,0.0,1.0,0.750864,0.463789,0.0,0.0,0.0,0.0,0.0,0.0,0.0,0.859837,0.0,0.0,0.0,0.0,0.0,0.0,0.0,8,31.0,12.875,10.0,3.0,9.675194,501.548572,274.521914,282.875289,64.067334,1.826989,1.0,1.030429,0.233378,0.451903,124.057221
avenue_training_08_clip_000035,avenue,training,08,35,561,592,32,0,0,0.0,13197.428863,6078.557641,5474.972699,860.748774,3114.4838,0,0.0,12.961578,323.391338,97.089134,71.675564,70.287164,45.269888,14.927335,0.07563,0.504202,0.092437,0.0,0.0,0.0,0.0,0.0,0.0,0.0,0.151261,0.176471,49.859457,35.289064,41.431577,11.005699,13.215044,0,0.0,1288.652397,839.054007,921.700195,135.208173,360.679824,1.0,0,0.0,0.0,0.0,0.0,0.0,0.0,0.0,0.0,1,164.904165,313.516788,532.756507,0.0,0.0,0.0,0.0,0.0,0.0,0.0,339.58463,186.951014,0.30953,0.58848,1.0,0.0,0.0,0.0,0.0,0.0,0.0,0.0,0.637411,0.350913,0.0,0.0,0.0,0.0,0.0,0.0,9,31.0,13.222222,9.0,3.0,9.919428,823.188424,323.391338,259.068741,117.993197,2.545487,1.0,0.8011,0.364862,0.603801,195.263913
avenue_training_08_clip_000036,avenue,training,08,36,577,608,32,0,0,0.0,9530.238015,6076.587004,7451.390229,1821.059431,3121.213578,0,0.0,19.744101,269.740313,83.90595,66.090319,72.711901,30.675724,16.758402,0.705882,0.067227,0.0,0.033613,0.0,0.0,0.0,0.0,0.0,0.0,0.142857,0.05042,90.50629,28.583984,14.910591,0.247749,30.723884,0,0.0,1263.984276,745.149741,922.374906,168.839997,388.047493,1.0,0,0.0,0.0,0.0,0.0,0.0,0.0,0.0,0.0,1,264.671765,209.713307,0.0,88.090056,0.0,0.0,0.0,0.0,0.0,0.0,315.973206,485.458872,0.545199,0.43199,0.0,0.181457,0.0,0.0,0.0,0.0,0.0,0.0,0.650875,1.0,0.0,0.0,0.0,0.0,0.0,0.0,8,31.0,14.875,12.5,4.0,9.439776,485.458872,269.740313,316.079788,84.859321,1.799727,1.0,1.171793,0.314596,0.470138,126.815099
avenue_training_08_clip_000037,avenue,training,08,37,593,624,32,0,0,0.0,12739.361622,6710.468492,6604.785509,937.5,4157.236948,0,0.0,23.132996,296.415995,124.286877,79.054219,85.601295,30.784004,26.747053,0.356522,0.034783,0.182609,0.086957,0.0,0.0,0.0,0.0,0.0,0.069565,0.0,0.269565,95.011739,33.127471,38.959667,0.126078,31.835465,0,0.0,1341.000093,688.931318,843.44902,100.0,389.644072,1.0,0,0.0,0.0,0.0,0.0,0.0,0.0,0.0,0.0,1,330.190143,300.354264,342.036819,281.841468,0.0,0.0,0.0,0.0,0.0,358.337563,0.0,187.701897,0.92145,0.838188,0.95451,0.786525,0.0,0.0,0.0,0.0,0.0,1.0,0.0,0.523813,0.0,0.0,0.0,0.0,0.0,0.0,11,28.0,10.454545,7.0,3.0,9.188566,589.97795,296.415995,300.354264,81.25,1.990371,1.0,1.013286,0.274108,0.465934,138.110203
avenue_training_08_clip_000038,avenue,training,08,38,609,640,32,0,0,0.0,8023.778959,3873.092589,4272.721621,195.901112,2652.803505,0,0.0,17.004602,199.330342,134.497457,56.362107,52.825842,1.397181,30.786666,0.2,0.2,0.0,0.1125,0.0,0.0,0.0,0.0,0.0,0.0,0.175,0.3125,73.693989,34.705551,33.680176,5.495398,23.338311,0,0.0,1151.425747,425.253581,440.347874,53.033009,297.451801,1.0,0,0.0,0.0,0.0,0.0,0.0,0.0,0.0,0.0,1,120.164853,241.462809,0.0,296.508081,0.0,0.0,0.0,0.0,0.0,0.0,184.564245,193.534469,0.405267,0.814355,0.0,1.0,0.0,0.0,0.0,0.0,0.0,0.0,0.622459,0.652712,0.0,0.0,0.0,0.0,0.0,0.0,11,19.0,7.272727,6.0,3.0,4.473984,381.326208,199.330342,211.689953,39.016504,1.913036,1.0,1.062006,0.195738,0.455383,90.77158
avenue_training_08_clip_000039,avenue,training,08,39,625,656,32,0,0,0.0,14689.379609,5309.076176,3464.262839,138.523005,5366.37969,0,0.0,-1.715157,214.160801,105.167489,68.357572,76.653279,15.255119,26.156248,0.130435,0.652174,0.0,0.0,0.0,0.0,0.0,0.0,0.065217,0.0,0.0,0.152174,114.347351,39.152236,38.660524,2.959933,35.042526,0,0.0,1331.646068,489.79215,460.977223,45.069391,399.12414,1.0,0,0.0,0.0,0.0,0.0,0.0,0.0,0.0,0.0,1,308.232972,256.577956,0.0,0.0,0.0,0.0,0.0,0.0,42.298931,0.0,0.0,70.626868,1.0,0.832416,0.0,0.0,0.0,0.0,0.0,0.0,0.13723,0.0,0.0,0.229135,0.0,0.0,0.0,0.0,0.0,0.0,7,19.0,6.571429,5.0,3.0,5.287644,409.226622,214.160801,195.25359,42.298931,1.910838,1.0,0.911715,0.19751,0.590834,126.533428
avenue_training_08_clip_000040,avenue,training,08,40,641,672,32,0,0,0.0,5239.090619,2243.736795,1912.309496,1199.288231,1378.763202,0,0.0,36.891682,126.326837,95.948598,43.996757,37.512194,18.434949,26.220847,0.0,0.220779,0.0,0.077922,0.0,0.038961,0.0,0.0,0.0,0.077922,0.0,0.584416,133.890844,68.128809,58.860382,5.998798,42.976368,0,0.0,1240.022681,504.822802,416.343322,87.5,402.463483,1.0,0,0.0,0.0,0.0,0.0,0.0,0.0,0.0,0.0,1,0.0,141.468332,0.0,112.929872,0.0,63.514235,0.0,0.0,0.0,101.797688,0.0,169.125449,0.0,0.83647,0.0,0.667728,0.0,0.375545,0.0,0.0,0.0,0.601906,0.0,1.0,0.0,0.0,0.0,0.0,0.0,0.0,6,30.0,12.833333,10.5,3.0,9.190877,209.800949,126.326837,120.68991,63.514235,1.660779,1.0,0.955378,0.502777,0.352954,44.587518
avenue_training_08_clip_000041,avenue,training,08,41,657,688,32,0,0,0.0,2889.955057,2039.431599,2198.101072,871.569192,778.696997,0,0.0,10.138144,155.030994,86.845712,47.846818,46.280157,11.981244,27.870573,0.0,0.0,0.375,0.0,0.0,0.0,0.0,0.0,0.166667,0.0,0.0,0.458333,107.980498,65.021098,65.021098,22.061698,31.790124,0,0.0,389.310288,272.740014,271.767943,158.113883,82.60643,1.0,0,0.0,0.0,0.0,0.0,0.0,0.0,0.0,0.0,1,0.0,0.0,118.162874,0.0,0.0,0.0,0.0,0.0,250.303143,0.0,0.0,133.495083,0.0,0.0,0.472079,0.0,0.0,0.0,0.0,0.0,1.0,0.0,0.0,0.533334,0.0,0.0,0.0,0.0,0.0,0.0,4,11.0,6.0,4.5,4.0,2.915476,250.303143,155.030994,131.239793,107.341245,1.614536,1.0,0.846539,0.692386,0.360487,55.886737
avenue_training_08_clip_000042,avenue,training,08,42,673,704,32,0,0,0.0,6471.065478,2757.80312,1741.553034,60.790847,2713.850695,0,0.0,-3.486174,134.661909,48.738157,38.308325,39.621768,26.565051,9.099652,0.538462,0.0,0.0,0.0,0.0,0.0,0.0,0.0,0.0,0.0,0.0,0.461538,9.796352,6.530901,7.229224,2.567127,2.992342,0,0.0,1330.883165,593.309663,390.71249,58.333333,538.906287,1.0,0,0.0,0.0,0.0,0.0,0.0,0.0,0.0,0.0,1,230.07224,0.0,0.0,0.0,0.0,0.0,0.0,0.0,0.0,0.0,0.0,86.956744,1.0,0.0,0.0,0.0,0.0,0.0,0.0,0.0,0.0,0.0,0.0,0.377954,0.0,0.0,0.0,0.0,0.0,0.0,3,14.0,8.666667,9.0,3.0,4.496913,230.07224,134.661909,116.795971,57.117516,1.708518,1.0,0.867327,0.424155,0.532665,71.729715
avenue_training_08_clip_000043,avenue,training,08,43,689,720,32,0,0,0.0,6774.734053,3344.441833,2581.182943,1440.667395,2053.18046,0,0.0,21.558096,158.653376,139.474279,74.933687,55.092558,50.075353,37.433945,0.925926,0.074074,0.0,0.0,0.0,0.0,0.0,0.0,0.0,0.0,0.0,0.0,31.768984,15.884492,13.06409,5.640803,9.975896,0,0.0,932.905408,502.050285,453.504667,168.2864,275.968117,1.0,0,0.0,0.0,0.0,0.0,0.0,0.0,0.0,0.0,1,176.931369,103.819397,0.0,0.0,0.0,0.0,0.0,0.0,0.0,0.0,0.0,0.0,1.0,0.586778,0.0,0.0,0.0,0.0,0.0,0.0,0.0,0.0,0.0,0.0,0.0,0.0,0.0,0.0,0.0,0.0,4,23.0,13.5,13.5,4.0,7.433034,244.959811,158.653376,142.917148,103.819397,1.543994,1.0,0.900814,0.654379,0.359606,57.052673
avenue_training_08_clip_000044,avenue,training,08,44,705,736,32,0,0,0.0,5475.84959,3280.328257,3280.328257,1084.806925,2195.521332,0,0.0,2.908119,161.697276,69.85914,54.266976,54.266976,38.674811,15.592164,0.538462,0.0,0.0,0.0,0.0,0.0,0.0,0.0,0.0,0.0,0.0,0.461538,2.997368,2.997368,2.997368,2.997368,0.0,0,0.0,640.556399,412.558344,412.558344,184.560288,227.998056,1.0,0,0.0,0.0,0.0,0.0,0.0,0.0,0.0,0.0,1,234.442247,0.0,0.0,0.0,0.0,0.0,0.0,0.0,0.0,0.0,0.0,88.952306,1.0,0.0,0.0,0.0,0.0,0.0,0.0,0.0,0.0,0.0,0.0,0.379421,0.0,0.0,0.0,0.0,0.0,0.0,2,21.0,19.5,19.5,18.0,1.5,234.442247,161.697276,161.697276,88.952306,1.449884,1.0,1.0,0.550116,0.449884,72.744971
avenue_training_08_clip_000045,avenue,training,08,45,721,752,32,0,0,0.0,6580.027297,4843.485233,5760.881682,2189.546721,1906.181542,0,0.0,20.105781,168.990889,58.969927,52.490846,49.928841,48.573771,4.614681,0.333333,0.0,0.176471,0.0,0.0,0.0,0.0,0.0,0.0,0.0,0.0,0.490196,41.797669,27.865113,25.948901,15.848769,10.679896,0,0.0,1034.559085,658.613155,550.567889,390.71249,273.72729,1.0,0,0.0,0.0,0.0,0.0,0.0,0.0,0.0,0.0,1,126.864329,0.0,161.249743,0.0,0.0,0.0,0.0,0.0,0.0,0.0,0.0,218.858596,0.579663,0.0,0.736776,0.0,0.0,0.0,0.0,0.0,0.0,0.0,0.0,1.0,0.0,0.0,0.0,0.0,0.0,0.0,3,25.0,17.0,17.0,9.0,6.531973,218.858596,168.990889,161.249743,126.864329,1.295091,1.0,0.954192,0.750717,0.224588,37.953307
avenue_training_08_clip_000046,avenue,training,08,46,737,768,32,0,0,0.0,18966.418564,4794.516144,4133.30416,38.470508,5053.278457,0,0.0,5.604784,217.313274,146.940234,71.967383,66.120703,14.036243,38.024835,0.369565,0.228261,0.0,0.0,0.0,0.032609,0.0,0.0,0.0,0.0,0.173913,0.195652,167.377094,43.135079,36.720119,3.088921,45.212055,0,0.0,1068.877916,480.137111,557.554319,51.53882,333.868769,1.0,0,0.0,0.0,0.0,0.0,0.0,0.0,0.0,0.0,1,297.567159,220.123199,0.0,0.0,0.0,50.76941,0.0,0.0,0.0,0.0,245.35091,162.851085,1.0,0.739743,0.0,0.0,0.0,0.170615,0.0,0.0,0.0,0.0,0.824523,0.547275,0.0,0.0,0.0,0.0,0.0,0.0,10,27.0,9.2,6.0,3.0,7.833262,570.178079,217.313274,221.264842,48.176275,2.623761,1.0,1.018184,0.22169,0.70008,152.136704
avenue_training_08_clip_000047,avenue,training,08,47,753,784,32,0,0,0.0,9303.609358,4767.699911,4664.998062,164.957514,2961.852724,0,0.0,-3.776619,219.540914,81.665258,59.967294,62.079894,40.407775,10.963963,0.132231,0.024793,0.082645,0.0,0.0,0.0,0.0,0.0,0.0,0.0,0.173554,0.586777,83.752865,27.713308,21.45785,2.174937,22.925942,0,0.0,1325.0,658.647163,593.782894,62.5,432.591747,1.0,0,0.0,0.0,0.0,0.0,0.0,0.0,0.0,0.0,1,90.704781,59.20085,207.018202,0.0,0.0,0.0,0.0,0.0,0.0,0.0,324.209969,248.672882,0.279772,0.1826,0.638531,0.0,0.0,0.0,0.0,0.0,0.0,0.0,1.0,0.767012,0.0,0.0,0.0,0.0,0.0,0.0,11,31.0,11.0,10.0,3.0,8.388304,534.201078,219.540914,196.651178,59.20085,2.433264,1.0,0.895738,0.269657,0.618813,135.854753
avenue_training_08_clip_000048,avenue,training,08,48,769,800,32,0,0,0.0,13244.547331,5015.975295,4478.090741,361.652097,3541.872305,0,0.0,2.806776,210.684969,94.017626,59.39976,63.000819,10.856413,20.295517,0.644444,0.022222,0.0,0.0,0.059259,0.0,0.0,0.0,0.0,0.066667,0.0,0.207407,134.503236,36.544098,29.070825,0.700757,36.817349,0,0.0,1150.882813,597.493176,700.111598,115.244306,371.06523,1.0,0,0.0,0.0,0.0,0.0,0.0,0.0,0.0,0.0,1,267.401671,108.011264,0.0,0.0,86.990291,0.0,0.0,0.0,0.0,127.099424,0.0,228.431388,1.0,0.403929,0.0,0.0,0.325317,0.0,0.0,0.0,0.0,0.475313,0.0,0.854263,0.0,0.0,0.0,0.0,0.0,0.0,13,31.0,10.384615,8.0,3.0,7.65143,347.853903,210.684969,210.543117,86.990291,1.651062,1.0,0.999327,0.412893,0.398517,83.961635
avenue_training_08_clip_000049,avenue,training,08,49,785,816,32,0,0,0.0,7179.585066,5183.486067,5611.176654,686.632613,2022.13648,0,0.0,12.057523,311.599896,108.285303,69.264453,65.810396,25.894994,29.88647,0.517857,0.0,0.0,0.026786,0.0,0.0,0.0,0.0,0.0,0.0,0.107143,0.348214,107.57901,27.188595,13.867764,3.27628,30.287344,0,0.0,1333.463535,753.875236,733.987607,75.0,376.569969,1.0,0,0.0,0.0,0.0,0.0,0.0,0.0,0.0,0.0,1,279.426478,0.0,0.0,556.337496,0.0,0.0,0.0,0.0,0.0,0.0,211.307543,317.073844,0.502261,0.0,0.0,1.0,0.0,0.0,0.0,0.0,0.0,0.0,0.379819,0.569931,0.0,0.0,0.0,0.0,0.0,0.0,10,27.0,11.2,8.5,3.0,7.820486,659.615593,311.599896,254.02461,56.689797,2.116867,1.0,0.815227,0.181931,0.598437,186.472857
avenue_training_08_clip_000050,avenue,training,08,50,801,832,32,0,0,0.0,14952.155996,6085.674207,6345.918657,142.108416,4743.616632,0,0.0,22.805681,229.451171,117.270858,71.529962,74.863669,15.255119,27.139453,0.53211,0.0,0.155963,0.0,0.027523,0.0,0.0,0.0,0.0,0.027523,0.0,0.256881,100.798125,39.956739,41.473506,0.822595,31.043835,0,0.0,1291.559135,651.644807,588.554578,79.056942,452.477463,1.0,0,0.0,0.0,0.0,0.0,0.0,0.0,0.0,0.0,1,228.159552,0.0,202.893693,0.0,376.660336,0.0,0.0,0.0,0.0,73.795147,0.0,260.546427,0.605744,0.0,0.538665,0.0,1.0,0.0,0.0,0.0,0.0,0.19592,0.0,0.691728,0.0,0.0,0.0,0.0,0.0,0.0,12,28.0,9.083333,5.5,3.0,7.994356,376.660336,229.451171,225.107517,73.795147,1.641571,1.0,0.98107,0.321616,0.469011,107.615127
avenue_training_08_clip_000051,avenue,training,08,51,817,848,32,0,0,0.0,15166.230007,3977.163597,3686.14631,187.233477,3715.093423,0,0.0,8.277094,163.960849,126.645649,56.72103,55.301479,13.031157,30.175836,0.353982,0.053097,0.053097,0.0,0.0,0.0,0.0,0.0,0.0,0.070796,0.026549,0.442478,88.078546,31.508956,20.430064,1.337573,23.623507,0,0.0,1110.180166,425.332678,225.346955,76.034532,368.456848,1.0,0,0.0,0.0,0.0,0.0,0.0,0.0,0.0,0.0,1,128.937362,156.34636,110.045725,0.0,0.0,0.0,0.0,0.0,0.0,42.063833,93.883451,309.372835,0.41677,0.505366,0.355706,0.0,0.0,0.0,0.0,0.0,0.0,0.135965,0.303464,1.0,0.0,0.0,0.0,0.0,0.0,0.0,13,31.0,8.692308,6.0,3.0,8.488767,493.252473,163.960849,134.924221,42.063833,3.008355,1.0,0.822905,0.256548,0.680107,111.5109
avenue_training_08_clip_000052,avenue,training,08,52,833,864,32,0,0,0.0,15154.275884,5685.377626,4912.141712,258.883476,4944.254116,0,0.0,-3.509174,216.095225,142.352443,71.450873,73.304318,4.486313,34.236162,0.518987,0.031646,0.025316,0.0,0.0,0.0,0.0,0.0,0.018987,0.0,0.044304,0.360759,108.990826,29.570242,20.345843,3.216374,29.117049,0,0.0,1204.808076,621.174044,922.716777,39.528471,480.892286,1.0,0,0.0,0.0,0.0,0.0,0.0,0.0,0.0,0.0,1,247.034905,311.151149,427.083777,0.0,0.0,0.0,0.0,0.0,33.73966,0.0,102.560311,205.831727,0.578423,0.728548,1.0,0.0,0.0,0.0,0.0,0.0,0.079,0.0,0.240141,0.481947,0.0,0.0,0.0,0.0,0.0,0.0,15,31.0,10.533333,4.0,3.0,9.344279,427.083777,216.095225,199.586459,33.73966,1.976368,1.0,0.923604,0.156133,0.597776,129.176466
avenue_training_08_clip_000053,avenue,training,08,53,849,880,32,0,0,0.0,10001.950172,5658.872022,6287.762998,320.51609,3086.68957,0,0.0,2.063862,229.060289,172.797272,61.306766,67.268217,5.654966,38.147444,0.444976,0.090909,0.052632,0.0,0.0,0.0,0.0,0.019139,0.0,0.0,0.028708,0.363636,144.603817,30.669219,16.627439,3.153007,33.954857,0,0.0,1311.130238,627.747527,509.415196,70.710678,399.330075,0.995,0,0.0,0.0,0.0,0.0,0.0,0.0,0.0,0.0,1,219.506009,347.578048,227.568321,0.0,0.0,0.0,0.0,53.616487,0.0,0.0,229.394968,256.493655,0.63153,1.0,0.654726,0.0,0.0,0.0,0.0,0.154257,0.0,0.0,0.659981,0.737945,0.1,0.005,0.0,0.0,0.005,0.021794,20,31.0,10.45,7.0,3.0,8.399256,373.327402,229.060289,235.867911,53.616487,1.629822,1.0,1.02972,0.234072,0.41923,96.028867
avenue_training_08_clip_000054,avenue,training,08,54,865,896,32,0,0,0.0,15309.43598,4949.068172,3478.360259,181.605884,3964.251982,0,0.0,-3.227715,196.610245,148.282526,76.826099,70.33779,14.264512,37.419195,0.459821,0.049107,0.0,0.03125,0.0,0.0,0.0,0.0,0.0,0.0625,0.165179,0.232143,119.954762,35.132404,26.506075,1.371533,25.615396,0,0.0,1337.55841,554.705698,347.535969,39.528471,454.079723,1.0,0,0.0,0.0,0.0,0.0,0.0,0.0,0.0,0.0,1,241.83683,123.062399,0.0,93.07707,0.0,0.0,0.0,0.0,0.0,156.656868,151.54657,220.560985,1.0,0.508865,0.0,0.384875,0.0,0.0,0.0,0.0,0.0,0.647779,0.626648,0.912024,0.0,0.0,0.0,0.0,0.0,0.0,25,31.0,8.96,7.0,3.0,7.174845,429.284748,196.610245,153.772896,29.842824,2.18343,1.0,0.78212,0.151787,0.5842,114.859658
avenue_training_08_clip_000055,avenue,training,08,55,881,912,32,0,0,0.0,13064.070599,5589.644403,6059.447514,605.231829,3612.114179,0,0.0,-5.514706,209.378093,112.980087,59.946894,58.499155,8.880659,29.237228,0.240909,0.013636,0.031818,0.0,0.022727,0.0,0.0,0.0,0.013636,0.054545,0.018182,0.604545,155.182533,31.937029,20.631715,0.560256,36.300171,0,0.0,1327.886008,523.840417,544.575523,63.737744,334.435005,0.997647,0,0.0,0.0,0.0,0.0,0.0,0.0,0.0,0.0,1,189.924399,268.928022,247.814847,0.0,126.99482,0.0,0.0,0.0,98.984616,340.648207,70.077898,205.469191,0.557538,0.78946,0.72748,0.0,0.372803,0.0,0.0,0.0,0.290577,1.0,0.205719,0.603171,0.058824,0.002353,0.0,0.0,0.002353,0.011527,25,31.0,8.8,5.0,3.0,7.678542,416.962119,209.378093,213.492411,51.633107,1.991431,1.0,1.01965,0.246602,0.486608,101.88497
avenue_training_08_clip_000056,avenue,training,08,56,897,928,32,0,0,0.0,28690.34294,7757.270223,5768.950998,0.0,8167.538092,0,0.0,19.738251,274.727145,179.871822,78.657878,68.595846,0.0,43.833357,0.434555,0.031414,0.015707,0.015707,0.015707,0.0,0.015707,0.031414,0.0,0.0,0.057592,0.382199,160.261749,47.826918,32.933004,1.120258,44.479847,0,0.0,1367.536563,714.730749,652.219767,37.5,482.151501,1.0,0,0.0,0.0,0.0,0.0,0.0,0.0,0.0,0.0,1,156.518582,568.514387,220.148428,663.945641,322.817805,0.0,37.5,79.791717,0.0,0.0,368.503321,252.285166,0.23574,0.856266,0.331576,1.0,0.486211,0.0,0.056481,0.120178,0.0,0.0,0.55502,0.379979,0.0,0.0,0.0,0.0,0.0,0.0,20,30.0,9.55,6.0,3.0,8.2733,917.623179,274.727145,219.777012,27.847468,3.340126,1.0,0.799983,0.101364,0.810916,222.780552
avenue_training_08_clip_000057,avenue,training,08,57,913,944,32,0,0,0.0,15120.701875,5767.20558,4302.853936,74.466597,4771.058171,0,0.0,13.655434,257.216044,169.824489,82.458188,82.01303,21.665959,41.485291,0.702857,0.074286,0.04,0.0,0.0,0.0,0.0,0.0,0.0,0.017143,0.0,0.165714,80.13273,22.826708,13.927803,3.081859,20.544117,0,0.0,1372.15615,654.116333,563.0661,90.138782,447.663067,1.0,0,0.0,0.0,0.0,0.0,0.0,0.0,0.0,0.0,1,221.520857,304.636312,509.947754,0.0,0.0,0.0,0.0,0.0,0.0,314.738434,0.0,170.142356,0.434399,0.597387,1.0,0.0,0.0,0.0,0.0,0.0,0.0,0.617197,0.0,0.333647,0.0,0.0,0.0,0.0,0.0,0.0,20,29.0,8.75,6.5,3.0,7.034735,702.515434,257.216044,219.171714,81.51284,2.731227,1.0,0.852092,0.316904,0.597925,153.795945
avenue_training_08_clip_000058,avenue,training,08,58,929,960,32,0,0,0.0,11739.920551,3600.527658,2349.583978,183.058262,3761.237513,0,0.0,-26.723786,150.295918,82.875873,45.36035,44.026761,4.065051,20.637947,0.321101,0.0,0.0,0.055046,0.0,0.0,0.036697,0.027523,0.137615,0.0,0.119266,0.302752,139.223786,71.447379,63.089381,12.17468,43.971752,0,0.0,1127.635801,410.875619,213.97115,25.0,368.621413,1.0,0,0.0,0.0,0.0,0.0,0.0,0.0,0.0,0.0,1,240.741536,0.0,0.0,83.664698,0.0,0.0,54.248243,139.256781,133.574577,0.0,208.254336,122.544251,1.0,0.0,0.0,0.347529,0.0,0.0,0.225338,0.578449,0.554846,0.0,0.865054,0.509028,0.0,0.0,0.0,0.0,0.0,0.0,12,30.0,9.083333,6.5,3.0,7.963022,369.557192,150.295918,142.623671,21.338835,2.458864,1.0,0.948953,0.141979,0.622308,93.530321
avenue_training_08_clip_000059,avenue,training,08,59,945,976,32,0,0,0.0,22080.5053,6271.984445,5738.317402,748.265226,5529.491052,0,0.0,1.207457,214.467905,179.866444,71.485206,62.690727,19.15231,44.204341,0.253731,0.0,0.022388,0.029851,0.044776,0.0,0.0,0.0,0.0,0.067164,0.11194,0.470149,139.705858,44.479231,30.831025,0.747885,38.881954,0,0.0,1314.403382,619.872524,650.826217,75.0,422.139672,1.0,0,0.0,0.0,0.0,0.0,0.0,0.0,0.0,0.0,1,150.241713,0.0,60.034695,332.757503,80.310109,0.0,0.0,0.0,0.0,246.042886,324.04118,223.302002,0.451505,0.0,0.180416,1.0,0.241347,0.0,0.0,0.0,0.0,0.739406,0.973806,0.671065,0.0,0.0,0.0,0.0,0.0,0.0,16,29.0,8.375,7.0,3.0,6.565773,478.053555,214.467905,210.473507,60.034695,2.229021,1.0,0.981375,0.279924,0.504749,108.252546
avenue_training_08_clip_000060,avenue,training,08,60,961,992,32,0,0,0.0,30430.78085,9110.108311,6929.232921,185.112234,7946.429661,0,0.0,1.545526,354.105493,176.607587,84.228074,77.615503,10.078187,45.645422,0.444882,0.082677,0.059055,0.0,0.011811,0.0,0.011811,0.0,0.0,0.059055,0.051181,0.279528,155.997595,47.042589,43.2384,0.263668,40.85971,0,0.0,1371.643631,721.494983,814.81508,35.355339,403.451681,0.966667,0,0.0,0.0,0.0,0.0,0.0,0.0,0.0,0.0,1,311.919237,299.379435,253.723213,0.0,359.479061,0.0,113.277232,0.0,0.0,592.359464,459.442131,312.392483,0.526571,0.505402,0.428326,0.0,0.60686,0.0,0.191231,0.0,0.0,1.0,0.775614,0.52737,0.5,0.033333,0.0,0.0,0.033333,0.124722,30,31.0,8.466667,3.0,3.0,8.51952,1200.078194,354.105493,305.328788,31.653094,3.389041,1.0,0.862254,0.089389,0.671832,237.899378
avenue_training_08_clip_000061,avenue,training,08,61,977,1008,32,0,0,0.0,19691.609079,7090.703808,6041.004784,1281.771304,4398.316077,0,0.0,-6.306251,334.636846,158.904044,85.309403,82.062994,33.867171,34.620444,0.098039,0.014706,0.014706,0.019608,0.0,0.0,0.0,0.0,0.019608,0.0,0.151961,0.681373,125.596187,29.523691,17.032225,0.682334,33.046261,0,0.0,1341.699016,768.298364,833.854004,118.585412,380.375316,1.0,0,0.0,0.0,0.0,0.0,0.0,0.0,0.0,0.0,1,279.28084,92.949986,377.657916,624.958357,0.0,0.0,0.0,0.0,565.508808,0.0,420.636411,284.591054,0.446879,0.14873,0.604293,1.0,0.0,0.0,0.0,0.0,0.904874,0.0,0.673063,0.455376,0.0,0.0,0.0,0.0,0.0,0.0,21,31.0,9.714286,5.0,3.0,8.586495,729.197869,334.636846,316.887021,83.973039,2.179072,1.0,0.946958,0.250938,0.52397,175.339674
avenue_training_08_clip_000062,avenue,training,08,62,986,1017,32,0,0,0.0,14401.036633,4809.409866,4734.242883,346.788816,3510.050172,0,0.0,-3.407853,243.989256,169.908943,80.252037,71.771178,2.121096,43.524102,0.497674,0.046512,0.04186,0.0,0.0,0.0,0.013953,0.0,0.0,0.013953,0.04186,0.344186,157.045218,35.829731,19.91268,3.126587,34.940701,0,0.0,1346.407256,637.315301,450.693909,53.400023,447.707416,1.0,0,0.0,0.0,0.0,0.0,0.0,0.0,0.0,0.0,1,235.628982,428.248699,256.552322,0.0,0.0,0.0,80.637623,0.0,0.0,317.669754,346.743872,165.341834,0.550215,1.0,0.599073,0.0,0.0,0.0,0.188296,0.0,0.0,0.741788,0.809679,0.386088,0.0,0.0,0.0,0.0,0.0,0.0,21,31.0,10.238095,5.0,3.0,9.91826,677.659222,243.989256,236.744467,46.464247,2.777414,1.0,0.970307,0.190436,0.59076,144.139206
avenue_training_09_clip_000000,avenue,training,09,0,1,32,32,0,0,0.0,22588.527016,5486.49268,3593.519584,499.83947,6502.498176,0,0.0,-7.260776,253.037527,150.895268,66.205429,73.554579,3.012788,39.622055,0.315217,0.0,0.0,0.043478,0.0,0.0,0.0,0.0,0.0,0.076087,0.271739,0.293478,118.77741,32.708904,24.987029,1.007493,31.684393,0,0.0,1105.101805,518.998136,476.381143,97.827974,326.00596,1.0,0,0.0,0.0,0.0,0.0,0.0,0.0,0.0,0.0,1,239.33835,0.0,0.0,188.440624,0.0,0.0,0.0,0.0,0.0,490.624445,149.218934,219.426561,0.487824,0.0,0.0,0.384083,0.0,0.0,0.0,0.0,0.0,1.0,0.304141,0.447239,0.0,0.0,0.0,0.0,0.0,0.0,14,16.0,6.571429,6.5,3.0,3.499271,745.223149,253.037527,195.792044,83.822746,2.945109,1.0,0.773767,0.331266,0.721532,182.574616
avenue_training_09_clip_000001,avenue,training,09,1,17,48,32,0,0,0.0,21338.360005,6781.573429,6234.703456,865.850032,5478.320429,0,0.0,-16.73082,266.172404,129.993281,57.256664,55.619021,26.778373,28.403757,0.365385,0.0,0.028846,0.0,0.0,0.0,0.0,0.0,0.0,0.105769,0.403846,0.096154,91.189783,34.046297,22.963116,6.560741,24.756388,0,0.0,1061.249264,618.057086,643.043944,112.673477,309.438848,1.0,0,0.0,0.0,0.0,0.0,0.0,0.0,0.0,0.0,1,288.999645,0.0,265.568389,0.0,0.0,0.0,0.0,0.0,0.0,315.743495,190.100011,258.734851,0.915299,0.0,0.841089,0.0,0.0,0.0,0.0,0.0,0.0,1.0,0.602071,0.819446,0.0,0.0,0.0,0.0,0.0,0.0,10,24.0,10.4,6.0,3.0,7.310267,555.090545,266.172404,231.39835,69.247623,2.085455,1.0,0.869355,0.260161,0.573314,152.600414
avenue_training_09_clip_000002,avenue,training,09,2,33,64,32,0,0,0.0,8914.411252,3757.85385,3142.144334,73.771243,2733.103875,0,0.0,-24.628279,164.808069,95.442789,43.99137,52.334913,0.0,30.216194,0.146067,0.044944,0.0,0.0,0.0,0.0,0.033708,0.0,0.0,0.033708,0.101124,0.640449,143.954894,41.663578,24.365593,7.725081,39.086592,0,0.0,1005.143025,495.324045,392.815735,27.95085,379.356079,1.0,0,0.0,0.0,0.0,0.0,0.0,0.0,0.0,0.0,1,178.954066,135.660403,0.0,0.0,0.0,0.0,101.254265,0.0,0.0,26.475425,308.461176,179.580322,0.580151,0.439797,0.0,0.0,0.0,0.0,0.328256,0.0,0.0,0.085831,1.0,0.582181,0.0,0.0,0.0,0.0,0.0,0.0,10,20.0,8.9,6.5,3.0,6.3,308.461176,164.808069,157.605341,26.475425,1.871639,1.0,0.956297,0.160644,0.530328,87.402391
avenue_training_09_clip_000003,avenue,training,09,3,49,80,32,0,0,0.0,13313.763027,3710.650143,1758.928471,452.674542,4116.605818,0,0.0,21.408903,174.519022,106.502236,58.838007,46.735971,25.346176,30.65586,0.236111,0.166667,0.055556,0.0,0.0,0.0,0.0,0.0,0.0,0.0,0.0,0.541667,44.56454,24.592907,26.64674,0.513611,13.589575,0,0.0,987.816405,414.21517,288.17826,103.077641,322.357061,1.0,0,0.0,0.0,0.0,0.0,0.0,0.0,0.0,0.0,1,99.90145,240.826876,265.269272,0.0,0.0,0.0,0.0,0.0,0.0,0.0,0.0,174.762401,0.376604,0.907858,1.0,0.0,0.0,0.0,0.0,0.0,0.0,0.0,0.0,0.658811,0.0,0.0,0.0,0.0,0.0,0.0,8,24.0,9.0,6.5,3.0,6.595453,333.509934,174.519022,144.856713,79.672912,1.911023,1.0,0.830034,0.456529,0.47574,83.02569
avenue_training_09_clip_000004,avenue,training,09,4,65,96,32,0,0,0.0,11615.022215,4180.307581,4436.600272,43.565718,3519.423458,0,0.0,8.037462,181.413005,105.858737,60.553772,66.255224,8.32565,29.356829,0.421687,0.048193,0.108434,0.072289,0.0,0.0,0.0,0.0,0.036145,0.0,0.228916,0.084337,107.91088,49.472081,39.817291,7.966929,32.525525,0,0.0,1054.825222,492.818683,525.037201,62.811723,316.683602,1.0,0,0.0,0.0,0.0,0.0,0.0,0.0,0.0,0.0,1,338.440031,201.161752,182.413177,151.130415,0.0,0.0,0.0,0.0,57.175271,0.0,96.641066,170.674232,1.0,0.594379,0.538982,0.44655,0.0,0.0,0.0,0.0,0.168938,0.0,0.285549,0.504297,0.0,0.0,0.0,0.0,0.0,0.0,9,31.0,9.222222,7.0,3.0,8.134669,447.809576,181.413005,170.674232,57.175271,2.468454,1.0,0.940805,0.315166,0.601009,109.030872
avenue_training_09_clip_000005,avenue,training,09,5,81,112,32,0,0,0.0,22000.790679,8662.959194,7262.285521,138.523005,7560.901588,0,0.0,-1.749182,265.108608,122.357848,62.178565,62.593735,0.0,35.961584,0.030612,0.040816,0.0,0.0,0.0,0.040816,0.071429,0.0,0.0,0.030612,0.173469,0.612245,178.250818,56.20876,33.216746,5.787328,57.312026,0,0.0,1206.363337,632.083953,733.157237,45.069391,457.106595,0.985714,0,0.0,0.0,0.0,0.0,0.0,0.0,0.0,0.0,1,516.050345,132.021994,0.0,0.0,0.0,48.356464,44.066132,0.0,0.0,684.377054,231.753374,309.464455,0.754044,0.192908,0.0,0.0,0.0,0.070658,0.064389,0.0,0.0,1.0,0.338634,0.452184,0.2,0.014286,0.0,0.0,0.014286,0.051508,14,31.0,7.0,4.0,3.0,7.040698,684.377054,265.108608,213.596062,42.298931,2.581497,1.0,0.805693,0.159553,0.740461,196.302486
avenue_training_09_clip_000006,avenue,training,09,6,97,128,32,0,0,0.0,11521.038641,6351.878934,6604.196728,968.443598,3529.302681,0,0.0,-14.522837,279.74818,103.986706,64.916081,79.780279,11.309932,28.51562,0.136986,0.0,0.0,0.0,0.0,0.041096,0.0,0.0,0.041096,0.150685,0.136986,0.493151,171.132129,51.845218,42.445171,3.37844,47.952629,0,0.0,1309.222097,651.445168,645.295475,63.737744,352.770913,1.0,0,0.0,0.0,0.0,0.0,0.0,0.0,0.0,0.0,1,453.998751,0.0,0.0,0.0,0.0,44.368872,0.0,0.0,234.850792,332.392961,361.808858,198.055784,1.0,0.0,0.0,0.0,0.0,0.097729,0.0,0.0,0.517294,0.732145,0.796938,0.436247,0.0,0.0,0.0,0.0,0.0,0.0,9,31.0,8.111111,5.0,3.0,8.332593,517.331571,279.74818,234.850792,44.368872,1.849276,1.0,0.839508,0.158603,0.519846,145.42601
avenue_training_09_clip_000007,avenue,training,09,7,113,144,32,0,0,0.0,21364.844506,6024.663014,3088.002566,1043.160538,7109.187289,0,0.0,17.273774,236.337785,109.653824,60.429108,65.183208,13.24052,32.873103,0.378378,0.040541,0.0,0.040541,0.0,0.0,0.0,0.0,0.0,0.0,0.0,0.540541,97.418814,37.776784,33.342497,8.234739,28.785683,0,0.0,1058.079038,525.483122,486.079744,97.628121,405.640939,1.0,0,0.0,0.0,0.0,0.0,0.0,0.0,0.0,0.0,1,300.134322,76.76491,0.0,630.782148,0.0,0.0,0.0,0.0,0.0,0.0,0.0,136.781776,0.475813,0.121698,0.0,1.0,0.0,0.0,0.0,0.0,0.0,0.0,0.0,0.216845,0.0,0.0,0.0,0.0,0.0,0.0,6,31.0,12.333333,4.5,3.0,12.215655,630.782148,236.337785,168.135906,74.073516,2.668986,1.0,0.711422,0.313422,0.825391,195.071022
avenue_training_09_clip_000008,avenue,training,09,8,129,160,32,0,0,0.0,10238.668112,5255.208303,3556.652229,1970.304568,3582.85533,0,0.0,-3.122728,220.403649,85.732745,74.621013,80.944577,57.185717,12.482623,0.304348,0.0,0.0,0.0,0.0,0.0,0.0,0.0,0.0,0.0,0.0,0.695652,20.506688,13.671125,19.347648,1.159039,8.860025,0,0.0,893.815557,637.579806,551.843501,467.08036,184.460958,1.0,0,0.0,0.0,0.0,0.0,0.0,0.0,0.0,0.0,1,208.712086,0.0,0.0,0.0,0.0,0.0,0.0,0.0,0.0,0.0,0.0,226.249431,0.922487,0.0,0.0,0.0,0.0,0.0,0.0,0.0,0.0,0.0,0.0,1.0,0.0,0.0,0.0,0.0,0.0,0.0,3,26.0,15.333333,14.0,6.0,8.219219,327.676908,220.403649,208.712086,124.821954,1.486713,1.0,0.946954,0.566333,0.377611,83.226809
avenue_training_09_clip_000009,avenue,training,09,9,145,176,32,0,0,0.0,6555.089107,2353.393176,1039.771614,778.940371,2430.167,0,0.0,-2.132795,114.988173,67.427191,38.634034,36.91321,13.282526,20.523877,0.0,0.37931,0.137931,0.0,0.0,0.0,0.0,0.0,0.241379,0.0,0.0,0.241379,94.55489,58.208767,58.208767,21.862643,31.220955,0,0.0,1122.845159,360.414087,119.877124,79.056942,440.729294,1.0,0,0.0,0.0,0.0,0.0,0.0,0.0,0.0,0.0,1,0.0,219.664822,75.972273,0.0,0.0,0.0,0.0,0.0,103.81199,0.0,0.0,60.503607,0.0,1.0,0.345855,0.0,0.0,0.0,0.0,0.0,0.472593,0.0,0.0,0.275436,0.0,0.0,0.0,0.0,0.0,0.0,4,11.0,7.25,7.0,4.0,2.487469,219.664822,114.988173,89.892132,60.503607,1.910325,1.0,0.781751,0.526172,0.542628,62.395746
avenue_training_09_clip_000010,avenue,training,09,10,161,192,32,0,0,0.0,8959.057037,2832.101575,2188.205255,281.556402,2825.190254,0,0.0,-28.18455,121.913507,103.091718,47.471286,35.196706,11.309932,32.360471,0.0,0.0,0.125,0.0,0.0,0.0,0.0,0.0,0.275,0.0,0.4,0.2,105.834874,42.490524,22.529584,3.501851,36.550194,0,0.0,1272.914962,331.332697,187.5,75.0,392.900025,1.0,0,0.0,0.0,0.0,0.0,0.0,0.0,0.0,0.0,1,0.0,0.0,109.353842,0.0,0.0,0.0,0.0,0.0,105.898766,0.0,195.477591,70.643997,0.0,0.0,0.559419,0.0,0.0,0.0,0.0,0.0,0.541744,0.0,1.0,0.361392,0.0,0.0,0.0,0.0,0.0,0.0,7,9.0,5.714286,5.0,3.0,1.905952,296.447186,121.913507,94.507996,69.368872,2.431619,1.0,0.775205,0.569001,0.616855,75.20295
avenue_training_09_clip_000011,avenue,training,09,11,177,208,32,0,0,0.0,18030.308817,5463.724116,3116.421326,300.258739,5719.485414,0,0.0,6.664772,204.205843,92.864783,42.739729,42.277416,4.398705,26.06921,0.661017,0.050847,0.0,0.101695,0.0,0.0,0.0,0.0,0.0,0.0,0.135593,0.050847,88.947105,36.547146,38.747399,0.220507,28.678401,0,0.0,1261.199826,688.937136,777.114052,51.53882,488.646949,1.0,0,0.0,0.0,0.0,0.0,0.0,0.0,0.0,0.0,1,197.337743,416.507876,0.0,310.342853,0.0,0.0,0.0,0.0,0.0,0.0,131.190521,45.533646,0.473791,1.0,0.0,0.745107,0.0,0.0,0.0,0.0,0.0,0.0,0.314977,0.109322,0.0,0.0,0.0,0.0,0.0,0.0,7,24.0,8.428571,4.0,3.0,7.461466,416.507876,204.205843,167.212893,45.533646,2.039647,1.0,0.818845,0.222979,0.573717,117.156296
avenue_training_09_clip_000012,avenue,training,09,12,193,224,32,0,0,0.0,14376.157513,3668.888024,1847.754522,426.977483,4041.234843,0,0.0,6.861332,149.055186,167.235812,50.223105,43.537641,8.364525,42.35595,0.052632,0.126316,0.052632,0.0,0.0,0.0,0.0,0.0,0.0,0.0,0.073684,0.694737,74.600649,31.630488,36.08911,4.854523,21.755057,0,0.0,1251.561525,342.979262,198.165997,80.039053,333.733146,1.0,0,0.0,0.0,0.0,0.0,0.0,0.0,0.0,0.0,1,116.004534,103.822801,160.15275,0.0,0.0,0.0,0.0,0.0,0.0,0.0,106.639902,197.551347,0.587212,0.525548,0.810689,0.0,0.0,0.0,0.0,0.0,0.0,0.0,0.539809,1.0,0.0,0.0,0.0,0.0,0.0,0.0,12,28.0,7.916667,4.5,3.0,7.330966,363.557682,149.055186,130.315675,67.809474,2.439081,1.0,0.874278,0.454929,0.605628,90.272041
avenue_training_09_clip_000013,avenue,training,09,13,209,240,32,0,0,0.0,12555.57868,5236.401298,5542.599807,375.716141,4168.530958,0,0.0,23.08306,208.096709,85.062139,46.554779,36.245153,15.481878,25.616066,0.43617,0.095745,0.0,0.0,0.0,0.042553,0.0,0.0,0.0,0.0,0.053191,0.37234,129.971056,41.154123,37.388268,0.105772,39.132971,0,0.0,1159.74135,628.117365,655.22073,67.31456,483.41621,1.0,0,0.0,0.0,0.0,0.0,0.0,0.0,0.0,0.0,1,256.926251,79.811993,0.0,0.0,0.0,57.295463,0.0,0.0,0.0,0.0,109.691508,323.597978,0.793967,0.246639,0.0,0.0,0.0,0.177058,0.0,0.0,0.0,0.0,0.338975,1.0,0.0,0.0,0.0,0.0,0.0,0.0,8,22.0,11.75,11.0,4.0,6.552671,432.447207,208.096709,186.555604,57.295463,2.078107,1.0,0.896485,0.275331,0.650725,135.413653
avenue_training_09_clip_000014,avenue,training,09,14,225,256,32,0,0,0.0,8486.10931,4488.004682,4490.719605,1033.576904,2444.439096,0,0.0,-11.846505,200.807,93.453265,49.8179,49.766205,4.316028,25.931063,0.058824,0.029412,0.0,0.0,0.0,0.0,0.0,0.0,0.0,0.058824,0.098039,0.754902,50.874416,24.006847,20.063331,6.205765,17.220663,0,0.0,1350.231462,728.620716,639.124508,132.876823,429.474988,1.0,0,0.0,0.0,0.0,0.0,0.0,0.0,0.0,0.0,1,294.450895,97.688411,0.0,0.0,0.0,0.0,0.0,0.0,0.0,313.947774,205.643898,173.681255,0.937898,0.311161,0.0,0.0,0.0,0.0,0.0,0.0,0.0,1.0,0.655026,0.553217,0.0,0.0,0.0,0.0,0.0,0.0,8,29.0,12.75,9.0,3.0,8.685476,313.947774,200.807,202.093809,76.049085,1.56343,1.0,1.006408,0.378717,0.388262,77.965762
avenue_training_09_clip_000015,avenue,training,09,15,241,272,32,0,0,0.0,29613.749444,6841.637037,4617.786657,533.701959,7458.370981,0,0.0,-9.686297,231.878963,171.285267,71.041003,65.641204,15.915372,34.834578,0.186567,0.022388,0.0,0.0,0.0,0.0,0.0,0.0,0.0,0.0,0.052239,0.738806,54.727636,18.469899,15.868042,0.12603,16.512517,0,0.0,1359.055278,661.700516,632.455532,72.886899,435.208035,1.0,0,0.0,0.0,0.0,0.0,0.0,0.0,0.0,0.0,1,88.865393,292.517409,0.0,0.0,0.0,0.0,0.0,0.0,0.0,0.0,386.966178,240.197225,0.229646,0.755925,0.0,0.0,0.0,0.0,0.0,0.0,0.0,0.0,1.0,0.620719,0.0,0.0,0.0,0.0,0.0,0.0,13,25.0,10.307692,8.0,3.0,7.569012,683.276362,231.878963,205.836166,62.21286,2.946694,1.0,0.887688,0.268299,0.676162,156.787692
avenue_training_09_clip_000016,avenue,training,09,16,257,288,32,0,0,0.0,19335.994646,7686.15175,6716.669143,1206.44156,4794.522243,0,0.0,-0.034086,268.307157,116.565051,79.185441,76.343601,51.336501,18.202987,0.33758,0.019108,0.0,0.0,0.0,0.0,0.0,0.0,0.0,0.0,0.057325,0.585987,46.715029,16.014126,13.649079,0.547457,12.808216,0,0.0,1281.90532,823.614559,983.189308,212.5,389.586566,1.0,0,0.0,0.0,0.0,0.0,0.0,0.0,0.0,0.0,1,370.25839,120.225425,0.0,0.0,0.0,0.0,0.0,0.0,0.0,0.0,156.575634,218.318574,1.0,0.324707,0.0,0.0,0.0,0.0,0.0,0.0,0.0,0.0,0.422882,0.589638,0.0,0.0,0.0,0.0,0.0,0.0,12,31.0,13.083333,10.5,3.0,8.271017,456.145293,268.307157,260.863712,120.225425,1.700086,1.0,0.972258,0.448089,0.402014,107.863371
avenue_training_09_clip_000017,avenue,training,09,17,273,304,32,0,0,0.0,18402.111203,7737.415096,6586.064597,695.744766,4369.166261,0,0.0,-8.314995,269.445311,132.105735,70.628893,69.814256,15.286262,26.783544,0.243655,0.0,0.0,0.0,0.0,0.0,0.0,0.0,0.0,0.035533,0.111675,0.609137,63.779484,17.070434,10.230106,0.373575,17.733521,0,0.0,1301.501537,928.821992,928.48108,185.825859,297.632794,1.0,0,0.0,0.0,0.0,0.0,0.0,0.0,0.0,0.0,1,311.351854,0.0,0.0,0.0,0.0,0.0,0.0,0.0,0.0,117.727056,203.243206,277.827676,1.0,0.0,0.0,0.0,0.0,0.0,0.0,0.0,0.0,0.378116,0.652777,0.892327,0.0,0.0,0.0,0.0,0.0,0.0,12,31.0,16.416667,18.0,4.0,9.945337,557.104897,269.445311,257.154269,117.727056,2.067599,1.0,0.954384,0.436924,0.394878,106.398167
avenue_training_09_clip_000018,avenue,training,09,18,289,320,32,0,0,0.0,14617.256918,8400.513528,8377.890421,310.778276,3788.578729,0,0.0,-3.437766,323.442656,89.587725,54.391583,57.034514,0.629599,22.356275,0.221622,0.043243,0.027027,0.0,0.0,0.0,0.0,0.0,0.0,0.027027,0.032432,0.648649,77.907525,22.499303,12.29771,0.560988,22.956761,0,0.0,1339.834411,913.951259,1046.479658,125.623445,389.085379,1.0,0,0.0,0.0,0.0,0.0,0.0,0.0,0.0,0.0,1,510.968164,366.720469,329.82355,0.0,0.0,0.0,0.0,0.0,0.0,135.574432,211.099741,260.998956,1.0,0.717697,0.645487,0.0,0.0,0.0,0.0,0.0,0.0,0.265329,0.413137,0.510793,0.0,0.0,0.0,0.0,0.0,0.0,16,31.0,11.5625,7.0,3.0,9.013662,1138.053175,323.442656,302.873449,114.434372,3.518562,1.0,0.936406,0.353801,0.707354,228.788531
avenue_training_09_clip_000019,avenue,training,09,19,305,336,32,0,0,0.0,29679.763903,9141.594484,6585.815592,174.323355,9016.07272,0,0.0,-16.341348,306.805241,172.647621,80.299848,78.534706,26.565051,35.8302,0.576159,0.119205,0.0,0.0,0.0,0.0,0.0,0.0,0.02649,0.046358,0.039735,0.192053,90.25781,38.279446,36.843781,4.81718,21.929953,0,0.0,1370.047901,784.492562,908.693984,70.710678,479.09503,1.0,0,0.0,0.0,0.0,0.0,0.0,0.0,0.0,0.0,1,385.380597,194.299132,0.0,0.0,0.0,0.0,0.0,0.0,228.435267,282.961644,367.192108,256.730217,1.0,0.504175,0.0,0.0,0.0,0.0,0.0,0.0,0.592752,0.734239,0.952804,0.666173,0.0,0.0,0.0,0.0,0.0,0.0,14,31.0,10.785714,5.5,3.0,9.711397,668.595278,306.805241,296.038282,55.119574,2.179217,1.0,0.964907,0.179657,0.616167,189.043286
avenue_training_09_clip_000020,avenue,training,09,20,321,352,32,0,0,0.0,10950.387917,5428.484302,5844.852386,769.850758,3068.330296,0,0.0,-5.148192,259.373167,142.958448,70.546231,68.742089,16.295629,26.512886,0.282723,0.036649,0.0,0.0,0.0,0.0,0.0,0.0,0.0,0.0,0.026178,0.65445,44.938392,13.171073,10.397351,0.166951,12.671519,0,0.0,1353.756348,753.329478,678.751151,225.779898,396.320179,1.0,0,0.0,0.0,0.0,0.0,0.0,0.0,0.0,0.0,1,203.815378,395.577086,0.0,0.0,0.0,0.0,0.0,0.0,0.0,0.0,158.241807,275.823268,0.515236,1.0,0.0,0.0,0.0,0.0,0.0,0.0,0.0,0.0,0.400028,0.697268,0.0,0.0,0.0,0.0,0.0,0.0,13,31.0,14.692308,7.0,3.0,11.131277,395.577086,259.373167,264.464,134.335103,1.525127,1.0,1.019627,0.517922,0.336906,87.384379
avenue_training_09_clip_000021,avenue,training,09,21,337,368,32,0,0,0.0,15178.370676,5517.448742,4613.667477,386.271243,4154.12133,0,0.0,-14.494335,226.780291,132.800647,63.771615,64.37526,6.410935,31.98423,0.418994,0.122905,0.0,0.0,0.0,0.0,0.0,0.0,0.0,0.094972,0.055866,0.307263,74.225686,34.615368,33.599858,1.510026,22.586299,0,0.0,1348.726251,662.927126,554.913504,27.95085,445.693684,1.0,0,0.0,0.0,0.0,0.0,0.0,0.0,0.0,0.0,1,231.554249,285.908551,0.0,0.0,0.0,0.0,0.0,0.0,0.0,257.36203,104.627465,229.388823,0.809889,1.0,0.0,0.0,0.0,0.0,0.0,0.0,0.0,0.900155,0.365947,0.802315,0.0,0.0,0.0,0.0,0.0,0.0,16,31.0,11.1875,7.5,3.0,8.179385,504.067264,226.780291,206.747877,20.225425,2.222712,1.0,0.911666,0.089185,0.523448,118.707611
avenue_training_09_clip_000022,avenue,training,09,22,353,384,32,0,0,0.0,28410.04252,7496.46867,5948.555608,135.03337,7107.344706,0,0.0,-7.650301,264.803884,162.162379,69.438624,62.180313,0.0,44.599608,0.559242,0.090047,0.0,0.0,0.0,0.0,0.0,0.0,0.0,0.028436,0.104265,0.218009,72.893213,29.815559,19.343304,3.197685,22.199621,0,0.0,1329.767367,756.266957,704.006392,72.886899,456.478685,1.0,0,0.0,0.0,0.0,0.0,0.0,0.0,0.0,0.0,1,238.222078,336.611673,0.0,0.0,0.0,0.0,0.0,0.0,0.0,425.64666,220.845799,192.378406,0.559671,0.790824,0.0,0.0,0.0,0.0,0.0,0.0,0.0,1.0,0.518848,0.451967,0.0,0.0,0.0,0.0,0.0,0.0,17,31.0,12.411765,12.0,3.0,9.318286,741.8564,264.803884,246.789649,54.714646,2.801531,1.0,0.931971,0.206623,0.595822,157.776024
avenue_training_09_clip_000023,avenue,training,09,23,369,400,32,0,0,0.0,23158.974905,7220.219223,6457.436378,776.795942,6026.659333,0,0.0,-9.225668,262.352997,158.123854,68.271295,60.016296,42.503827,31.371529,0.345324,0.0,0.0,0.0,0.0,0.0,0.0,0.0,0.0,0.028777,0.0,0.625899,59.71788,17.068261,13.955761,1.452865,15.915903,0,0.0,1322.521266,749.994309,976.281209,115.244306,446.255568,1.0,0,0.0,0.0,0.0,0.0,0.0,0.0,0.0,0.0,1,208.984506,0.0,0.0,0.0,0.0,0.0,0.0,0.0,0.0,399.853623,0.0,275.015219,0.522653,0.0,0.0,0.0,0.0,0.0,0.0,0.0,0.0,1.0,0.0,0.68779,0.0,0.0,0.0,0.0,0.0,0.0,11,31.0,12.636364,7.0,3.0,9.865207,437.788827,262.352997,278.895159,72.042561,1.668701,1.0,1.063053,0.274602,0.445982,117.004703
avenue_training_09_clip_000024,avenue,training,09,24,385,416,32,0,0,0.0,14846.353617,5679.135885,5243.442488,690.161525,3523.889428,0,0.0,15.302389,262.574341,164.160251,74.908619,71.162927,20.16999,40.303876,0.337748,0.092715,0.039735,0.019868,0.0,0.0,0.0,0.0,0.0,0.0,0.092715,0.417219,76.380841,31.718606,32.016189,0.664762,21.653616,0,0.0,1245.303678,672.530847,685.901226,123.110723,407.383344,1.0,0,0.0,0.0,0.0,0.0,0.0,0.0,0.0,0.0,1,253.431115,302.582828,423.787142,87.078795,0.0,0.0,0.0,0.0,0.0,0.0,143.07944,319.181004,0.598015,0.713997,1.0,0.205478,0.0,0.0,0.0,0.0,0.0,0.0,0.337621,0.753163,0.0,0.0,0.0,0.0,0.0,0.0,14,31.0,10.785714,6.5,3.0,9.412595,491.262392,262.574341,216.745692,87.078795,1.870946,1.0,0.825464,0.331635,0.48523,127.408822
avenue_training_09_clip_000025,avenue,training,09,25,401,432,32,0,0,0.0,9266.347934,4945.475076,4829.377477,658.807846,2774.75097,0,0.0,1.354268,218.641477,109.474103,59.286052,63.282211,21.702828,27.440843,0.518293,0.054878,0.0,0.0,0.0,0.0,0.0,0.0,0.0,0.0,0.073171,0.353659,48.685049,16.03724,12.312015,1.58692,13.047257,0,0.0,1331.587399,668.230321,574.005097,103.077641,442.949274,1.0,0,0.0,0.0,0.0,0.0,0.0,0.0,0.0,0.0,1,229.178346,296.595101,0.0,0.0,0.0,0.0,0.0,0.0,0.0,0.0,168.809201,184.681668,0.772698,1.0,0.0,0.0,0.0,0.0,0.0,0.0,0.0,0.0,0.569157,0.622673,0.0,0.0,0.0,0.0,0.0,0.0,12,31.0,13.666667,10.5,3.0,9.723968,363.848879,218.641477,186.948149,75.246991,1.664135,1.0,0.855044,0.344157,0.412356,90.158002
avenue_training_09_clip_000026,avenue,training,09,26,417,448,32,0,0,0.0,16907.453338,6235.425409,4976.115456,531.147866,4676.47621,0,0.0,13.17826,265.932244,97.839762,57.909026,61.925491,6.115504,24.108348,0.207921,0.19802,0.0,0.019802,0.0,0.0,0.0,0.0,0.0,0.0,0.039604,0.534653,90.233859,24.425716,18.027811,0.37299,22.227825,0,0.0,1367.536563,753.667406,762.637683,127.475488,397.530329,1.0,0,0.0,0.0,0.0,0.0,0.0,0.0,0.0,0.0,1,238.347771,313.310828,0.0,151.01226,0.0,0.0,0.0,0.0,0.0,0.0,459.156944,239.685384,0.519099,0.682361,0.0,0.32889,0.0,0.0,0.0,0.0,0.0,0.0,1.0,0.522012,0.0,0.0,0.0,0.0,0.0,0.0,16,31.0,12.625,8.0,3.0,9.91763,540.871575,265.932244,216.999259,81.207025,2.03387,1.0,0.815994,0.305367,0.519007,138.020586
avenue_training_09_clip_000027,avenue,training,09,27,433,464,32,0,0,0.0,18118.662216,5729.6064,3875.746644,754.768549,4985.431302,0,0.0,3.436349,242.99245,118.081812,66.064491,62.81616,12.4459,27.896864,0.585366,0.060976,0.0,0.0,0.0,0.0,0.0,0.0,0.0,0.0,0.0,0.353659,40.306515,16.950696,13.620877,3.263806,8.841086,0,0.0,1363.015957,655.307585,615.553613,80.039053,468.151385,1.0,0,0.0,0.0,0.0,0.0,0.0,0.0,0.0,0.0,1,317.215255,344.328105,0.0,0.0,0.0,0.0,0.0,0.0,0.0,0.0,0.0,156.102687,0.921259,1.0,0.0,0.0,0.0,0.0,0.0,0.0,0.0,0.0,0.0,0.453354,0.0,0.0,0.0,0.0,0.0,0.0,17,31.0,9.647059,7.0,3.0,7.070578,492.423324,242.99245,215.577451,51.181128,2.026496,1.0,0.887178,0.210628,0.573203,139.283957
avenue_training_09_clip_000028,avenue,training,09,28,449,480,32,0,0,0.0,12757.592138,4661.402844,3387.452155,26.1413,4239.90922,0,0.0,7.850284,210.345143,102.583831,52.229042,56.183339,1.796846,31.387925,0.529412,0.058824,0.022059,0.0,0.0,0.0,0.0,0.0,0.0,0.0,0.044118,0.345588,72.715216,22.940975,22.060756,0.805235,18.133288,0,0.0,1187.763129,564.450912,458.428021,100.778222,399.175837,0.977778,0,0.0,0.0,0.0,0.0,0.0,0.0,0.0,0.0,1,204.084519,319.133874,114.21831,0.0,0.0,0.0,0.0,0.0,0.0,0.0,169.675325,202.098862,0.639495,1.0,0.357901,0.0,0.0,0.0,0.0,0.0,0.0,0.0,0.531674,0.633273,0.333333,0.022222,0.0,0.0,0.022222,0.083148,15,30.0,9.066667,6.0,3.0,8.103223,466.824508,210.345143,178.784476,69.996451,2.219326,1.0,0.849958,0.33277,0.501127,105.40958
avenue_training_09_clip_000029,avenue,training,09,29,465,496,32,0,0,0.0,30808.058262,6902.296612,2335.769832,1276.802207,8926.594473,0,0.0,-15.755448,244.266787,76.733435,45.434828,46.444012,14.177481,17.30309,0.257576,0.0,0.0,0.0,0.0,0.0,0.0,0.0,0.0,0.022727,0.037879,0.681818,51.744552,18.865056,11.387927,3.642698,14.561113,0,0.0,1273.283158,665.056712,592.66348,197.642354,356.901091,1.0,0,0.0,0.0,0.0,0.0,0.0,0.0,0.0,0.0,1,198.859253,0.0,0.0,0.0,0.0,0.0,0.0,0.0,0.0,633.838835,297.800227,173.808703,0.313738,0.0,0.0,0.0,0.0,0.0,0.0,0.0,0.0,1.0,0.469836,0.274216,0.0,0.0,0.0,0.0,0.0,0.0,9,31.0,14.666667,13.0,3.0,10.176225,633.838835,244.266787,176.167721,103.289143,2.594863,1.0,0.72121,0.422854,0.639079,156.105701
avenue_training_09_clip_000030,avenue,training,09,30,481,512,32,0,0,0.0,15176.345705,4075.958421,2968.540546,388.068017,3699.062429,0,0.0,-7.689693,237.008315,171.689723,63.008486,54.830262,1.397181,45.850294,0.13089,0.041885,0.015707,0.0,0.0,0.0,0.0,0.0,0.0,0.015707,0.157068,0.638743,75.856603,24.594042,9.8886,3.798186,24.180679,0,0.0,1276.347327,582.326109,479.244316,95.197164,392.224203,1.0,0,0.0,0.0,0.0,0.0,0.0,0.0,0.0,0.0,1,215.083162,225.247036,81.255862,0.0,0.0,0.0,0.0,0.0,0.0,147.663014,210.765042,284.438211,0.756168,0.791901,0.285671,0.0,0.0,0.0,0.0,0.0,0.0,0.519139,0.740987,1.0,0.0,0.0,0.0,0.0,0.0,0.0,16,31.0,11.9375,7.5,3.0,9.555553,465.8128,237.008315,203.764533,81.255862,1.965386,1.0,0.859735,0.34284,0.551959,130.818887
avenue_training_09_clip_000031,avenue,training,09,31,497,528,32,0,0,0.0,16063.450825,6405.820247,4784.12952,122.097557,5032.834718,0,0.0,-15.425584,315.611037,173.238761,78.422048,73.746813,8.130102,44.70852,0.661765,0.0,0.0,0.0,0.0,0.0,0.0,0.0,0.04902,0.029412,0.098039,0.161765,82.333392,26.507967,21.853265,0.745794,17.627902,0,0.0,1350.231462,725.103439,799.079743,79.056942,383.828036,1.0,0,0.0,0.0,0.0,0.0,0.0,0.0,0.0,0.0,1,238.905639,0.0,0.0,0.0,0.0,0.0,0.0,0.0,70.546067,690.374204,339.783713,410.648329,0.346052,0.0,0.0,0.0,0.0,0.0,0.0,0.0,0.102185,1.0,0.492173,0.59482,0.0,0.0,0.0,0.0,0.0,0.0,18,31.0,11.333333,7.0,3.0,9.303524,888.441921,315.611037,257.52828,66.102958,2.81499,1.0,0.815967,0.209444,0.657079,207.381267
avenue_training_09_clip_000032,avenue,training,09,32,513,544,32,0,0,0.0,19717.561824,6535.156957,5203.755956,409.330717,5688.820106,0,0.0,3.110481,244.656852,131.021917,65.745829,64.6699,6.264404,33.153305,0.675824,0.038462,0.016484,0.021978,0.0,0.0,0.0,0.0,0.0,0.049451,0.032967,0.164835,97.114289,29.255259,21.232787,0.014846,27.462421,0,0.0,1339.601153,693.415061,655.773637,55.901699,453.23921,1.0,0,0.0,0.0,0.0,0.0,0.0,0.0,0.0,0.0,1,298.479444,195.917602,121.25448,610.960606,0.0,0.0,0.0,0.0,0.0,145.405617,396.965598,149.459392,0.488541,0.320671,0.198465,1.0,0.0,0.0,0.0,0.0,0.0,0.237995,0.64974,0.24463,0.0,0.0,0.0,0.0,0.0,0.0,19,30.0,9.578947,6.0,3.0,8.324446,610.960606,244.656852,243.096148,47.715085,2.497214,1.0,0.993621,0.195029,0.576313,140.998943
avenue_training_09_clip_000033,avenue,training,09,33,529,560,32,0,0,0.0,18716.230126,4165.160375,2616.263166,367.232325,4375.712541,0,0.0,-11.824996,179.441566,114.699353,63.866957,67.833654,1.624976,29.471652,0.259542,0.083969,0.0,0.0,0.022901,0.0,0.0,0.0,0.022901,0.091603,0.030534,0.48855,143.871925,38.566028,34.985309,1.834151,38.348732,0,0.0,1232.692683,387.897774,319.423308,103.077641,300.821625,1.0,0,0.0,0.0,0.0,0.0,0.0,0.0,0.0,0.0,1,244.728291,154.685627,0.0,0.0,95.732994,0.0,0.0,0.0,242.888591,146.722365,325.521655,155.867948,0.751803,0.475193,0.0,0.0,0.294091,0.0,0.0,0.0,0.746152,0.45073,1.0,0.478825,0.0,0.0,0.0,0.0,0.0,0.0,15,31.0,8.733333,5.0,3.0,8.955197,338.92193,179.441566,150.534653,60.376718,1.888759,1.0,0.838906,0.33647,0.460839,82.693671
avenue_training_09_clip_000034,avenue,training,09,34,545,576,32,0,0,0.0,14055.992407,6213.237794,5835.514355,337.613446,3912.838668,0,0.0,4.43126,255.772899,177.614056,75.270898,70.938578,26.565051,34.76176,0.327731,0.05042,0.042017,0.0,0.0,0.0,0.0,0.0,0.0,0.0,0.07563,0.504202,60.308315,22.807723,10.157524,1.019818,20.761913,0,0.0,1151.222177,639.682713,649.359231,53.033009,326.771784,1.0,0,0.0,0.0,0.0,0.0,0.0,0.0,0.0,0.0,1,194.316798,111.998658,465.875552,0.0,0.0,0.0,0.0,0.0,0.0,0.0,302.186831,301.861373,0.4171,0.240405,1.0,0.0,0.0,0.0,0.0,0.0,0.0,0.0,0.648643,0.647944,0.0,0.0,0.0,0.0,0.0,0.0,14,25.0,8.5,5.5,3.0,6.997449,581.380152,255.772899,238.434973,46.28074,2.273033,1.0,0.932214,0.180945,0.530496,135.686431
avenue_training_09_clip_000035,avenue,training,09,35,561,592,32,0,0,0.0,7887.480965,4572.445127,5465.441064,817.007029,2080.810427,0,0.0,-5.895569,194.936231,87.20033,53.127333,53.405496,26.488258,17.682544,0.65625,0.0,0.0,0.0,0.0,0.0,0.0,0.0,0.0,0.03125,0.085938,0.226562,80.072587,25.892664,20.152547,5.053517,20.313938,0,0.0,1162.16393,631.298988,584.433486,156.624551,297.954575,1.0,0,0.0,0.0,0.0,0.0,0.0,0.0,0.0,0.0,1,195.156828,0.0,0.0,0.0,0.0,0.0,0.0,0.0,0.0,270.994234,301.324086,133.679751,0.647664,0.0,0.0,0.0,0.0,0.0,0.0,0.0,0.0,0.899345,1.0,0.443641,0.0,0.0,0.0,0.0,0.0,0.0,11,21.0,11.636364,11.0,4.0,6.0943,301.324086,194.936231,181.57137,91.152184,1.545757,1.0,0.93144,0.4676,0.340085,66.294889
avenue_training_09_clip_000036,avenue,training,09,36,577,608,32,0,0,0.0,13139.572757,5344.515913,3997.847408,304.911925,4217.421332,0,0.0,17.960589,176.95408,135.0,53.676243,51.99588,0.0,31.513944,0.37931,0.215517,0.0,0.025862,0.0,0.025862,0.0,0.0,0.0,0.034483,0.0,0.318966,135.47436,43.512789,20.378321,8.612842,40.598512,0,0.0,1365.936034,574.067367,499.061619,35.355339,411.193221,1.0,0,0.0,0.0,0.0,0.0,0.0,0.0,0.0,0.0,1,239.865058,152.674308,0.0,217.396771,0.0,55.901699,0.0,0.0,0.0,384.471782,0.0,104.113788,0.623882,0.397101,0.0,0.565443,0.0,0.145399,0.0,0.0,0.0,1.0,0.0,0.270797,0.0,0.0,0.0,0.0,0.0,0.0,11,25.0,10.545455,7.0,3.0,8.403069,384.471782,176.95408,160.023491,23.92767,2.172721,1.0,0.904322,0.13522,0.578926,102.443353
avenue_training_09_clip_000037,avenue,training,09,37,593,624,32,0,0,0.0,12811.751176,4765.999791,5198.160925,193.317125,4127.277559,0,0.0,-0.875211,184.814005,135.0,70.552473,53.439217,16.486868,38.172527,0.423729,0.135593,0.0,0.0,0.0,0.0,0.0,0.0,0.0,0.0,0.338983,0.101695,51.907092,23.164246,18.758877,2.029697,17.768571,0,0.0,1179.578844,468.529282,454.338652,76.034532,348.839273,1.0,0,0.0,0.0,0.0,0.0,0.0,0.0,0.0,0.0,1,221.283367,199.939543,0.0,0.0,0.0,0.0,0.0,0.0,0.0,0.0,189.422213,99.704305,1.0,0.903545,0.0,0.0,0.0,0.0,0.0,0.0,0.0,0.0,0.856016,0.450573,0.0,0.0,0.0,0.0,0.0,0.0,9,12.0,6.555556,6.0,3.0,2.832789,323.148853,184.814005,181.946844,64.442559,1.748508,1.0,0.984486,0.348689,0.477363,88.223449
avenue_training_09_clip_000038,avenue,training,09,38,609,640,32,0,0,0.0,14251.947248,3969.289958,3015.916775,112.48283,4156.221005,0,0.0,43.169947,159.101141,140.906141,79.382373,81.350329,0.0,43.190127,0.649351,0.038961,0.142857,0.0,0.038961,0.051948,0.0,0.0,0.0,0.0,0.038961,0.038961,125.60003,50.806054,40.074269,1.830053,33.799533,0,0.0,1056.601273,372.415962,362.762952,50.0,299.178442,1.0,0,0.0,0.0,0.0,0.0,0.0,0.0,0.0,0.0,1,183.546166,61.871843,282.672993,0.0,151.606363,52.52313,0.0,0.0,0.0,0.0,47.750343,161.275246,0.649323,0.218881,1.0,0.0,0.536331,0.185809,0.0,0.0,0.0,0.0,0.168924,0.570536,0.0,0.0,0.0,0.0,0.0,0.0,10,20.0,7.7,4.5,3.0,6.229767,305.915007,159.101141,156.440805,47.750343,1.922771,1.0,0.983279,0.300126,0.52275,83.170189
avenue_training_09_clip_000039,avenue,training,09,39,625,656,32,0,0,0.0,21592.041941,6349.811703,5731.475742,221.22626,5743.537235,0,0.0,-5.827844,266.267012,174.889582,85.459611,87.30482,2.337306,48.559538,0.373626,0.076923,0.0,0.0,0.0,0.0,0.0,0.0,0.0,0.065934,0.032967,0.450549,54.235676,20.838394,19.475085,2.465825,17.61672,0,0.0,1305.995789,641.585901,547.926225,76.034532,406.678084,1.0,0,0.0,0.0,0.0,0.0,0.0,0.0,0.0,0.0,1,198.77138,276.231241,0.0,0.0,0.0,0.0,0.0,0.0,0.0,192.081503,494.340839,260.494756,0.402094,0.558787,0.0,0.0,0.0,0.0,0.0,0.0,0.0,0.388561,1.0,0.526954,0.0,0.0,0.0,0.0,0.0,0.0,10,31.0,9.1,5.5,3.0,8.893256,494.340839,266.267012,242.198986,71.610006,1.856561,1.0,0.909609,0.268941,0.465792,124.02511
avenue_training_09_clip_000040,avenue,training,09,40,641,672,32,0,0,0.0,9124.099209,4217.545766,3867.506149,109.071978,3136.398919,0,0.0,-0.84116,193.365212,102.1034,63.221279,79.531063,12.528808,32.771584,0.505882,0.035294,0.0,0.070588,0.0,0.0,0.0,0.0,0.035294,0.0,0.035294,0.317647,109.459487,43.575666,35.360695,0.190332,36.802003,0,0.0,1319.209043,594.560349,474.357673,45.069391,493.840697,0.9375,0,0.0,0.0,0.0,0.0,0.0,0.0,0.0,0.0,1,309.601825,40.75642,0.0,164.37307,0.0,0.0,0.0,0.0,53.72026,0.0,70.955777,298.956258,1.0,0.131641,0.0,0.530918,0.0,0.0,0.0,0.0,0.173514,0.0,0.229184,0.965615,0.5,0.0625,0.0,0.0,0.0625,0.165359,8,29.0,10.625,7.0,3.0,8.81671,403.643564,193.365212,189.966578,40.75642,2.087467,1.0,0.982423,0.210774,0.649425,125.576283
avenue_training_09_clip_000041,avenue,training,09,41,657,688,32,0,0,0.0,17681.233617,5617.997297,5346.883486,79.982181,4594.055359,0,0.0,-3.528561,220.396631,136.54175,80.122323,83.820075,29.664971,35.165351,0.449275,0.0,0.0,0.144928,0.0,0.0,0.0,0.0,0.0,0.0,0.289855,0.115942,110.996557,35.004829,26.851776,6.162125,28.168863,0,0.0,1253.99362,553.808836,383.09423,45.069391,371.224899,1.0,0,0.0,0.0,0.0,0.0,0.0,0.0,0.0,0.0,1,202.677951,0.0,0.0,119.982668,0.0,0.0,0.0,0.0,0.0,0.0,286.885044,206.308353,0.706478,0.0,0.0,0.418226,0.0,0.0,0.0,0.0,0.0,0.0,1.0,0.719132,0.0,0.0,0.0,0.0,0.0,0.0,10,12.0,6.9,6.0,3.0,3.04795,506.854902,220.396631,205.686896,40.532028,2.29974,1.0,0.933258,0.183905,0.551503,121.549454
avenue_training_09_clip_000042,avenue,training,09,42,673,704,32,0,0,0.0,8583.444805,3901.996361,3616.300364,605.231829,2325.049366,0,0.0,9.629913,191.823939,85.829845,51.868323,52.014133,4.085617,25.351572,0.212903,0.258065,0.23871,0.0,0.0,0.0,0.019355,0.0,0.0,0.0,0.116129,0.154839,170.692421,39.560217,32.437327,0.345737,42.210889,0,0.0,1365.306742,572.509357,451.579857,63.737744,372.616383,1.0,0,0.0,0.0,0.0,0.0,0.0,0.0,0.0,0.0,1,268.955869,178.742697,207.530297,0.0,0.0,0.0,91.688594,0.0,0.0,0.0,99.77655,129.713774,1.0,0.66458,0.771615,0.0,0.0,0.0,0.340906,0.0,0.0,0.0,0.370977,0.482286,0.0,0.0,0.0,0.0,0.0,0.0,14,22.0,11.071429,9.0,3.0,6.829184,409.6333,191.823939,193.522338,51.633107,2.135465,1.0,1.008854,0.269169,0.462898,88.794819
avenue_training_09_clip_000043,avenue,training,09,43,689,720,32,0,0,0.0,25403.862656,7897.955957,5556.035579,217.999288,6845.596033,0,0.0,14.00743,263.331468,159.691558,65.997992,70.822817,6.766175,35.520739,0.335196,0.0,0.039106,0.100559,0.022346,0.0,0.0,0.0,0.01676,0.0,0.139665,0.346369,119.639296,44.341831,33.971029,4.226274,35.294426,0,0.0,1275.551351,674.053658,674.326069,76.034532,364.165962,1.0,0,0.0,0.0,0.0,0.0,0.0,0.0,0.0,0.0,1,247.21647,0.0,182.068009,415.65416,279.289314,0.0,0.0,0.0,71.674546,0.0,363.205868,246.3801,0.594765,0.0,0.438028,1.0,0.671927,0.0,0.0,0.0,0.172438,0.0,0.873817,0.592753,0.0,0.0,0.0,0.0,0.0,0.0,18,31.0,9.944444,6.0,3.0,8.429263,666.191136,263.331468,261.844938,67.296788,2.529858,1.0,0.994355,0.255559,0.597996,157.471198
avenue_training_09_clip_000044,avenue,training,09,44,705,736,32,0,0,0.0,13528.940334,4681.954459,3727.055672,347.326117,3783.296882,0,0.0,-12.281321,204.595833,158.385221,75.19568,75.669893,8.130102,31.324241,0.373134,0.0,0.049751,0.0199,0.0,0.0,0.014925,0.0,0.014925,0.044776,0.044776,0.437811,145.218679,37.677891,21.923463,0.830602,39.088365,0,0.0,1350.925609,540.52693,403.112887,67.31456,419.882864,1.0,0,0.0,0.0,0.0,0.0,0.0,0.0,0.0,0.0,1,218.866507,0.0,163.501044,81.16434,0.0,0.0,134.958641,0.0,113.539305,345.764829,201.375668,193.251965,0.632992,0.0,0.472868,0.234739,0.0,0.0,0.390319,0.0,0.328371,1.0,0.582406,0.558912,0.0,0.0,0.0,0.0,0.0,0.0,21,30.0,9.571429,6.0,3.0,7.706345,574.346066,204.595833,165.366296,56.860258,2.807223,1.0,0.808258,0.277915,0.631105,129.121416
avenue_training_09_clip_000045,avenue,training,09,45,721,752,32,0,0,0.0,25632.439422,8402.620872,6283.101816,0.0,8015.962438,0,0.0,6.811742,256.92362,134.195998,81.276809,75.642287,0.0,34.243791,0.247619,0.142857,0.047619,0.028571,0.0,0.0,0.0,0.028571,0.0,0.0,0.27619,0.228571,141.811742,39.382949,28.626183,0.368023,39.92042,0,0.0,1360.6639,732.932725,798.036703,53.033009,427.196818,1.0,0,0.0,0.0,0.0,0.0,0.0,0.0,0.0,0.0,1,231.563098,319.064066,120.142216,537.648788,0.0,0.0,0.0,53.033009,0.0,0.0,274.866762,226.464279,0.430696,0.593443,0.223459,1.0,0.0,0.0,0.0,0.098639,0.0,0.0,0.511239,0.421212,0.0,0.0,0.0,0.0,0.0,0.0,14,20.0,7.5,6.0,3.0,4.54737,537.648788,256.92362,226.887552,53.033009,2.092641,1.0,0.883093,0.206415,0.522869,134.337249
avenue_training_09_clip_000046,avenue,training,09,46,737,768,32,0,0,0.0,12577.882373,3895.264326,2129.93992,357.038788,4052.044782,0,0.0,8.536927,160.874264,122.68972,56.46538,54.058162,13.981116,30.137828,0.071429,0.571429,0.0,0.0,0.0,0.0,0.0,0.0,0.0,0.053571,0.178571,0.125,93.503931,44.381205,40.601268,3.979825,23.376321,0,0.0,1034.18144,378.741705,237.82872,67.31456,308.39266,1.0,0,0.0,0.0,0.0,0.0,0.0,0.0,0.0,0.0,1,147.503795,162.557269,0.0,0.0,0.0,0.0,0.0,0.0,0.0,112.497153,91.415079,283.666001,0.519991,0.573059,0.0,0.0,0.0,0.0,0.0,0.0,0.0,0.396583,0.322263,1.0,0.0,0.0,0.0,0.0,0.0,0.0,9,11.0,6.222222,6.0,3.0,2.819684,381.994946,160.874264,135.390897,60.173784,2.374494,1.0,0.841595,0.374042,0.614632,98.878496
avenue_training_09_clip_000047,avenue,training,09,47,753,784,32,0,0,0.0,8644.912893,4004.528012,3617.338075,138.523005,3047.460803,0,0.0,-39.236136,156.763403,92.35789,43.963293,38.892345,5.710593,35.263905,0.578947,0.0,0.0,0.0,0.0,0.0,0.157895,0.0,0.0,0.0,0.0,0.263158,114.701356,57.350678,42.264339,30.172677,33.477601,0,0.0,1005.376173,445.159492,365.096201,45.069391,353.120879,0.964286,0,0.0,0.0,0.0,0.0,0.0,0.0,0.0,0.0,1,209.391905,0.0,0.0,0.0,0.0,0.0,42.298931,0.0,0.0,0.0,0.0,165.970872,1.0,0.0,0.0,0.0,0.0,0.0,0.202008,0.0,0.0,0.0,0.0,0.792633,0.142857,0.035714,0.0,0.0,0.035714,0.061859,4,8.0,4.75,4.0,3.0,2.046338,212.222087,156.763403,186.266298,42.298931,1.353773,1.0,1.1882,0.269827,0.436655,68.4515
avenue_training_09_clip_000048,avenue,training,09,48,769,800,32,0,0,0.0,4488.818798,1809.883945,1102.949664,544.817653,1589.220514,0,0.0,-20.971407,109.817368,50.637154,43.005562,47.199353,26.98639,9.482947,0.21875,0.0,0.0,0.0,0.0,0.0,0.0,0.0,0.0,0.0,0.09375,0.6875,23.566108,13.396391,13.396391,3.226673,7.826264,0,0.0,573.639695,224.927052,123.505786,79.056942,202.314751,1.0,0,0.0,0.0,0.0,0.0,0.0,0.0,0.0,0.0,1,80.683174,0.0,0.0,0.0,0.0,0.0,0.0,0.0,0.0,0.0,81.67111,138.457594,0.582728,0.0,0.0,0.0,0.0,0.0,0.0,0.0,0.0,0.0,0.589864,1.0,0.0,0.0,0.0,0.0,0.0,0.0,4,18.0,8.0,5.5,3.0,5.958188,224.886717,109.817368,81.177142,52.028471,2.047825,1.0,0.739201,0.473773,0.614598,67.493564
avenue_training_09_clip_000049,avenue,training,09,49,785,816,32,0,0,0.0,10477.064083,4951.570198,3757.253249,780.793348,3205.549465,0,0.0,6.226259,223.047815,104.719159,70.704351,75.117857,21.608571,27.84279,0.381818,0.072727,0.0,0.0,0.0,0.0,0.0,0.0,0.0,0.0,0.090909,0.454545,57.549936,27.814926,21.896889,9.334818,18.041206,0,0.0,783.521697,504.938659,569.497554,135.208173,221.069188,1.0,0,0.0,0.0,0.0,0.0,0.0,0.0,0.0,0.0,1,204.698944,270.843715,0.0,0.0,0.0,0.0,0.0,0.0,0.0,0.0,272.761892,180.58445,0.750468,0.992968,0.0,0.0,0.0,0.0,0.0,0.0,0.0,0.0,1.0,0.662059,0.0,0.0,0.0,0.0,0.0,0.0,6,25.0,9.166667,7.0,4.0,7.174414,390.019762,223.047815,225.714082,90.492647,1.748593,1.0,1.011953,0.40571,0.448384,100.011064
avenue_training_09_clip_000050,avenue,training,09,50,801,832,32,0,0,0.0,8285.439466,2793.414149,2696.474784,125.676356,2587.260706,0,0.0,-21.424276,166.760992,120.911015,64.170607,64.653824,29.744881,31.177436,0.333333,0.0,0.0,0.0,0.0,0.0,0.0,0.0,0.05,0.0,0.05,0.566667,77.793198,22.945684,22.212569,2.228378,22.847884,0,0.0,1215.010288,379.272408,218.75,35.355339,361.947282,0.962963,0,0.0,0.0,0.0,0.0,0.0,0.0,0.0,0.0,1,276.664576,0.0,0.0,0.0,0.0,0.0,0.0,0.0,31.653094,0.0,57.638282,145.390956,1.0,0.0,0.0,0.0,0.0,0.0,0.0,0.0,0.11441,0.0,0.208333,0.525513,0.333333,0.037037,0.0,0.0,0.037037,0.104756,9,23.0,6.666667,4.0,3.0,6.091889,442.86794,166.760992,159.764111,31.653094,2.655705,1.0,0.958042,0.189811,0.705615,117.668971
avenue_training_09_clip_000051,avenue,training,09,51,817,848,32,0,0,0.0,8919.694058,4040.436202,3683.688503,505.810892,2610.505228,0,0.0,-1.2035,206.115347,162.98093,86.932893,78.548181,18.592875,41.128431,0.723077,0.046154,0.0,0.0,0.0,0.0,0.0,0.0,0.0,0.061538,0.0,0.169231,75.538053,26.417718,22.114412,9.176198,19.257009,0,0.0,755.190373,380.95754,374.953701,139.754249,212.28002,1.0,0,0.0,0.0,0.0,0.0,0.0,0.0,0.0,0.0,1,174.170145,121.908952,0.0,0.0,0.0,0.0,0.0,0.0,0.0,225.956909,0.0,318.160769,0.547428,0.383168,0.0,0.0,0.0,0.0,0.0,0.0,0.0,0.710197,0.0,1.0,0.0,0.0,0.0,0.0,0.0,0.0,9,31.0,7.222222,4.0,3.0,8.534606,377.736153,206.115347,183.965903,112.523311,1.832644,1.0,0.892539,0.545924,0.399969,82.439844
avenue_training_09_clip_000052,avenue,training,09,52,833,864,32,0,0,0.0,16886.116696,7487.162538,5628.893301,3894.608008,4111.741815,0,0.0,9.965862,273.856564,89.547493,65.389593,78.747614,4.240378,28.225011,0.272727,0.102273,0.045455,0.0,0.0,0.0,0.0,0.0,0.0,0.0,0.056818,0.522727,71.551125,27.881242,21.530133,1.081047,23.29074,0,0.0,1234.908904,826.810382,810.372547,265.165043,337.713796,1.0,0,0.0,0.0,0.0,0.0,0.0,0.0,0.0,0.0,1,320.222598,292.279929,189.238317,0.0,0.0,0.0,0.0,0.0,0.0,0.0,225.979792,261.343343,1.0,0.91274,0.590959,0.0,0.0,0.0,0.0,0.0,0.0,0.0,0.705696,0.81613,0.0,0.0,0.0,0.0,0.0,0.0,8,29.0,11.0,8.5,4.0,7.729812,513.913771,273.856564,244.380187,183.973439,1.87658,1.0,0.892366,0.671788,0.362609,99.303013
avenue_training_09_clip_000053,avenue,training,09,53,849,880,32,0,0,0.0,20020.370812,7158.418886,6678.50473,852.706426,4744.490684,0,0.0,-22.273165,253.58156,154.763736,74.489973,64.85219,26.986313,34.012428,0.2,0.030769,0.0,0.0,0.0,0.0,0.0,0.0,0.030769,0.023077,0.115385,0.6,69.149466,28.362962,24.742237,2.59344,20.356671,0,0.0,955.248659,598.553902,637.269639,152.069063,229.221242,1.0,0,0.0,0.0,0.0,0.0,0.0,0.0,0.0,0.0,1,218.330445,106.591387,0.0,0.0,0.0,0.0,0.0,0.0,200.761256,333.244448,261.727334,281.283642,0.655166,0.319859,0.0,0.0,0.0,0.0,0.0,0.0,0.602444,1.0,0.785391,0.844076,0.0,0.0,0.0,0.0,0.0,0.0,14,31.0,9.285714,6.0,3.0,8.057194,462.907416,253.58156,254.938499,106.591387,1.825477,1.0,1.005351,0.420344,0.336156,85.242874
avenue_training_09_clip_000054,avenue,training,09,54,865,896,32,0,0,0.0,11381.755648,5409.817102,5327.34416,179.78157,3315.825812,0,0.0,13.652677,273.858649,138.24512,74.045209,72.541885,19.025096,27.405636,0.147239,0.251534,0.0,0.0,0.0,0.0,0.0,0.0,0.0,0.0,0.02454,0.576687,45.886791,19.455,17.809281,0.415644,13.848694,0,0.0,1138.323877,668.066634,701.783442,45.500687,338.181401,1.0,0,0.0,0.0,0.0,0.0,0.0,0.0,0.0,0.0,1,316.868768,265.657236,0.0,0.0,0.0,0.0,0.0,0.0,0.0,0.0,292.559333,233.669525,1.0,0.838383,0.0,0.0,0.0,0.0,0.0,0.0,0.0,0.0,0.923282,0.737433,0.0,0.0,0.0,0.0,0.0,0.0,15,31.0,10.866667,7.0,3.0,8.785341,726.586491,273.858649,271.64436,36.725768,2.653144,1.0,0.991914,0.134105,0.625099,171.188718
avenue_training_09_clip_000055,avenue,training,09,55,881,912,32,0,0,0.0,13398.437941,5498.112785,5343.100722,723.776369,3519.186844,0,0.0,-8.186622,246.240143,144.803481,76.006201,70.87794,32.091251,30.084302,0.333333,0.065657,0.0,0.020202,0.0,0.0,0.0,0.0,0.0,0.060606,0.0,0.520202,99.024744,25.731569,13.41715,0.433163,28.416317,0,0.0,1364.10456,688.617615,788.730688,95.40211,392.229493,1.0,0,0.0,0.0,0.0,0.0,0.0,0.0,0.0,0.0,1,200.846508,246.185218,0.0,133.119288,0.0,0.0,0.0,0.0,0.0,281.662196,0.0,267.182827,0.713076,0.874044,0.0,0.47262,0.0,0.0,0.0,0.0,0.0,1.0,0.0,0.948593,0.0,0.0,0.0,0.0,0.0,0.0,18,29.0,11.0,7.5,3.0,8.313309,465.967708,246.240143,245.936128,76.033091,1.89233,1.0,0.998765,0.308776,0.454623,111.946444
avenue_training_09_clip_000056,avenue,training,09,56,897,928,32,0,0,0.0,8197.247818,3677.86141,3690.977492,290.785297,2161.732484,0,0.0,9.915579,183.304837,106.751718,64.033615,59.036243,32.163121,21.9135,0.284553,0.0,0.105691,0.0,0.0,0.0,0.0,0.0,0.0,0.056911,0.0,0.552846,70.223882,24.837081,17.001823,0.786506,22.507091,0,0.0,1018.730828,457.803039,485.412196,103.077641,261.91883,1.0,0,0.0,0.0,0.0,0.0,0.0,0.0,0.0,0.0,1,165.539549,0.0,129.779201,0.0,0.0,0.0,0.0,0.0,0.0,160.478835,0.0,227.04558,0.729103,0.0,0.5716,0.0,0.0,0.0,0.0,0.0,0.0,0.706813,0.0,1.0,0.0,0.0,0.0,0.0,0.0,0.0,13,30.0,9.461538,7.0,3.0,7.001268,344.965195,183.304837,172.664243,74.455714,1.881921,1.0,0.941951,0.406185,0.43738,80.173959
avenue_training_09_clip_000057,avenue,training,09,57,913,944,32,0,0,0.0,20519.064861,5181.787444,4025.758231,54.405514,5609.414487,0,0.0,-1.670251,221.544245,133.754636,72.965314,75.963757,13.24052,31.596884,0.317241,0.041379,0.0,0.0,0.0,0.0,0.0,0.0,0.0,0.055172,0.02069,0.565517,65.886254,21.415764,10.371347,0.348978,20.557911,0,0.0,1245.115456,547.88914,597.945702,72.886899,374.760048,0.997778,0,0.0,0.0,0.0,0.0,0.0,0.0,0.0,0.0,1,194.99996,155.927043,0.0,0.0,0.0,0.0,0.0,0.0,0.0,145.605464,464.707984,231.570899,0.419618,0.335538,0.0,0.0,0.0,0.0,0.0,0.0,0.0,0.313327,1.0,0.498315,0.033333,0.002222,0.0,0.0,0.002222,0.008315,15,31.0,9.666667,4.0,3.0,8.521867,492.068868,221.544245,170.703954,71.798788,2.221086,1.0,0.770519,0.324083,0.527945,116.963139
avenue_training_09_clip_000058,avenue,training,09,58,929,960,32,0,0,0.0,24114.125168,5966.862557,4903.998759,50.711769,6144.277601,0,0.0,-2.58493,224.029926,160.955614,63.087595,52.133402,1.789911,37.899026,0.316547,0.035971,0.035971,0.043165,0.0,0.0,0.035971,0.0,0.0,0.05036,0.064748,0.417266,152.565294,45.151674,29.571243,2.567493,41.60521,0,0.0,1257.788237,546.806604,376.040224,39.528471,453.394621,0.998051,0,0.0,0.0,0.0,0.0,0.0,0.0,0.0,0.0,1,240.92911,296.422198,372.666265,180.982408,0.0,0.0,78.472441,0.0,0.0,81.633048,457.100673,156.000194,0.527081,0.648483,0.815283,0.395936,0.0,0.0,0.171674,0.0,0.0,0.178589,1.0,0.341282,0.037037,0.001949,0.0,0.0,0.001949,0.00827,19,28.0,7.315789,5.0,3.0,6.989109,533.020011,224.029926,244.355868,38.514235,2.379236,1.0,1.090729,0.171916,0.6481,145.193854
avenue_training_09_clip_000059,avenue,training,09,59,945,976,32,0,0,0.0,10048.458109,4463.90495,4411.665263,205.896934,2638.437451,0,0.0,1.40319,187.613772,95.449004,55.692767,55.866502,15.90877,21.839549,0.255435,0.076087,0.0,0.0,0.0,0.0,0.0,0.0,0.027174,0.0,0.0,0.641304,108.78512,24.030516,18.45888,2.872492,25.231691,0,0.0,1274.571006,592.565635,492.502249,88.388348,392.871494,1.0,0,0.0,0.0,0.0,0.0,0.0,0.0,0.0,0.0,1,176.193898,137.94354,0.0,0.0,0.0,0.0,0.0,0.0,187.777156,0.0,0.0,217.034726,0.811824,0.635583,0.0,0.0,0.0,0.0,0.0,0.0,0.865194,0.0,0.0,1.0,0.0,0.0,0.0,0.0,0.0,0.0,16,31.0,11.5,7.0,3.0,8.860023,375.186999,187.613772,196.310383,66.513021,1.999784,1.0,1.046354,0.354521,0.390609,73.283597
avenue_training_09_clip_000060,avenue,training,09,60,961,992,32,0,0,0.0,22946.485943,7304.393571,5674.830723,205.336455,6265.194276,0,0.0,-15.149319,322.233104,148.861251,68.014135,62.36515,1.145763,42.240923,0.365169,0.016854,0.0,0.0,0.0,0.0,0.0,0.0,0.033708,0.022472,0.022472,0.539326,101.638099,30.401338,21.517223,0.23145,28.464599,0,0.0,1372.611562,746.955589,689.144671,59.292706,442.092774,1.0,0,0.0,0.0,0.0,0.0,0.0,0.0,0.0,0.0,1,313.487718,728.767633,0.0,0.0,0.0,0.0,0.0,0.0,767.456594,96.691117,51.900969,229.746893,0.408476,0.949588,0.0,0.0,0.0,0.0,0.0,0.0,1.0,0.125989,0.067627,0.299361,0.0,0.0,0.0,0.0,0.0,0.0,20,31.0,8.9,5.0,3.0,8.413679,1227.156593,322.233104,279.560437,49.494701,3.808288,1.0,0.867572,0.153599,0.795568,256.358533
avenue_training_09_clip_000061,avenue,training,09,61,977,1008,32,0,0,0.0,11821.058065,4361.020841,4383.218493,762.001017,2995.174297,0,0.0,0.554042,196.742372,126.147151,58.611903,60.495837,14.406456,25.527711,0.192513,0.016043,0.0,0.0,0.0,0.0,0.0,0.0,0.0,0.0,0.02139,0.770053,35.9119,14.368253,11.552153,1.53737,10.784525,0,0.0,1302.521593,528.69369,370.52738,63.737744,406.315855,1.0,0,0.0,0.0,0.0,0.0,0.0,0.0,0.0,0.0,1,175.717154,70.838801,0.0,0.0,0.0,0.0,0.0,0.0,0.0,0.0,65.389418,228.693025,0.768354,0.309755,0.0,0.0,0.0,0.0,0.0,0.0,0.0,0.0,0.285927,1.0,0.0,0.0,0.0,0.0,0.0,0.0,20,31.0,9.35,5.5,3.0,8.125731,415.007734,196.742372,190.996893,45.844297,2.109397,1.0,0.970797,0.233017,0.546212,107.463064
avenue_training_09_clip_000062,avenue,training,09,62,993,1024,32,0,0,0.0,20950.161679,7837.440628,7250.259652,286.357646,5931.637332,0,0.0,11.999211,290.029868,178.862266,78.027103,81.74028,6.581945,40.745441,0.594203,0.057971,0.014493,0.0,0.0,0.0,0.0,0.0,0.0,0.0,0.0,0.333333,61.870412,17.286197,13.68457,0.009913,14.231966,0,0.0,1362.729338,745.044369,759.03783,62.5,455.941844,1.0,0,0.0,0.0,0.0,0.0,0.0,0.0,0.0,0.0,1,253.561509,275.892,643.04194,0.0,0.0,0.0,0.0,0.0,0.0,0.0,0.0,302.96608,0.394316,0.429042,1.0,0.0,0.0,0.0,0.0,0.0,0.0,0.0,0.0,0.471145,0.0,0.0,0.0,0.0,0.0,0.0,22,31.0,9.409091,5.5,3.0,8.249843,643.04194,290.029868,277.579194,40.52793,2.217158,1.0,0.957071,0.139737,0.561652,162.895909
avenue_training_09_clip_000063,avenue,training,09,63,1009,1040,32,0,0,0.0,19955.311496,6806.652068,5134.762474,80.950432,5165.715157,0,0.0,-9.777659,281.859174,156.370622,78.531904,81.220024,6.340192,42.762656,0.268868,0.023585,0.0,0.0,0.0,0.0,0.0,0.0,0.0,0.014151,0.183962,0.509434,68.407652,23.381709,18.678804,1.831412,16.715083,0,0.0,1343.095771,656.179515,556.954303,45.069391,424.010909,1.0,0,0.0,0.0,0.0,0.0,0.0,0.0,0.0,0.0,1,251.903622,105.655791,0.0,0.0,0.0,0.0,0.0,0.0,0.0,474.10623,452.080242,200.774389,0.531323,0.222853,0.0,0.0,0.0,0.0,0.0,0.0,0.0,1.0,0.953542,0.42348,0.0,0.0,0.0,0.0,0.0,0.0,24,31.0,8.833333,5.5,3.0,7.924996,961.778797,281.859174,204.714538,39.870418,3.412267,1.0,0.726301,0.141455,0.753906,212.495344
avenue_training_09_clip_000064,avenue,training,09,64,1025,1056,32,0,0,0.0,24775.335289,5834.870527,4658.242031,601.398382,4914.928814,0,0.0,-3.845292,232.225112,163.249735,66.949412,64.204254,3.814075,36.993596,0.357977,0.077821,0.0,0.011673,0.0,0.0,0.0,0.0,0.0,0.027237,0.031128,0.494163,96.780092,21.236264,10.994651,1.468001,24.674209,0,0.0,1355.832309,685.502569,661.181584,72.886899,418.384189,1.0,0,0.0,0.0,0.0,0.0,0.0,0.0,0.0,0.0,1,173.137973,473.131165,0.0,559.24445,0.0,0.0,0.0,0.0,0.0,49.452221,188.818946,226.679352,0.309593,0.846019,0.0,1.0,0.0,0.0,0.0,0.0,0.0,0.088427,0.337632,0.405331,0.0,0.0,0.0,0.0,0.0,0.0,26,31.0,9.884615,6.5,3.0,7.816781,559.24445,232.225112,214.328433,40.209506,2.4082,1.0,0.922934,0.173149,0.531763,123.488668
avenue_training_09_clip_000065,avenue,training,09,65,1041,1072,32,0,0,0.0,24125.899227,6837.30461,5481.955107,132.993,5706.273846,0,0.0,6.358119,282.413028,173.887991,67.982307,63.087156,2.045408,43.335455,0.417508,0.080808,0.03367,0.010101,0.0,0.0,0.0,0.0,0.0,0.013468,0.040404,0.40404,84.576789,26.240415,17.333011,0.300063,22.459914,0,0.0,1343.095771,678.513264,679.926854,50.389111,407.116232,1.0,0,0.0,0.0,0.0,0.0,0.0,0.0,0.0,0.0,1,213.620289,326.505968,357.071436,595.095119,0.0,0.0,0.0,0.0,0.0,802.210687,303.420725,243.707088,0.26629,0.407008,0.445109,0.741819,0.0,0.0,0.0,0.0,0.0,1.0,0.378231,0.303794,0.0,0.0,0.0,0.0,0.0,0.0,34,31.0,8.735294,5.5,3.0,7.196032,818.059317,282.413028,244.898311,47.729251,2.896677,1.0,0.867164,0.169005,0.659308,186.197227
avenue_training_09_clip_000066,avenue,training,09,66,1057,1088,32,0,0,0.0,11904.4296,5828.880582,6221.639248,59.296976,3671.929232,0,0.0,-3.903385,275.047767,173.811384,70.855632,65.373863,19.476575,33.163692,0.375,0.0,0.020833,0.0,0.0,0.0,0.0,0.0,0.0,0.028646,0.033854,0.541667,78.131855,21.347942,15.078007,0.011719,22.235982,0,0.0,1360.606482,800.17934,977.001151,55.901699,494.575843,0.998501,0,0.0,0.0,0.0,0.0,0.0,0.0,0.0,0.0,1,261.577237,0.0,202.306252,0.0,0.0,0.0,0.0,0.0,0.0,368.051459,351.490042,269.892471,0.710708,0.0,0.549668,0.0,0.0,0.0,0.0,0.0,0.0,1.0,0.955002,0.733301,0.043478,0.001499,0.0,0.0,0.001499,0.007933,29,31.0,13.241379,9.0,3.0,10.196873,607.660294,275.047767,288.027969,39.735963,2.20929,1.0,1.047193,0.144469,0.569558,156.655723
avenue_training_09_clip_000067,avenue,training,09,67,1073,1104,32,0,0,0.0,18473.356505,5746.876717,4417.225618,498.555225,4735.081259,0,0.0,-1.469586,261.687873,153.297946,64.256172,64.925958,1.11601,35.735441,0.504732,0.138801,0.0,0.0,0.0,0.0,0.0,0.012618,0.0,0.0,0.056782,0.287066,127.62722,24.706145,18.482049,0.194353,24.608929,0,0.0,1355.659434,623.872869,637.990008,95.197164,412.591115,1.0,0,0.0,0.0,0.0,0.0,0.0,0.0,0.0,0.0,1,295.668214,310.484412,0.0,0.0,0.0,0.0,0.0,172.955092,0.0,0.0,299.741676,184.211022,0.95228,1.0,0.0,0.0,0.0,0.0,0.0,0.557049,0.0,0.0,0.9654,0.593302,0.0,0.0,0.0,0.0,0.0,0.0,33,31.0,9.606061,6.0,3.0,7.86222,706.526759,261.687873,203.974266,59.329278,2.699883,1.0,0.779456,0.226718,0.630331,164.949911
avenue_training_09_clip_000068,avenue,training,09,68,1089,1120,32,0,0,0.0,17821.561667,8017.707136,6796.025668,660.025949,4733.103457,0,0.0,-13.783955,301.32304,141.340192,80.833625,78.643494,23.675487,27.871264,0.369681,0.015957,0.0,0.0,0.0,0.0,0.0,0.0,0.007979,0.021277,0.119681,0.465426,83.451192,24.367287,23.742334,0.087148,19.665303,0,0.0,1373.69256,805.305689,772.709374,51.53882,408.797357,1.0,0,0.0,0.0,0.0,0.0,0.0,0.0,0.0,0.0,1,336.859653,392.269088,0.0,0.0,0.0,0.0,0.0,0.0,486.43211,197.116186,247.344803,297.849203,0.692511,0.806421,0.0,0.0,0.0,0.0,0.0,0.0,1.0,0.405229,0.508488,0.612314,0.0,0.0,0.0,0.0,0.0,0.0,34,31.0,11.058824,8.0,3.0,8.242434,525.801095,301.32304,297.882633,32.01941,1.744975,1.0,0.988582,0.106263,0.426997,128.663989
avenue_training_09_clip_000069,avenue,training,09,69,1105,1136,32,0,0,0.0,30311.136392,7476.391591,6792.559756,251.660402,5795.755141,0,0.0,0.51422,288.733965,149.198355,68.293175,68.926591,1.84761,34.385053,0.392157,0.058824,0.007353,0.009804,0.0,0.0,0.0,0.007353,0.0,0.02451,0.022059,0.477941,150.20423,28.180594,16.802815,0.237072,32.384394,0,0.0,1342.22297,750.250359,814.900301,76.034532,413.04206,0.998885,0,0.0,0.0,0.0,0.0,0.0,0.0,0.0,0.0,1,270.600139,348.959412,657.761548,237.448939,0.0,0.0,0.0,718.39496,0.0,483.547375,272.726064,205.133816,0.376673,0.485749,0.915599,0.330527,0.0,0.0,0.0,1.0,0.0,0.673094,0.379632,0.285545,0.043478,0.001115,0.0,0.0,0.001115,0.006872,39,31.0,10.461538,6.0,3.0,9.192656,718.39496,288.733965,251.363659,67.54897,2.488086,1.0,0.870572,0.233949,0.562153,162.312516
avenue_training_09_clip_000070,avenue,training,09,70,1121,1152,32,0,0,0.0,20399.502851,6758.930677,5046.172819,756.072026,4682.369757,0,0.0,0.126087,306.020617,145.685311,68.55326,69.647203,16.235596,31.914363,0.430524,0.061503,0.022779,0.0,0.0,0.0,0.0,0.0,0.006834,0.0,0.070615,0.407745,91.022505,28.171495,23.717004,0.237103,23.81263,0,0.0,1372.099213,805.27419,887.159864,100.778222,412.267179,1.0,0,0.0,0.0,0.0,0.0,0.0,0.0,0.0,0.0,1,287.544684,399.728602,678.448647,0.0,0.0,0.0,0.0,0.0,735.420089,0.0,238.050106,212.226332,0.390994,0.543538,0.922532,0.0,0.0,0.0,0.0,0.0,1.0,0.0,0.323693,0.288578,0.0,0.0,0.0,0.0,0.0,0.0,36,31.0,12.194444,6.0,3.0,10.479661,735.420089,306.020617,282.555113,72.923806,2.403172,1.0,0.92332,0.238297,0.586985,179.629436
avenue_training_09_clip_000071,avenue,training,09,71,1137,1168,32,0,0,0.0,26866.598248,7319.377974,7090.590933,4.408147,5237.819466,0,0.0,-5.393029,272.541968,155.649728,83.504318,83.63788,15.369318,33.912192,0.367978,0.02809,0.008427,0.0,0.0,0.0,0.0,0.011236,0.0,0.019663,0.039326,0.525281,139.180413,26.575322,16.638697,1.16853,30.03451,0,0.0,1358.422799,781.576908,802.220227,80.039053,402.139052,1.0,0,0.0,0.0,0.0,0.0,0.0,0.0,0.0,0.0,1,239.275413,329.601763,243.029689,0.0,0.0,0.0,0.0,62.948729,0.0,274.782762,471.875607,277.992228,0.507073,0.698493,0.515029,0.0,0.0,0.0,0.0,0.133401,0.0,0.58232,1.0,0.589122,0.0,0.0,0.0,0.0,0.0,0.0,28,31.0,12.714286,7.5,3.0,9.639417,624.831965,272.541968,261.236345,62.948729,2.292608,1.0,0.958518,0.230969,0.483652,131.815552
avenue_training_09_clip_000072,avenue,training,09,72,1153,1184,32,0,0,0.0,13673.92344,4917.31992,4098.572495,650.863291,3285.365213,0,0.0,11.127922,210.839774,146.768289,62.593032,56.309932,9.462322,30.116194,0.451411,0.037618,0.025078,0.009404,0.0,0.0,0.0,0.0,0.0,0.0,0.037618,0.438871,98.590041,27.162499,18.31266,3.693688,22.78542,0,0.0,1325.530554,605.090143,609.559267,45.069391,381.440645,1.0,0,0.0,0.0,0.0,0.0,0.0,0.0,0.0,0.0,1,225.453704,207.419386,84.321824,411.545482,0.0,0.0,0.0,0.0,0.0,0.0,253.013192,193.937129,0.547822,0.504001,0.204891,1.0,0.0,0.0,0.0,0.0,0.0,0.0,0.614788,0.471241,0.0,0.0,0.0,0.0,0.0,0.0,29,31.0,11.0,7.0,3.0,8.886254,411.545482,210.839774,220.677148,28.784695,1.951935,1.0,1.046658,0.136524,0.411414,86.74249
avenue_training_09_clip_000073,avenue,training,09,73,1169,1200,32,0,0,0.0,29902.057664,7648.913509,6757.650609,855.927061,6212.695046,0,0.0,9.69121,305.923672,180.0,66.682216,62.152202,4.763642,38.595122,0.47037,0.040741,0.02963,0.011111,0.0,0.0,0.0,0.0,0.0,0.011111,0.044444,0.392593,80.30879,25.754275,17.422224,0.169016,24.486444,0,0.0,1341.699016,800.694228,902.737325,67.31456,441.27212,1.0,0,0.0,0.0,0.0,0.0,0.0,0.0,0.0,0.0,1,319.552625,423.564906,391.476173,56.25,0.0,0.0,0.0,0.0,0.0,674.075685,265.079854,213.881534,0.47406,0.628364,0.58076,0.083448,0.0,0.0,0.0,0.0,0.0,1.0,0.393249,0.317296,0.0,0.0,0.0,0.0,0.0,0.0,26,31.0,10.384615,5.5,3.0,9.093856,942.407211,305.923672,261.011504,47.632705,3.080531,1.0,0.853191,0.155701,0.654624,200.264815
avenue_training_09_clip_000074,avenue,training,09,74,1185,1216,32,0,0,0.0,15214.219737,5363.715994,3942.535909,385.961611,3949.650858,0,0.0,-0.761374,197.917682,138.719913,53.385634,57.565971,4.731161,30.342595,0.258772,0.02193,0.0,0.0,0.0,0.0,0.0,0.0,0.0,0.0,0.0,0.719298,58.636211,12.312963,9.238129,0.295325,13.817154,0,0.0,1362.213273,700.328558,660.758324,79.056942,397.11381,1.0,0,0.0,0.0,0.0,0.0,0.0,0.0,0.0,0.0,1,182.660391,293.560298,0.0,0.0,0.0,0.0,0.0,0.0,0.0,0.0,0.0,195.033228,0.622224,1.0,0.0,0.0,0.0,0.0,0.0,0.0,0.0,0.0,0.0,0.664372,0.0,0.0,0.0,0.0,0.0,0.0,17,29.0,13.411765,11.0,4.0,8.182182,336.265718,197.917682,199.347248,54.245838,1.699018,1.0,1.007223,0.274083,0.374794,74.17847
avenue_training_09_clip_000075,avenue,training,09,75,1201,1232,32,0,0,0.0,25455.240517,7420.004103,4974.995339,650.417512,7552.723914,0,0.0,5.597986,267.295852,103.61123,57.950386,60.212339,9.298956,26.841301,0.349727,0.021858,0.038251,0.0,0.0,0.0,0.0,0.0,0.0,0.0,0.027322,0.562842,66.48359,19.96646,14.235034,0.306382,18.187825,0,0.0,1331.587399,609.937692,487.995736,88.388348,428.732958,0.998333,0,0.0,0.0,0.0,0.0,0.0,0.0,0.0,0.0,1,305.417873,85.038628,566.332674,0.0,0.0,0.0,0.0,0.0,0.0,0.0,198.928866,199.039899,0.539291,0.150157,1.0,0.0,0.0,0.0,0.0,0.0,0.0,0.0,0.351258,0.351454,0.033333,0.001667,0.0,0.0,0.001667,0.007265,20,31.0,9.15,5.5,3.0,7.8821,730.753343,267.295852,194.287246,65.110104,2.733875,1.0,0.726862,0.243588,0.69943,186.954676
avenue_training_09_clip_000076,avenue,training,09,76,1217,1248,32,0,0,0.0,26709.933673,4866.489701,2857.556211,223.369287,6356.712459,0,0.0,-12.55771,209.369373,110.15655,51.304271,53.559499,7.125016,29.334191,0.25,0.032895,0.0,0.0,0.0,0.0,0.0,0.0,0.026316,0.0,0.032895,0.657895,102.792259,20.120797,12.750529,1.065714,23.282563,0,0.0,1373.521933,553.839815,426.208146,70.710678,467.415776,1.0,0,0.0,0.0,0.0,0.0,0.0,0.0,0.0,0.0,1,298.714594,130.284121,0.0,0.0,0.0,0.0,0.0,0.0,393.717302,0.0,416.918941,133.415538,0.716481,0.312493,0.0,0.0,0.0,0.0,0.0,0.0,0.94435,0.0,1.0,0.320004,0.0,0.0,0.0,0.0,0.0,0.0,18,24.0,8.444444,5.5,3.0,6.282447,836.533339,209.369373,151.417066,55.119574,3.99549,1.0,0.723205,0.263265,0.886786,185.665951
avenue_training_09_clip_000077,avenue,training,09,77,1233,1264,32,0,0,0.0,9365.804845,5024.104969,5244.595961,161.735734,2643.321936,0,0.0,4.179739,207.025356,137.385944,69.696772,64.670814,19.653824,30.142664,0.470588,0.176471,0.02521,0.0,0.0,0.0,0.0,0.0,0.0,0.0,0.151261,0.176471,64.513233,31.750606,28.378782,3.388884,17.499374,0,0.0,1321.989504,572.068247,456.20719,51.53882,342.980696,1.0,0,0.0,0.0,0.0,0.0,0.0,0.0,0.0,0.0,1,208.943725,135.837418,237.316097,0.0,0.0,0.0,0.0,0.0,0.0,0.0,197.916355,250.938242,0.83265,0.541318,0.945715,0.0,0.0,0.0,0.0,0.0,0.0,0.0,0.788705,1.0,0.0,0.0,0.0,0.0,0.0,0.0,13,31.0,9.153846,6.0,3.0,7.583851,334.552644,207.025356,225.778813,48.304106,1.615998,1.0,1.090585,0.233325,0.417648,86.46365
avenue_training_09_clip_000078,avenue,training,09,78,1249,1280,32,0,0,0.0,10140.71257,5476.953125,4568.913598,334.512423,3573.290116,0,0.0,-11.977041,231.622818,116.23391,68.870731,75.59247,18.103763,26.905642,0.768707,0.108844,0.0,0.0,0.0,0.0,0.020408,0.0,0.0,0.0,0.020408,0.081633,138.415032,30.3967,23.410718,0.018521,35.935325,0,0.0,1365.020604,637.322203,588.695592,53.400023,398.161734,1.0,0,0.0,0.0,0.0,0.0,0.0,0.0,0.0,0.0,1,252.59716,316.991332,0.0,0.0,0.0,0.0,46.709775,0.0,0.0,0.0,300.471634,184.04765,0.796858,1.0,0.0,0.0,0.0,0.0,0.147353,0.0,0.0,0.0,0.947886,0.580608,0.0,0.0,0.0,0.0,0.0,0.0,11,31.0,13.363636,9.0,3.0,9.819024,471.085066,231.622818,272.184695,46.709775,2.033846,1.0,1.17512,0.201663,0.533378,123.542417
avenue_training_09_clip_000079,avenue,training,09,79,1265,1296,32,0,0,0.0,16075.591305,7335.782109,5911.916087,560.95653,5437.704243,0,0.0,-0.046285,230.043966,151.845034,90.104684,83.397332,32.471192,34.48219,0.531915,0.042553,0.021277,0.0,0.0,0.0,0.0,0.0,0.0,0.0,0.099291,0.304965,61.281881,23.970822,17.681655,4.111336,19.597804,0,0.0,1331.352696,650.041305,640.552846,50.389111,446.660334,1.0,0,0.0,0.0,0.0,0.0,0.0,0.0,0.0,0.0,1,205.891051,398.840738,101.816327,0.0,0.0,0.0,0.0,0.0,0.0,0.0,250.786292,244.084424,0.516224,1.0,0.255281,0.0,0.0,0.0,0.0,0.0,0.0,0.0,0.628788,0.611985,0.0,0.0,0.0,0.0,0.0,0.0,14,31.0,10.071429,5.0,3.0,9.837714,433.703867,230.043966,243.941868,39.16998,1.885309,1.0,1.060414,0.170272,0.492917,113.392511
avenue_training_09_clip_000080,avenue,training,09,80,1281,1312,32,0,0,0.0,21548.51357,8746.932049,7156.303742,3683.397143,6037.24993,0,0.0,-5.819253,343.543388,148.834853,74.440581,68.150132,35.881842,32.886692,0.330508,0.025424,0.0,0.0,0.0,0.0,0.0,0.0,0.0,0.033898,0.025424,0.584746,72.031842,26.847476,26.190874,4.324374,19.280462,0,0.0,1006.308228,772.160413,770.247525,495.014204,168.75277,1.0,0,0.0,0.0,0.0,0.0,0.0,0.0,0.0,0.0,1,264.664498,519.358619,0.0,0.0,0.0,0.0,0.0,0.0,0.0,594.03946,528.857928,218.546997,0.445534,0.874283,0.0,0.0,0.0,0.0,0.0,0.0,0.0,1.0,0.890274,0.3679,0.0,0.0,0.0,0.0,0.0,0.0,9,31.0,13.111111,8.0,3.0,11.029702,594.03946,343.543388,268.083512,171.578353,1.729154,1.0,0.780348,0.499437,0.433156,148.807772
avenue_training_09_clip_000081,avenue,training,09,81,1297,1328,32,0,0,0.0,13273.838124,7040.686982,6534.53332,795.177094,3586.224978,0,0.0,-9.805249,259.897494,139.112229,75.833634,69.441761,46.503043,24.459721,0.335714,0.071429,0.0,0.0,0.0,0.0,0.0,0.0,0.0,0.021429,0.292857,0.278571,55.874853,32.069339,34.50016,8.907698,14.358804,0,0.0,1318.438944,808.930879,872.779818,129.435205,370.777796,1.0,0,0.0,0.0,0.0,0.0,0.0,0.0,0.0,0.0,1,269.36813,306.376363,0.0,0.0,0.0,0.0,0.0,0.0,0.0,113.531663,274.576852,264.14535,0.879207,1.0,0.0,0.0,0.0,0.0,0.0,0.0,0.0,0.370563,0.896208,0.86216,0.0,0.0,0.0,0.0,0.0,0.0,12,31.0,11.666667,9.0,3.0,8.158159,419.462463,259.897494,243.211604,113.531663,1.613953,1.0,0.935798,0.436832,0.360463,93.683371
avenue_training_09_clip_000082,avenue,training,09,82,1313,1344,32,0,0,0.0,19522.472382,8009.783025,5767.173018,853.384318,5921.682401,0,0.0,-3.884846,271.563051,146.110495,85.768306,81.232959,12.094757,38.251038,0.357895,0.042105,0.042105,0.0,0.0,0.0,0.0,0.0,0.0,0.031579,0.0,0.526316,88.092194,27.77809,16.738822,2.708047,25.972368,0,0.0,1212.5,627.656893,572.002212,113.192314,380.677631,1.0,0,0.0,0.0,0.0,0.0,0.0,0.0,0.0,0.0,1,338.379742,145.046649,587.913824,0.0,0.0,0.0,0.0,0.0,0.0,96.124628,0.0,250.416003,0.57556,0.246714,1.0,0.0,0.0,0.0,0.0,0.0,0.0,0.163501,0.0,0.42594,0.0,0.0,0.0,0.0,0.0,0.0,12,31.0,7.916667,4.0,3.0,7.76164,587.913824,271.563051,255.614601,96.124628,2.164926,1.0,0.941272,0.353968,0.516242,140.192191
avenue_training_09_clip_000083,avenue,training,09,83,1329,1360,32,0,0,0.0,12093.290608,4091.400195,2602.185409,567.644502,4119.592758,0,0.0,19.433434,221.426027,77.005383,56.788961,60.48353,21.129443,18.832797,0.584906,0.132075,0.056604,0.0,0.0,0.0,0.0,0.0,0.0,0.0,0.09434,0.132075,64.100226,40.038908,35.359224,18.479468,15.1693,0,0.0,838.99121,422.015823,317.656211,118.585412,308.729823,1.0,0,0.0,0.0,0.0,0.0,0.0,0.0,0.0,0.0,1,243.127892,132.450354,349.515116,0.0,0.0,0.0,0.0,0.0,0.0,0.0,402.462984,68.549464,0.6041,0.329099,0.86844,0.0,0.0,0.0,0.0,0.0,0.0,0.0,1.0,0.170325,0.0,0.0,0.0,0.0,0.0,0.0,6,31.0,8.833333,4.5,3.0,10.006942,402.462984,221.426027,197.631646,68.549464,1.817596,1.0,0.89254,0.309582,0.551984,122.223669
avenue_training_09_clip_000084,avenue,training,09,84,1345,1376,32,0,0,0.0,9330.484606,6025.971743,7436.251948,1311.178674,3422.375842,0,0.0,-14.652089,232.674907,144.555676,98.296786,76.712666,73.622015,32.734301,0.472222,0.0,0.0,0.0,0.0,0.0,0.0,0.0,0.0,0.0,0.083333,0.444444,34.427158,22.951439,27.620311,6.806848,11.749302,0,0.0,1271.379664,673.10157,468.416548,279.508497,430.01866,1.0,0,0.0,0.0,0.0,0.0,0.0,0.0,0.0,0.0,1,281.496219,0.0,0.0,0.0,0.0,0.0,0.0,0.0,0.0,0.0,281.806856,134.721645,0.998898,0.0,0.0,0.0,0.0,0.0,0.0,0.0,0.0,0.0,1.0,0.478064,0.0,0.0,0.0,0.0,0.0,0.0,3,17.0,12.0,16.0,3.0,6.377042,281.806856,232.674907,281.496219,134.721645,1.211161,1.0,1.209826,0.579012,0.297684,69.263532
avenue_training_09_clip_000085,avenue,training,09,85,1360,1391,32,0,0,0.0,6399.238806,4396.774871,5699.627219,1091.458588,2354.598464,0,0.0,-23.773442,165.860899,41.568054,30.238969,39.986505,9.162347,14.917402,0.157895,0.0,0.0,0.0,0.0,0.0,0.0,0.0,0.0,0.0,0.842105,0.0,42.390859,28.260573,34.875831,7.515029,14.986708,0,0.0,751.664819,472.727242,571.319744,95.197164,276.920935,1.0,0,0.0,0.0,0.0,0.0,0.0,0.0,0.0,0.0,1,73.367992,0.0,0.0,0.0,0.0,0.0,0.0,0.0,0.0,0.0,212.107353,0.0,0.3459,0.0,0.0,0.0,0.0,0.0,0.0,0.0,0.0,0.0,1.0,0.0,0.0,0.0,0.0,0.0,0.0,0.0,3,8.0,6.333333,8.0,3.0,2.357023,222.560137,165.860899,201.654569,73.367992,1.341848,1.0,1.215805,0.442347,0.397663,65.956875
avenue_training_10_clip_000000,avenue,training,10,0,1,32,32,0,0,0.0,25758.000887,8592.157468,7990.395005,147.542486,5912.036287,0,0.0,6.908535,330.95731,167.395144,79.350179,78.821922,4.618746,37.444682,0.217252,0.102236,0.044728,0.0,0.009585,0.0,0.0,0.0,0.0,0.019169,0.063898,0.543131,139.750608,32.995113,23.38558,0.688769,30.361927,0,0.0,1370.275976,872.992238,921.400016,55.901699,397.466444,0.996429,0,0.0,0.0,0.0,0.0,0.0,0.0,0.0,0.0,1,356.171492,168.372051,390.362506,0.0,204.003921,0.0,0.0,0.0,0.0,578.569578,176.700619,314.16157,0.615607,0.291014,0.674703,0.0,0.3526,0.0,0.0,0.0,0.0,1.0,0.305409,0.542997,0.1,0.003571,0.0,0.0,0.003571,0.018558,28,31.0,11.178571,7.5,3.0,8.738476,780.101572,330.95731,296.047073,52.95085,2.357106,1.0,0.894517,0.159993,0.540636,178.927476
avenue_training_10_clip_000001,avenue,training,10,1,17,48,32,0,0,0.0,21586.158245,6126.650631,4225.620942,149.305401,5341.652474,0,0.0,4.441296,228.025266,128.556596,63.252372,62.099303,2.489553,31.148749,0.154321,0.080247,0.148148,0.018519,0.0,0.0,0.012346,0.0,0.009259,0.015432,0.070988,0.490741,166.38718,39.284227,26.502978,1.287189,36.27297,0,0.0,1283.793208,641.343237,558.922462,45.500687,416.688408,1.0,0,0.0,0.0,0.0,0.0,0.0,0.0,0.0,0.0,1,172.512645,244.144197,252.530219,144.632884,0.0,0.0,96.49947,0.0,294.38941,410.948876,359.43269,212.167136,0.419791,0.594099,0.614505,0.351949,0.0,0.0,0.234821,0.0,0.716365,1.0,0.874641,0.516286,0.0,0.0,0.0,0.0,0.0,0.0,30,31.0,10.8,9.0,3.0,8.207314,546.236108,228.025266,171.319597,42.514579,2.395507,1.0,0.751319,0.186447,0.584481,133.276526
avenue_training_10_clip_000002,avenue,training,10,2,33,64,32,0,0,0.0,20073.263552,6791.684582,5572.249318,281.691624,5170.780555,0,0.0,0.168025,269.301825,127.206252,65.642271,59.200277,11.814689,26.512537,0.471519,0.031646,0.053797,0.0,0.0,0.0,0.0,0.0,0.012658,0.0,0.110759,0.31962,102.985928,22.777614,12.48531,1.06298,24.158468,0,0.0,1375.0,779.491009,812.5,67.31456,421.622561,1.0,0,0.0,0.0,0.0,0.0,0.0,0.0,0.0,0.0,1,279.316293,369.76447,242.895802,0.0,0.0,0.0,0.0,0.0,46.778267,0.0,190.492341,316.795795,0.75539,1.0,0.656893,0.0,0.0,0.0,0.0,0.0,0.126508,0.0,0.515172,0.85675,0.0,0.0,0.0,0.0,0.0,0.0,27,31.0,11.703704,10.0,3.0,8.013021,663.795487,269.301825,251.002395,46.778267,2.464876,1.0,0.932049,0.173702,0.553147,148.963414
avenue_training_10_clip_000003,avenue,training,10,3,49,80,32,0,0,0.0,17870.976127,5824.480631,4966.765075,531.971998,4585.613873,0,0.0,8.63559,267.776901,174.906725,63.624275,51.969445,22.583659,37.547163,0.592982,0.091228,0.0,0.0,0.014035,0.0,0.0,0.0,0.0,0.0,0.070175,0.231579,128.716442,23.131923,15.599761,2.345955,26.507165,0,0.0,1358.307771,714.165647,748.447306,100.778222,411.391717,0.996212,0,0.0,0.0,0.0,0.0,0.0,0.0,0.0,0.0,1,235.809295,294.846068,0.0,0.0,154.818895,0.0,0.0,0.0,0.0,0.0,427.734192,251.697282,0.551299,0.689321,0.0,0.0,0.361951,0.0,0.0,0.0,0.0,0.0,1.0,0.588443,0.090909,0.003788,0.0,0.0,0.003788,0.018166,24,31.0,11.875,8.0,3.0,9.202864,497.137732,267.776901,257.027995,49.66628,1.856537,1.0,0.959859,0.185476,0.489717,131.134791
avenue_training_10_clip_000004,avenue,training,10,4,65,96,32,0,0,0.0,15504.672923,7168.181925,7317.168067,747.036291,4662.912292,0,0.0,4.457341,290.596964,118.854913,64.851041,67.569869,20.793677,21.975722,0.509579,0.10728,0.034483,0.019157,0.0,0.0,0.019157,0.0,0.0,0.0,0.099617,0.210728,165.795946,35.638102,24.859721,1.22963,36.750642,0,0.0,1299.278646,801.797082,925.844071,100.778222,423.992395,1.0,0,0.0,0.0,0.0,0.0,0.0,0.0,0.0,0.0,1,289.345009,229.167054,223.186066,119.196911,0.0,0.0,164.281268,0.0,0.0,0.0,322.703264,396.952159,0.728917,0.577317,0.562249,0.30028,0.0,0.0,0.413857,0.0,0.0,0.0,0.812953,1.0,0.0,0.0,0.0,0.0,0.0,0.0,24,27.0,10.875,6.0,3.0,7.628415,754.814636,290.596964,290.831487,62.889111,2.597462,1.0,1.000807,0.216414,0.523327,152.07716
avenue_training_10_clip_000005,avenue,training,10,5,81,112,32,0,0,0.0,25163.46102,7678.959282,7301.687826,178.803857,6769.970255,0,0.0,1.07377,269.193343,145.25682,66.925968,68.850767,7.696052,35.987915,0.229665,0.090909,0.143541,0.0,0.019139,0.0,0.0,0.0,0.0,0.028708,0.23445,0.253589,146.95269,38.41079,30.043625,3.895881,33.451455,0,0.0,1363.015957,637.117554,563.959647,79.056942,412.742079,0.995536,0,0.0,0.0,0.0,0.0,0.0,0.0,0.0,0.0,1,335.968407,255.190814,208.669521,0.0,193.232127,0.0,0.0,0.0,0.0,291.221064,222.280295,286.546091,1.0,0.759568,0.621099,0.0,0.57515,0.0,0.0,0.0,0.0,0.866811,0.661611,0.852896,0.125,0.004464,0.0,0.0,0.004464,0.023197,28,28.0,7.464286,5.0,3.0,6.411386,613.546839,269.193343,255.171341,48.367306,2.279205,1.0,0.947911,0.179675,0.551641,148.498215
avenue_training_10_clip_000006,avenue,training,10,6,97,128,32,0,0,0.0,24499.576313,6771.127132,4598.152168,963.363291,6902.773059,0,0.0,8.983477,248.734599,175.838119,75.356098,67.479434,12.311782,37.502435,0.274112,0.111675,0.015228,0.0,0.015228,0.0,0.0,0.0,0.0,0.0,0.045685,0.538071,130.747684,31.741901,22.198674,4.572739,28.228154,0,0.0,1274.754878,638.205315,626.155182,76.034532,365.047191,1.0,0,0.0,0.0,0.0,0.0,0.0,0.0,0.0,0.0,1,237.270799,249.468067,409.98654,0.0,56.767266,0.0,0.0,0.0,0.0,0.0,311.050407,245.779005,0.578728,0.608479,1.0,0.0,0.138461,0.0,0.0,0.0,0.0,0.0,0.758684,0.599481,0.0,0.0,0.0,0.0,0.0,0.0,21,24.0,9.380952,6.0,3.0,6.600694,495.38987,248.734599,234.015912,56.767266,1.99164,1.0,0.940826,0.228224,0.445111,110.71441
avenue_training_10_clip_000007,avenue,training,10,7,113,144,32,0,0,0.0,27203.296076,6318.284941,4749.888706,38.470508,6266.8952,0,0.0,-6.661557,228.249832,110.076967,53.149101,47.994393,6.798447,29.063457,0.373786,0.087379,0.0,0.0,0.0,0.0,0.014563,0.0,0.0,0.029126,0.053398,0.441748,149.050276,29.112579,19.813964,0.151522,30.964142,0,0.0,1323.111862,603.548816,485.412196,51.53882,430.530932,1.0,0,0.0,0.0,0.0,0.0,0.0,0.0,0.0,0.0,1,251.36332,262.089894,0.0,0.0,0.0,0.0,179.744635,0.0,0.0,135.493193,156.163455,220.129844,0.959073,1.0,0.0,0.0,0.0,0.0,0.685813,0.0,0.0,0.516972,0.595839,0.839902,0.0,0.0,0.0,0.0,0.0,0.0,23,29.0,8.956522,6.0,3.0,7.445327,569.065922,228.249832,215.276594,50.76941,2.493171,1.0,0.943162,0.222429,0.529504,120.859135
avenue_training_10_clip_000008,avenue,training,10,8,129,160,32,0,0,0.0,17344.516634,6466.52921,4894.381023,456.472523,4635.583061,0,0.0,-9.116995,243.147925,155.006695,62.075702,64.440035,3.562508,31.311599,0.430769,0.030769,0.0,0.0,0.0,0.0,0.0,0.0,0.020513,0.0,0.153846,0.364103,88.150141,21.581746,13.936982,2.301868,19.666458,0,0.0,1288.470508,662.857651,664.384113,95.197164,396.112863,1.0,0,0.0,0.0,0.0,0.0,0.0,0.0,0.0,0.0,1,230.315104,118.197123,0.0,0.0,0.0,0.0,0.0,0.0,83.024563,0.0,312.041056,272.787301,0.738092,0.378787,0.0,0.0,0.0,0.0,0.0,0.0,0.266069,0.0,1.0,0.874203,0.0,0.0,0.0,0.0,0.0,0.0,23,31.0,8.478261,6.0,3.0,6.983643,483.183084,243.147925,217.209928,70.153346,1.987198,1.0,0.893324,0.288521,0.493222,119.925954
avenue_training_10_clip_000009,avenue,training,10,9,145,176,32,0,0,0.0,31193.045159,7086.817615,4901.996625,258.042839,7794.124147,0,0.0,7.245481,266.155105,174.029304,65.746265,69.634669,3.814075,34.490954,0.371728,0.104712,0.0,0.0,0.015707,0.0,0.0,0.0,0.031414,0.015707,0.041885,0.418848,136.603157,33.182289,20.207712,0.285217,36.466164,0,0.0,1372.953022,639.105138,590.466257,76.034532,429.67212,1.0,0,0.0,0.0,0.0,0.0,0.0,0.0,0.0,0.0,1,271.669185,236.585364,0.0,0.0,584.26208,0.0,0.0,0.0,80.124283,719.467519,202.569159,168.763998,0.377598,0.328834,0.0,0.0,0.812076,0.0,0.0,0.0,0.111366,1.0,0.281554,0.234568,0.0,0.0,0.0,0.0,0.0,0.0,22,29.0,8.681818,5.0,3.0,7.515961,719.467519,266.155105,230.211194,62.169319,2.703189,1.0,0.864952,0.233583,0.637979,169.801264
avenue_training_10_clip_000010,avenue,training,10,10,161,192,32,0,0,0.0,24374.569637,9151.105395,8285.809842,75.560247,6806.485352,0,0.0,1.62961,263.367762,119.449232,62.946584,64.002426,6.911227,28.359631,0.394161,0.076642,0.0,0.0,0.018248,0.0,0.0,0.0,0.0,0.018248,0.091241,0.40146,122.538489,26.388597,18.324165,6.764236,25.000407,0,0.0,1313.987253,796.908483,838.525492,79.056942,399.41327,1.0,0,0.0,0.0,0.0,0.0,0.0,0.0,0.0,0.0,1,213.845037,148.913388,0.0,0.0,203.103739,0.0,0.0,0.0,0.0,431.032806,254.263824,322.911918,0.496122,0.34548,0.0,0.0,0.471203,0.0,0.0,0.0,0.0,1.0,0.589894,0.749159,0.0,0.0,0.0,0.0,0.0,0.0,23,31.0,11.913043,8.0,3.0,9.431276,481.811278,263.367762,241.629154,73.722366,1.829424,1.0,0.917459,0.279922,0.425936,112.177758
avenue_training_10_clip_000011,avenue,training,10,11,177,208,32,0,0,0.0,31269.841293,7258.003898,4762.601657,801.229108,7943.29354,0,0.0,9.703096,233.329166,135.0,66.779336,66.105082,18.513328,30.215653,0.412186,0.043011,0.0,0.0,0.021505,0.0,0.0,0.0,0.0,0.014337,0.017921,0.491039,132.831148,30.840591,20.201642,2.334575,33.43224,0,0.0,1340.300806,709.489063,723.422158,142.521928,434.279043,1.0,0,0.0,0.0,0.0,0.0,0.0,0.0,0.0,0.0,1,187.453252,169.701644,0.0,0.0,356.958611,0.0,0.0,0.0,0.0,506.438371,166.026037,244.976377,0.37014,0.335088,0.0,0.0,0.704841,0.0,0.0,0.0,0.0,1.0,0.327831,0.483724,0.0,0.0,0.0,0.0,0.0,0.0,24,31.0,11.625,7.0,3.0,9.415468,596.730981,233.329166,191.032041,85.714312,2.557464,1.0,0.818723,0.367354,0.560736,130.835974
avenue_training_10_clip_000012,avenue,training,10,12,193,224,32,0,0,0.0,31116.240406,7131.594331,4153.194843,378.469547,7995.474833,0,0.0,-10.690272,243.697092,146.309932,62.142218,55.392515,2.935673,35.69254,0.341969,0.031088,0.0,0.0,0.0,0.0,0.0,0.0,0.015544,0.025907,0.093264,0.492228,97.228554,27.824609,27.535306,3.257891,21.778322,0,0.0,1311.964176,672.650713,568.165909,83.852549,456.396173,0.988095,0,0.0,0.0,0.0,0.0,0.0,0.0,0.0,0.0,1,193.163795,413.882193,0.0,0.0,0.0,0.0,0.0,0.0,85.1961,56.382538,250.269875,323.722588,0.466712,1.0,0.0,0.0,0.0,0.0,0.0,0.0,0.205846,0.136228,0.604689,0.782161,0.25,0.011905,0.0,0.0,0.011905,0.05324,21,31.0,9.190476,6.0,3.0,7.632132,689.639368,243.697092,222.220547,56.382538,2.829904,1.0,0.911872,0.231363,0.628808,153.238652
avenue_training_10_clip_000013,avenue,training,10,13,209,240,32,0,0,0.0,19328.572819,4413.541448,2438.782726,199.090441,5160.708865,0,0.0,8.517476,194.725199,109.678748,53.198953,51.013276,9.268907,27.508816,0.31401,0.038647,0.144928,0.0,0.014493,0.0,0.0,0.0,0.0,0.0,0.149758,0.338164,120.827558,38.889162,36.52858,2.245405,28.937746,0,0.0,1312.440475,456.953098,351.39232,39.528471,363.944974,1.0,0,0.0,0.0,0.0,0.0,0.0,0.0,0.0,0.0,1,144.443497,124.509658,131.545403,0.0,49.0512,0.0,0.0,0.0,0.0,0.0,204.497412,290.604651,0.497045,0.42845,0.452661,0.0,0.16879,0.0,0.0,0.0,0.0,0.0,0.703696,1.0,0.0,0.0,0.0,0.0,0.0,0.0,23,31.0,9.0,6.0,3.0,7.569964,507.733391,194.725199,164.564786,33.73966,2.607435,1.0,0.845113,0.173268,0.62692,122.077166
avenue_training_10_clip_000014,avenue,training,10,14,225,256,32,0,0,0.0,23461.938064,7100.33468,5896.836348,196.794763,5990.32825,0,0.0,18.361803,256.065536,177.02156,81.238714,70.097214,22.241637,38.952664,0.332031,0.066406,0.101562,0.0,0.011719,0.0,0.0,0.0,0.0,0.0,0.050781,0.4375,116.638197,35.587854,27.305794,3.299716,27.43479,0,0.0,1342.22297,678.240408,618.718434,83.333333,427.608438,1.0,0,0.0,0.0,0.0,0.0,0.0,0.0,0.0,0.0,1,265.221948,238.478593,307.67176,0.0,77.30823,0.0,0.0,0.0,0.0,0.0,346.826577,211.596284,0.764711,0.687602,0.887105,0.0,0.222902,0.0,0.0,0.0,0.0,0.0,1.0,0.610092,0.0,0.0,0.0,0.0,0.0,0.0,25,31.0,10.24,7.0,3.0,8.58035,683.204296,256.065536,200.034939,72.726213,2.668084,1.0,0.781186,0.284014,0.619615,158.66206
avenue_training_10_clip_000015,avenue,training,10,15,241,272,32,0,0,0.0,25139.847941,5775.416264,4042.579612,265.116245,5625.192217,0,0.0,3.072897,257.227413,134.418337,60.452327,57.829564,8.130102,30.558914,0.303333,0.063333,0.056667,0.0,0.0,0.01,0.0,0.0,0.0,0.01,0.12,0.436667,155.058359,33.907066,26.192202,0.124975,30.95469,0,0.0,1333.463535,626.966411,572.549125,79.056942,444.964053,1.0,0,0.0,0.0,0.0,0.0,0.0,0.0,0.0,0.0,1,296.886234,163.115292,382.581888,0.0,0.0,346.564285,0.0,0.0,0.0,98.490853,168.893384,264.231708,0.776007,0.426354,1.0,0.0,0.0,0.905856,0.0,0.0,0.0,0.257437,0.441457,0.690654,0.0,0.0,0.0,0.0,0.0,0.0,31,31.0,9.677419,8.0,3.0,8.200657,786.065841,257.227413,193.669102,64.306496,3.055918,1.0,0.75291,0.249999,0.74253,190.999104
avenue_training_10_clip_000016,avenue,training,10,16,257,288,32,0,0,0.0,17500.847194,5868.267212,5801.77302,808.678672,3630.580541,0,0.0,-1.682581,259.240689,169.508523,64.566735,64.339667,12.528808,32.577527,0.439863,0.0,0.075601,0.0,0.0,0.0,0.0,0.0,0.010309,0.0,0.151203,0.323024,108.618066,25.891067,10.717178,2.622406,29.077493,0,0.0,1370.447007,749.613501,766.650921,139.754249,369.882738,0.997976,0,0.0,0.0,0.0,0.0,0.0,0.0,0.0,0.0,1,248.325482,0.0,336.848439,0.0,0.0,0.0,0.0,0.0,95.646534,0.0,348.153079,215.696206,0.713265,0.0,0.96753,0.0,0.0,0.0,0.0,0.0,0.274726,0.0,1.0,0.619544,0.052632,0.002024,0.0,0.0,0.002024,0.010122,26,31.0,11.192308,8.0,3.0,8.185443,664.518542,259.240689,217.935115,95.646534,2.563327,1.0,0.840667,0.368949,0.549586,142.474957
avenue_training_10_clip_000017,avenue,training,10,17,273,304,32,0,0,0.0,21376.346547,4865.847148,4266.669354,155.692099,4332.319975,0,0.0,9.527417,203.471238,125.53256,55.363104,52.268459,0.0,26.692317,0.426778,0.079498,0.0,0.025105,0.016736,0.0,0.0,0.0,0.0,0.012552,0.058577,0.380753,117.861365,30.443915,19.124764,0.291699,29.849666,0,0.0,1360.147051,588.606949,433.833846,62.5,411.439592,1.0,0,0.0,0.0,0.0,0.0,0.0,0.0,0.0,0.0,1,197.816667,205.096631,0.0,174.144192,55.69061,0.0,0.0,0.0,0.0,369.047451,326.080125,172.19268,0.53602,0.555746,0.0,0.471875,0.150904,0.0,0.0,0.0,0.0,1.0,0.883572,0.466587,0.0,0.0,0.0,0.0,0.0,0.0,23,31.0,10.391304,9.0,3.0,7.927602,475.201054,203.471238,194.412328,54.31897,2.33547,1.0,0.955478,0.266961,0.517603,105.317358
avenue_training_10_clip_000018,avenue,training,10,18,289,320,32,0,0,0.0,17549.27959,4267.960196,3605.739413,0.0,3987.404508,0,0.0,19.57855,223.550077,173.610888,57.452387,52.781121,0.0,39.029677,0.284264,0.035533,0.101523,0.0,0.015228,0.015228,0.0,0.0,0.0,0.0,0.218274,0.329949,149.111518,39.261019,37.057394,1.621536,31.927408,0,0.0,1372.611562,510.295868,478.971782,45.069391,359.171879,1.0,0,0.0,0.0,0.0,0.0,0.0,0.0,0.0,0.0,1,210.140156,569.560316,277.73877,0.0,40.212365,63.737744,0.0,0.0,0.0,0.0,183.362012,177.432944,0.368952,1.0,0.487637,0.0,0.070602,0.111907,0.0,0.0,0.0,0.0,0.321936,0.311526,0.0,0.0,0.0,0.0,0.0,0.0,28,27.0,7.035714,4.5,3.0,6.038461,757.101421,223.550077,214.678809,40.212365,3.38672,1.0,0.960317,0.179881,0.662952,148.202909
avenue_training_10_clip_000019,avenue,training,10,19,305,336,32,0,0,0.0,32028.27323,7021.44336,7434.674962,141.031697,6904.870588,0,0.0,13.6402,268.421135,164.818503,64.569201,56.928428,7.125016,36.320902,0.328302,0.230189,0.090566,0.011321,0.0,0.0,0.0,0.037736,0.0,0.0,0.030189,0.271698,151.902601,43.647412,32.920495,0.355043,37.418106,0,0.0,1351.445985,670.353662,696.88464,45.069391,461.703274,1.0,0,0.0,0.0,0.0,0.0,0.0,0.0,0.0,0.0,1,260.141384,379.30145,385.863072,54.139235,0.0,0.0,0.0,106.207193,0.0,0.0,135.223429,209.056049,0.674181,0.982995,1.0,0.140307,0.0,0.0,0.0,0.275246,0.0,0.0,0.350444,0.541788,0.0,0.0,0.0,0.0,0.0,0.0,24,31.0,11.041667,6.0,3.0,9.706008,696.467164,268.421135,259.737322,36.51012,2.594681,1.0,0.967648,0.136018,0.604585,162.283353
avenue_training_10_clip_000020,avenue,training,10,20,321,352,32,0,0,0.0,14170.278113,5642.767316,5063.024463,625.0,4004.487942,0,0.0,-2.094189,255.961466,120.706858,62.684092,69.276779,0.0,30.39008,0.506329,0.129747,0.025316,0.0,0.025316,0.0,0.0,0.018987,0.0,0.015823,0.018987,0.259494,126.737109,34.45983,22.239522,0.036885,38.074464,0,0.0,1372.099213,702.365135,631.528404,62.5,416.627497,0.996914,0,0.0,0.0,0.0,0.0,0.0,0.0,0.0,0.0,1,323.787286,205.417189,184.885938,0.0,266.590237,0.0,0.0,160.505504,0.0,219.037087,206.711373,219.074006,1.0,0.63442,0.57101,0.0,0.82335,0.0,0.0,0.495713,0.0,0.676485,0.638417,0.676599,0.083333,0.003086,0.0,0.0,0.003086,0.015738,27,31.0,11.703704,8.0,3.0,8.717011,944.036723,255.961466,219.037087,46.601383,3.688199,1.0,0.855742,0.182064,0.702357,179.776257
avenue_training_10_clip_000021,avenue,training,10,21,337,368,32,0,0,0.0,15788.53877,6396.881666,6519.986052,304.97309,4042.825206,0,0.0,-0.380348,268.174937,113.967049,70.790929,78.315015,11.083173,25.363881,0.373016,0.063492,0.0,0.0,0.0,0.0,0.0,0.0,0.0,0.0,0.079365,0.484127,50.299711,17.954661,16.044694,0.134123,13.927004,0,0.0,1358.422799,742.917247,672.129312,63.737744,442.067538,1.0,0,0.0,0.0,0.0,0.0,0.0,0.0,0.0,0.0,1,241.338809,349.154765,0.0,0.0,0.0,0.0,0.0,0.0,0.0,0.0,361.197601,241.382501,0.668163,0.966659,0.0,0.0,0.0,0.0,0.0,0.0,0.0,0.0,1.0,0.668284,0.0,0.0,0.0,0.0,0.0,0.0,21,31.0,12.0,9.0,3.0,8.766821,586.899802,268.174937,258.405306,57.638282,2.188496,1.0,0.96357,0.214928,0.547765,146.896966
avenue_training_10_clip_000022,avenue,training,10,22,353,384,32,0,0,0.0,16021.795532,6350.898131,6264.331285,195.60004,4407.821213,0,0.0,-14.815311,285.283185,171.38691,68.312261,62.819996,14.099484,37.167245,0.470032,0.0,0.015773,0.0,0.0,0.0,0.0,0.0,0.0347,0.044164,0.041009,0.394322,100.434065,31.634973,22.164569,0.38795,27.16342,0,0.0,1358.365286,756.135918,866.987691,67.31456,427.562835,1.0,0,0.0,0.0,0.0,0.0,0.0,0.0,0.0,0.0,1,290.182661,0.0,56.936666,0.0,0.0,0.0,0.0,0.0,48.282633,355.553323,294.451415,304.7724,0.816144,0.0,0.160135,0.0,0.0,0.0,0.0,0.0,0.135796,1.0,0.82815,0.857178,0.0,0.0,0.0,0.0,0.0,0.0,24,31.0,13.208333,9.0,3.0,9.613268,916.921881,285.283185,255.539482,48.282633,3.214076,1.0,0.89574,0.169245,0.644819,183.956027
avenue_training_10_clip_000023,avenue,training,10,23,369,400,32,0,0,0.0,31043.327869,7837.769549,6369.487923,261.788231,7264.48748,0,0.0,-1.775822,317.421738,163.228776,76.287112,66.127452,7.901257,38.500794,0.195373,0.097686,0.010283,0.007712,0.0,0.0,0.0,0.0,0.0,0.020566,0.156812,0.511568,109.240028,28.665733,21.383165,0.238077,23.996236,0,0.0,1347.799132,769.696074,860.350001,50.0,430.017061,1.0,0,0.0,0.0,0.0,0.0,0.0,0.0,0.0,0.0,1,273.897025,371.994958,75.7888,616.241055,0.0,0.0,0.0,0.0,0.0,741.037596,357.658673,221.338669,0.369613,0.501992,0.102274,0.831592,0.0,0.0,0.0,0.0,0.0,1.0,0.482646,0.298688,0.0,0.0,0.0,0.0,0.0,0.0,38,30.0,10.236842,6.0,3.0,9.015876,1227.043783,317.421738,274.503128,44.764235,3.865658,1.0,0.86479,0.141024,0.724384,229.935324
avenue_training_10_clip_000024,avenue,training,10,24,385,416,32,0,0,0.0,25463.927474,8722.267891,8197.737903,629.159796,5748.038599,0,0.0,0.128139,320.518078,177.682285,79.430479,75.382576,10.868525,41.858022,0.3125,0.034722,0.03125,0.0,0.0,0.0,0.0,0.0,0.020833,0.03125,0.017361,0.552083,113.545796,30.500487,19.223146,0.268031,30.837377,0,0.0,1338.959484,792.054231,820.060973,87.5,388.492287,1.0,0,0.0,0.0,0.0,0.0,0.0,0.0,0.0,0.0,1,262.944445,302.926058,413.088885,0.0,0.0,0.0,0.0,0.0,135.378986,561.790083,474.340043,304.555119,0.468048,0.539216,0.735308,0.0,0.0,0.0,0.0,0.0,0.240978,1.0,0.844337,0.542116,0.0,0.0,0.0,0.0,0.0,0.0,29,31.0,9.931034,6.0,3.0,8.638051,883.917046,320.518078,278.298942,67.522781,2.757776,1.0,0.868278,0.210668,0.578583,185.446245
avenue_training_10_clip_000025,avenue,training,10,25,401,432,32,0,0,0.0,17599.027432,7542.338662,6373.921941,109.071978,4587.051312,0,0.0,0.101648,282.867647,168.609369,76.705774,68.828176,12.528808,38.914787,0.340278,0.079861,0.0,0.010417,0.0,0.0,0.0,0.0,0.0,0.03125,0.09375,0.444444,110.198999,27.961998,16.490991,0.017055,25.550334,0,0.0,1366.164796,749.460494,680.64767,53.033009,393.347305,1.0,0,0.0,0.0,0.0,0.0,0.0,0.0,0.0,0.0,1,295.075789,451.437673,0.0,140.244306,0.0,0.0,0.0,0.0,0.0,307.416587,170.192177,247.607496,0.653636,1.0,0.0,0.310662,0.0,0.0,0.0,0.0,0.0,0.680972,0.377,0.548487,0.0,0.0,0.0,0.0,0.0,0.0,29,31.0,9.931034,7.0,3.0,7.610931,594.307398,282.867647,244.79376,43.661286,2.101009,1.0,0.8654,0.154352,0.503834,142.518425
avenue_training_10_clip_000026,avenue,training,10,26,417,448,32,0,0,0.0,14738.042324,6129.562498,5041.133669,170.220404,4221.845072,0,0.0,-3.672719,236.53838,153.434949,70.471121,63.871423,5.889337,32.581694,0.563739,0.028329,0.0,0.0,0.0,0.0,0.0,0.0,0.0,0.0,0.186969,0.220963,44.270182,18.675758,17.554194,0.700554,12.501267,0,0.0,1362.557338,657.48201,606.01177,51.53882,412.380694,0.996933,0,0.0,0.0,0.0,0.0,0.0,0.0,0.0,0.0,1,235.480978,388.489179,0.0,0.0,0.0,0.0,0.0,0.0,0.0,0.0,289.965828,186.151464,0.606146,1.0,0.0,0.0,0.0,0.0,0.0,0.0,0.0,0.0,0.746394,0.479168,0.058824,0.003067,0.0,0.0,0.003067,0.012375,34,30.0,10.382353,8.0,3.0,7.120867,531.955276,236.53838,235.390899,35.736602,2.248917,1.0,0.995149,0.151082,0.503602,119.121103
avenue_training_10_clip_000027,avenue,training,10,27,433,464,32,0,0,0.0,19372.185422,8847.060849,8150.20879,1390.61205,3736.736346,0,0.0,-0.153324,348.379881,124.040902,74.933005,72.537313,18.813117,24.156994,0.506667,0.050667,0.024,0.0,0.0,0.0,0.0,0.0,0.0,0.021333,0.114667,0.282667,76.305349,24.997663,22.747039,0.375016,19.821311,0,0.0,1373.69256,1025.044575,1164.648552,233.519271,360.863193,1.0,0,0.0,0.0,0.0,0.0,0.0,0.0,0.0,0.0,1,347.312849,467.382006,333.257087,0.0,0.0,0.0,0.0,0.0,0.0,207.929114,271.283028,391.53917,0.743103,1.0,0.713029,0.0,0.0,0.0,0.0,0.0,0.0,0.44488,0.580431,0.837728,0.0,0.0,0.0,0.0,0.0,0.0,27,31.0,13.888889,13.0,3.0,9.326717,683.897111,348.379881,318.363924,64.751104,1.963079,1.0,0.913841,0.185863,0.407095,141.823586
avenue_training_10_clip_000028,avenue,training,10,28,449,480,32,0,0,0.0,22126.364174,6523.158911,6576.741376,138.523005,4334.3919,0,0.0,1.343491,294.531277,157.464069,72.072544,73.22879,21.588015,32.692103,0.480094,0.018735,0.0,0.007026,0.0,0.0,0.0,0.0,0.0,0.0,0.030445,0.4637,111.299747,22.513728,18.845675,1.797156,20.023876,0,0.0,1358.307771,767.018991,886.208023,45.069391,409.206078,0.998148,0,0.0,0.0,0.0,0.0,0.0,0.0,0.0,0.0,1,286.516332,104.712755,0.0,268.952594,0.0,0.0,0.0,0.0,0.0,0.0,183.559723,356.414814,0.803884,0.293795,0.0,0.754606,0.0,0.0,0.0,0.0,0.0,0.0,0.515017,1.0,0.066667,0.001852,0.0,0.0,0.001852,0.010956,36,31.0,11.861111,8.5,3.0,9.481423,653.26254,294.531277,286.842296,42.298931,2.217973,1.0,0.973894,0.143614,0.519104,152.892305
avenue_training_10_clip_000029,avenue,training,10,29,465,496,32,0,0,0.0,31112.808434,6449.202119,7028.797358,107.233047,5741.271232,0,0.0,-3.204346,285.892941,146.672263,62.785778,61.50512,2.710034,32.981284,0.32598,0.068627,0.0,0.0,0.0,0.0,0.0,0.0,0.0,0.009804,0.068627,0.526961,66.807844,21.693944,15.263174,0.609434,18.831284,0,0.0,1346.291202,706.73123,738.241153,63.737744,452.737802,1.0,0,0.0,0.0,0.0,0.0,0.0,0.0,0.0,0.0,1,259.690926,318.266975,0.0,0.0,0.0,0.0,0.0,0.0,0.0,963.762701,411.443716,227.352894,0.269455,0.330234,0.0,0.0,0.0,0.0,0.0,0.0,0.0,1.0,0.426914,0.235901,0.0,0.0,0.0,0.0,0.0,0.0,39,31.0,10.461538,7.0,3.0,7.977038,963.762701,285.892941,276.07292,54.403567,3.371062,1.0,0.965651,0.190293,0.670832,191.786056
avenue_training_10_clip_000030,avenue,training,10,30,481,512,32,0,0,0.0,28209.796564,8122.471533,7340.090043,111.972229,5982.890697,0,0.0,-8.761214,299.131747,148.733834,72.156115,74.277165,15.24087,30.074328,0.392544,0.026316,0.0,0.0,0.0,0.0,0.0,0.0,0.006579,0.008772,0.107456,0.458333,105.167348,23.297452,15.931645,4.84885,21.207572,0,0.0,1362.729338,903.576434,1115.025224,63.737744,408.474634,1.0,0,0.0,0.0,0.0,0.0,0.0,0.0,0.0,0.0,1,266.41245,386.818409,0.0,0.0,0.0,0.0,0.0,0.0,661.824052,539.624772,347.27692,248.410806,0.402543,0.584473,0.0,0.0,0.0,0.0,0.0,0.0,1.0,0.81536,0.524727,0.375343,0.0,0.0,0.0,0.0,0.0,0.0,33,31.0,13.818182,12.0,3.0,9.2849,661.824052,299.131747,285.203917,58.419566,2.212483,1.0,0.953439,0.195297,0.482747,144.404949
avenue_training_10_clip_000031,avenue,training,10,31,497,528,32,0,0,0.0,31465.068977,9195.895727,8205.82242,234.83479,7362.811648,0,0.0,-4.702255,324.324455,151.15734,70.643301,75.584952,0.759846,33.599558,0.417526,0.030928,0.015464,0.0,0.0,0.0,0.0,0.0,0.0,0.030928,0.064433,0.440722,86.446268,27.199093,25.734796,1.186862,22.13756,0,0.0,1370.732012,856.75985,1012.761212,58.925565,436.05787,0.99537,0,0.0,0.0,0.0,0.0,0.0,0.0,0.0,0.0,1,345.22251,290.607844,465.34157,0.0,0.0,0.0,0.0,0.0,0.0,416.057717,275.655411,299.430867,0.741869,0.624504,1.0,0.0,0.0,0.0,0.0,0.0,0.0,0.894091,0.592372,0.643465,0.166667,0.00463,0.0,0.0,0.00463,0.027389,36,30.0,10.777778,6.0,3.0,8.657402,719.469325,324.324455,312.737487,51.331652,2.218363,1.0,0.964274,0.158273,0.509521,165.250164
avenue_training_10_clip_000032,avenue,training,10,32,513,544,32,0,0,0.0,18874.686671,6279.927589,6154.120562,30.943598,4662.57513,0,0.0,-2.001157,270.531196,148.800758,63.167065,60.424654,7.815294,33.694541,0.375587,0.016432,0.00939,0.007042,0.0,0.0,0.0,0.0,0.0,0.016432,0.13615,0.438967,112.850224,24.140257,14.61146,1.425958,24.951427,0,0.0,1338.025598,741.42974,848.228757,53.033009,446.74948,1.0,0,0.0,0.0,0.0,0.0,0.0,0.0,0.0,0.0,1,246.58597,44.693691,442.217856,334.379251,0.0,0.0,0.0,0.0,0.0,618.113167,327.877127,213.051333,0.398933,0.072307,0.715432,0.540968,0.0,0.0,0.0,0.0,0.0,1.0,0.530448,0.34468,0.0,0.0,0.0,0.0,0.0,0.0,38,31.0,11.210526,8.0,3.0,9.08196,931.46563,270.531196,236.475121,44.693691,3.443099,1.0,0.874114,0.165207,0.639086,172.892702
avenue_training_10_clip_000033,avenue,training,10,33,529,560,32,0,0,0.0,20996.109559,5583.865886,4427.158953,11.53857,4723.914531,0,0.0,3.122362,233.427667,135.0,61.31107,61.731476,1.789911,32.207442,0.2711,0.104859,0.007673,0.0,0.0,0.0,0.0,0.0,0.0,0.015345,0.033248,0.567775,82.812587,22.149921,18.965262,0.047734,18.750348,0,0.0,1335.337036,615.879015,664.384113,63.737744,407.428947,1.0,0,0.0,0.0,0.0,0.0,0.0,0.0,0.0,0.0,1,230.010086,221.497592,244.501369,0.0,0.0,0.0,0.0,0.0,0.0,661.877862,86.997931,241.572957,0.347511,0.33465,0.369406,0.0,0.0,0.0,0.0,0.0,0.0,1.0,0.131441,0.364981,0.0,0.0,0.0,0.0,0.0,0.0,35,31.0,11.171429,7.0,3.0,9.185348,712.467326,233.427667,204.730687,55.441767,3.052197,1.0,0.877063,0.237512,0.643316,150.167679
avenue_training_10_clip_000034,avenue,training,10,34,545,576,32,0,0,0.0,19409.392507,6488.029384,6495.308412,0.0,4685.717444,0,0.0,1.709204,294.6094,122.843272,69.701767,70.200981,11.309932,26.413658,0.394015,0.084788,0.0,0.0,0.009975,0.0,0.0,0.0,0.0,0.007481,0.027431,0.476309,127.746792,22.491045,12.120182,0.200115,26.678446,0,0.0,1358.422799,799.99613,937.58333,63.737744,459.217049,0.998955,0,0.0,0.0,0.0,0.0,0.0,0.0,0.0,0.0,1,318.927748,229.479761,0.0,0.0,765.696021,0.0,0.0,0.0,0.0,92.41182,509.141451,238.512879,0.41652,0.299701,0.0,0.0,1.0,0.0,0.0,0.0,0.0,0.12069,0.664939,0.311498,0.034483,0.001045,0.0,0.0,0.001045,0.005911,33,31.0,12.151515,7.0,3.0,9.251114,765.696021,294.6094,260.591669,50.850097,2.599021,1.0,0.884533,0.172602,0.627325,184.815955
avenue_training_10_clip_000035,avenue,training,10,35,561,592,32,0,0,0.0,16905.164287,5949.370808,5387.954169,415.155876,3995.150636,0,0.0,-6.5013,291.003471,179.557017,74.914582,73.119026,21.801409,33.715994,0.141711,0.080214,0.008021,0.008021,0.0,0.0,0.0,0.0,0.008021,0.008021,0.05615,0.68984,118.442085,27.021056,17.746966,0.350594,28.129982,0,0.0,1340.009328,731.143261,685.701782,45.069391,422.604714,1.0,0,0.0,0.0,0.0,0.0,0.0,0.0,0.0,0.0,1,243.562567,550.244641,28.784695,237.999203,0.0,0.0,0.0,0.0,253.874368,509.918975,373.831465,261.809761,0.442644,1.0,0.052313,0.432533,0.0,0.0,0.0,0.0,0.461385,0.926713,0.679391,0.475806,0.0,0.0,0.0,0.0,0.0,0.0,34,31.0,11.0,5.5,3.0,9.785944,737.384209,291.003471,240.168188,28.784695,2.533936,1.0,0.82531,0.098915,0.614175,178.727065
avenue_training_10_clip_000036,avenue,training,10,36,577,608,32,0,0,0.0,13570.053381,5144.645472,5098.915806,430.206652,3645.955303,0,0.0,2.567604,238.329302,133.781125,61.360492,65.954356,7.699952,26.825557,0.287726,0.008048,0.006036,0.006036,0.0,0.0,0.0,0.0,0.0,0.0,0.028169,0.663984,115.413944,20.700762,12.810573,0.349879,23.585694,0,0.0,1364.047287,756.082909,835.443888,79.056942,433.425019,1.0,0,0.0,0.0,0.0,0.0,0.0,0.0,0.0,0.0,1,262.525377,97.722132,247.291019,666.917568,0.0,0.0,0.0,0.0,0.0,0.0,191.126604,213.535682,0.39364,0.146528,0.370797,1.0,0.0,0.0,0.0,0.0,0.0,0.0,0.286582,0.320183,0.0,0.0,0.0,0.0,0.0,0.0,34,31.0,14.617647,12.5,3.0,9.881696,666.917568,238.329302,234.595671,49.918093,2.798303,1.0,0.984335,0.20945,0.542331,129.253467
avenue_training_10_clip_000037,avenue,training,10,37,593,624,32,0,0,0.0,16470.044957,5805.566343,5647.517668,259.201348,4014.786818,0,0.0,-3.387321,261.04948,148.736268,75.09279,70.262195,18.946505,33.629729,0.426434,0.037406,0.0,0.0,0.0,0.0,0.0,0.0,0.009975,0.0,0.01995,0.506234,104.72416,21.334764,18.26268,0.261088,19.174635,0,0.0,1292.405703,704.817945,699.137046,55.901699,440.960607,1.0,0,0.0,0.0,0.0,0.0,0.0,0.0,0.0,0.0,1,254.050837,143.637616,0.0,0.0,0.0,0.0,0.0,0.0,839.527588,0.0,167.889643,271.371245,0.302612,0.171093,0.0,0.0,0.0,0.0,0.0,0.0,1.0,0.0,0.199981,0.323243,0.0,0.0,0.0,0.0,0.0,0.0,38,31.0,10.552632,7.0,3.0,8.261188,839.527588,261.04948,232.28096,48.989664,3.215971,1.0,0.889796,0.187664,0.703182,183.565342
avenue_training_10_clip_000038,avenue,training,10,38,609,640,32,0,0,0.0,24809.639855,6433.95031,4504.225348,199.345253,5328.135696,0,0.0,-5.328421,263.277055,145.360473,67.068531,64.131153,15.945396,29.037184,0.443902,0.05122,0.009756,0.0,0.0,0.0,0.0,0.0,0.007317,0.014634,0.109756,0.363415,86.812347,22.80296,16.679307,0.501924,20.238889,0,0.0,1361.639637,737.293232,771.767452,76.034532,413.239252,1.0,0,0.0,0.0,0.0,0.0,0.0,0.0,0.0,0.0,1,198.747759,402.900825,282.740865,0.0,0.0,0.0,0.0,0.0,552.094497,243.477041,352.718653,252.496469,0.359989,0.729768,0.512124,0.0,0.0,0.0,0.0,0.0,1.0,0.441006,0.638874,0.457343,0.0,0.0,0.0,0.0,0.0,0.0,39,31.0,10.512821,6.0,3.0,7.472589,719.191131,263.277055,210.24363,67.942426,2.731689,1.0,0.798564,0.258064,0.617185,162.490739
avenue_training_10_clip_000039,avenue,training,10,39,625,656,32,0,0,0.0,29877.447522,7327.024875,6036.465725,259.672467,7072.558374,0,0.0,-1.974641,292.173511,133.11885,63.990393,66.362053,3.154107,32.193698,0.380488,0.019512,0.009756,0.0,0.0,0.0,0.0,0.0,0.0,0.0,0.026829,0.563415,80.230418,18.082681,13.446173,0.39094,15.177234,0,0.0,1374.147463,797.714609,838.339132,72.886899,456.022163,1.0,0,0.0,0.0,0.0,0.0,0.0,0.0,0.0,0.0,1,285.786936,442.6001,331.367568,0.0,0.0,0.0,0.0,0.0,0.0,0.0,111.527588,298.307045,0.6457,1.0,0.748684,0.0,0.0,0.0,0.0,0.0,0.0,0.0,0.251983,0.673988,0.0,0.0,0.0,0.0,0.0,0.0,35,31.0,11.714286,7.0,3.0,9.256878,806.029736,292.173511,236.201855,53.383633,2.758737,1.0,0.80843,0.182712,0.656809,191.902271
avenue_training_10_clip_000040,avenue,training,10,40,641,672,32,0,0,0.0,20723.40063,7383.854557,6881.760982,76.742255,5047.308433,0,0.0,-1.837383,267.549105,133.601693,63.526833,60.994596,0.502543,33.786862,0.208955,0.084577,0.017413,0.0,0.0,0.0,0.0,0.0,0.0,0.027363,0.032338,0.629353,86.602944,25.244408,16.249533,1.225105,23.435734,0,0.0,1367.707937,705.544958,784.26881,69.877124,366.180978,1.0,0,0.0,0.0,0.0,0.0,0.0,0.0,0.0,0.0,1,277.464648,317.138625,271.307373,0.0,0.0,0.0,0.0,0.0,0.0,539.133543,230.88814,221.790868,0.514649,0.588238,0.503229,0.0,0.0,0.0,0.0,0.0,0.0,1.0,0.428258,0.411384,0.0,0.0,0.0,0.0,0.0,0.0,38,31.0,10.578947,7.0,3.0,8.940245,540.690381,267.549105,272.189346,65.784204,2.020901,1.0,1.017343,0.245877,0.446307,119.409079
avenue_training_10_clip_000041,avenue,training,10,41,657,688,32,0,0,0.0,15959.581096,6221.995059,6995.699875,367.485838,3753.168101,0,0.0,-4.583223,253.277686,179.555856,68.459577,65.879042,7.987496,35.340769,0.319095,0.072864,0.007538,0.0,0.007538,0.0,0.0,0.0,0.0,0.035176,0.025126,0.532663,149.861246,27.437689,13.358627,0.161068,32.372276,0,0.0,1365.306742,708.55629,690.335064,75.0,439.758647,1.0,0,0.0,0.0,0.0,0.0,0.0,0.0,0.0,0.0,1,280.268646,136.097735,94.065602,0.0,102.035542,0.0,0.0,0.0,0.0,238.91814,328.44863,278.367819,0.85331,0.414365,0.286394,0.0,0.310659,0.0,0.0,0.0,0.0,0.727414,1.0,0.847523,0.0,0.0,0.0,0.0,0.0,0.0,33,31.0,12.060606,6.0,3.0,9.654452,582.075955,253.277686,224.327828,58.11013,2.298173,1.0,0.885699,0.229432,0.544122,137.814037
avenue_training_10_clip_000042,avenue,training,10,42,673,704,32,0,0,0.0,20302.174319,6948.836669,5806.033903,242.851297,5163.633996,0,0.0,1.198608,269.337833,155.592899,77.660584,69.699353,5.063617,36.338982,0.350649,0.038961,0.007792,0.007792,0.0,0.007792,0.0,0.0,0.01039,0.018182,0.101299,0.457143,171.870878,30.181638,16.117485,0.67509,33.27734,0,0.0,1336.50664,623.303654,648.676537,45.069391,344.743988,1.0,0,0.0,0.0,0.0,0.0,0.0,0.0,0.0,0.0,1,201.629659,236.397748,247.91734,622.332096,0.0,401.994652,0.0,0.0,310.093923,395.036485,329.313042,271.933475,0.32399,0.379858,0.398368,1.0,0.0,0.645949,0.0,0.0,0.498277,0.634768,0.52916,0.436959,0.0,0.0,0.0,0.0,0.0,0.0,43,31.0,8.953488,5.0,3.0,8.109579,622.332096,269.337833,244.996866,40.212365,2.3106,1.0,0.909627,0.149301,0.560098,150.855658
avenue_training_10_clip_000043,avenue,training,10,43,689,720,32,0,0,0.0,24751.980095,8358.410453,7185.020505,233.285154,5404.462529,0,0.0,2.347114,320.637411,152.831062,72.423226,71.928134,8.993792,31.002508,0.336683,0.062814,0.027638,0.007538,0.0,0.0,0.0,0.0,0.0,0.0,0.057789,0.507538,113.368709,25.799905,20.67642,0.345912,24.534479,0,0.0,1310.116884,813.511453,814.968539,88.388348,355.474541,1.0,0,0.0,0.0,0.0,0.0,0.0,0.0,0.0,0.0,1,335.641098,415.593486,306.814243,376.876339,0.0,0.0,0.0,0.0,0.0,0.0,346.939541,268.309377,0.807619,1.0,0.738256,0.906839,0.0,0.0,0.0,0.0,0.0,0.0,0.834805,0.645605,0.0,0.0,0.0,0.0,0.0,0.0,38,31.0,10.473684,6.0,3.0,9.298378,751.518159,320.637411,291.484563,83.722645,2.343826,1.0,0.909079,0.261113,0.471844,151.290723
avenue_training_10_clip_000044,avenue,training,10,44,705,736,32,0,0,0.0,19841.580212,5227.261064,4002.173628,195.450438,4695.083054,0,0.0,-1.21172,273.801406,179.793901,68.289681,60.805087,4.398705,44.979286,0.158442,0.036364,0.036364,0.0,0.0,0.0,0.0,0.0,0.0,0.028571,0.051948,0.688312,77.952211,25.402363,14.032895,0.594738,24.433827,0,0.0,1357.214519,648.195488,649.146684,51.53882,416.864958,1.0,0,0.0,0.0,0.0,0.0,0.0,0.0,0.0,0.0,1,183.894635,478.701105,236.283398,0.0,0.0,0.0,0.0,0.0,0.0,342.77763,386.199602,240.816516,0.384153,1.0,0.493593,0.0,0.0,0.0,0.0,0.0,0.0,0.716058,0.806766,0.503062,0.0,0.0,0.0,0.0,0.0,0.0,32,31.0,12.03125,8.0,3.0,9.716238,933.289393,273.801406,240.207384,45.533646,3.408636,1.0,0.877306,0.166302,0.784879,214.9009
avenue_training_10_clip_000045,avenue,training,10,45,721,752,32,0,0,0.0,26648.819002,6047.474622,4714.622442,279.052902,5289.810914,0,0.0,-1.551411,267.694156,137.135765,66.743719,62.647871,9.453374,27.179423,0.337156,0.052752,0.0,0.0,0.0,0.0,0.0,0.0,0.0,0.009174,0.041284,0.559633,71.265202,20.461205,15.275609,0.869361,17.581652,0,0.0,1346.34923,754.497823,749.700816,50.0,432.808977,1.0,0,0.0,0.0,0.0,0.0,0.0,0.0,0.0,0.0,1,253.159686,429.593145,0.0,0.0,0.0,0.0,0.0,0.0,0.0,449.033182,257.741177,233.60145,0.563788,0.956707,0.0,0.0,0.0,0.0,0.0,0.0,0.0,1.0,0.573991,0.520232,0.0,0.0,0.0,0.0,0.0,0.0,32,31.0,13.625,10.0,3.0,10.382527,727.956445,267.694156,211.465022,34.31695,2.719359,1.0,0.78995,0.128195,0.662474,177.340445
avenue_training_10_clip_000046,avenue,training,10,46,737,768,32,0,0,0.0,17727.213576,6225.923782,5566.611082,120.364002,4717.401806,0,0.0,3.047411,246.186136,170.279983,69.67127,68.698203,9.217474,35.972363,0.387097,0.039702,0.0,0.0,0.007444,0.0,0.0,0.0,0.0,0.0,0.044665,0.521092,126.868429,23.171295,17.497208,1.945576,23.768243,0,0.0,1362.729338,716.618746,696.832445,53.033009,450.967444,0.998264,0,0.0,0.0,0.0,0.0,0.0,0.0,0.0,0.0,1,222.297233,137.917953,0.0,0.0,548.807926,0.0,0.0,0.0,0.0,0.0,301.406772,269.776636,0.405055,0.251305,0.0,0.0,1.0,0.0,0.0,0.0,0.0,0.0,0.549203,0.491568,0.055556,0.001736,0.0,0.0,0.001736,0.009666,32,31.0,12.59375,9.0,3.0,9.397005,633.452361,246.186136,217.029579,48.367306,2.573063,1.0,0.881567,0.196466,0.58072,142.965284
avenue_training_10_clip_000047,avenue,training,10,47,753,784,32,0,0,0.0,27961.570054,8494.550023,6901.566024,30.943598,6996.641664,0,0.0,5.830923,282.890356,158.428693,65.636636,69.299077,3.366461,31.897087,0.291005,0.034392,0.037037,0.0,0.0,0.0,0.0,0.0,0.0,0.007937,0.0,0.62963,85.045269,21.967038,14.932187,1.771847,19.333392,0,0.0,1338.434253,858.540138,985.833091,63.737744,407.166453,1.0,0,0.0,0.0,0.0,0.0,0.0,0.0,0.0,0.0,1,259.814951,288.167766,377.130842,0.0,0.0,0.0,0.0,0.0,0.0,596.731401,0.0,262.252076,0.435397,0.48291,0.631994,0.0,0.0,0.0,0.0,0.0,0.0,1.0,0.0,0.439481,0.0,0.0,0.0,0.0,0.0,0.0,34,31.0,11.117647,7.5,3.0,8.860901,672.805071,282.890356,258.73729,55.255405,2.378325,1.0,0.91462,0.195324,0.543476,153.743996
avenue_training_10_clip_000048,avenue,training,10,48,769,800,32,0,0,0.0,29177.490133,7770.86576,7240.852132,478.903549,5300.013007,0,0.0,-0.804777,276.423547,128.38654,65.697745,64.48927,20.376435,24.360293,0.405941,0.049505,0.0,0.0,0.009901,0.0,0.0,0.0,0.0,0.029703,0.023102,0.481848,121.800189,24.699664,10.627684,2.360331,26.551809,0,0.0,1355.774686,788.658963,850.183804,113.192314,405.432728,1.0,0,0.0,0.0,0.0,0.0,0.0,0.0,0.0,0.0,1,239.681068,388.901481,0.0,0.0,172.610396,0.0,0.0,0.0,0.0,284.652874,215.553939,298.158519,0.616303,1.0,0.0,0.0,0.443841,0.0,0.0,0.0,0.0,0.731941,0.554264,0.766669,0.0,0.0,0.0,0.0,0.0,0.0,29,31.0,10.448276,7.0,3.0,8.961936,671.93815,276.423547,264.323476,82.365567,2.430828,1.0,0.956226,0.297969,0.444116,122.764169
avenue_training_10_clip_000049,avenue,training,10,49,785,816,32,0,0,0.0,23121.121959,6530.812377,5784.549606,157.155818,5331.327088,0,0.0,-6.281944,249.653876,113.198591,62.647471,62.424861,7.125016,25.760157,0.213235,0.0,0.0,0.0,0.0,0.0,0.0,0.0,0.0,0.0,0.029412,0.757353,34.049017,11.647757,11.687973,0.289985,8.957824,0,0.0,1343.328422,772.024311,923.429822,67.31456,423.127194,0.995833,0,0.0,0.0,0.0,0.0,0.0,0.0,0.0,0.0,1,317.220749,0.0,0.0,0.0,0.0,0.0,0.0,0.0,0.0,0.0,343.490173,200.231056,0.923522,0.0,0.0,0.0,0.0,0.0,0.0,0.0,0.0,0.0,1.0,0.582931,0.083333,0.004167,0.0,0.0,0.004167,0.018162,20,31.0,13.6,9.0,3.0,10.13114,599.984679,249.653876,246.523185,49.237266,2.403266,1.0,0.98746,0.197222,0.529766,132.258231
avenue_training_10_clip_000050,avenue,training,10,50,801,832,32,0,0,0.0,15751.168756,6506.608694,6380.264175,342.014297,4075.269374,0,0.0,-10.550814,285.257984,177.677964,72.942475,68.269468,4.398705,36.480493,0.459877,0.0,0.024691,0.0,0.0,0.0,0.0,0.0,0.0,0.046296,0.083333,0.385802,96.209722,31.326212,27.388443,4.098399,24.148363,0,0.0,1272.914962,797.84985,861.352458,72.886899,381.802591,0.998611,0,0.0,0.0,0.0,0.0,0.0,0.0,0.0,0.0,1,222.204351,0.0,406.616085,0.0,0.0,0.0,0.0,0.0,0.0,294.169182,384.745307,238.756416,0.546472,0.0,1.0,0.0,0.0,0.0,0.0,0.0,0.0,0.723457,0.946213,0.587179,0.033333,0.001389,0.0,0.0,0.001389,0.006661,24,31.0,13.5,8.0,3.0,10.428327,566.048289,285.257984,253.777022,64.394299,1.984338,1.0,0.889641,0.225741,0.45392,129.484332
avenue_training_10_clip_000051,avenue,training,10,51,817,848,32,0,0,0.0,17677.791928,6589.800653,6083.787336,393.734036,4342.95141,0,0.0,-9.292252,262.467067,108.395274,57.633503,54.336212,8.349622,25.412775,0.216117,0.032967,0.0,0.0,0.0,0.0,0.0,0.0,0.021978,0.0,0.065934,0.663004,101.630327,23.37661,17.328471,0.589378,24.10074,0,0.0,1362.729338,691.108337,566.444297,50.0,374.917828,1.0,0,0.0,0.0,0.0,0.0,0.0,0.0,0.0,0.0,1,293.793454,232.825903,0.0,0.0,0.0,0.0,0.0,0.0,294.051377,0.0,186.056752,253.994004,0.999123,0.791786,0.0,0.0,0.0,0.0,0.0,0.0,1.0,0.0,0.632736,0.863774,0.0,0.0,0.0,0.0,0.0,0.0,26,31.0,10.5,7.5,3.0,8.661364,674.613511,262.467067,210.693266,39.500426,2.570279,1.0,0.802742,0.150497,0.514169,134.952321
avenue_training_10_clip_000052,avenue,training,10,52,833,864,32,0,0,0.0,18690.790178,6454.196416,5416.560328,344.329577,5098.904142,0,0.0,0.359264,275.657831,140.703276,65.245135,55.641126,12.634047,38.693428,0.31295,0.021583,0.0,0.0,0.0,0.0,0.0,0.0,0.0,0.0,0.014388,0.651079,44.526356,13.900387,10.572609,1.113061,10.460025,0,0.0,1352.081728,723.903091,689.398776,62.5,450.449131,1.0,0,0.0,0.0,0.0,0.0,0.0,0.0,0.0,0.0,1,344.156488,226.915806,0.0,0.0,0.0,0.0,0.0,0.0,0.0,0.0,280.193733,231.636155,1.0,0.659339,0.0,0.0,0.0,0.0,0.0,0.0,0.0,0.0,0.814146,0.673055,0.0,0.0,0.0,0.0,0.0,0.0,24,30.0,11.583333,6.0,4.0,8.929897,710.576752,275.657831,227.988706,46.393251,2.577749,1.0,0.827071,0.1683,0.671746,185.172065
avenue_training_10_clip_000053,avenue,training,10,53,849,880,32,0,0,0.0,22225.814544,6227.080103,5351.772434,335.407414,5065.27338,0,0.0,1.403609,256.565273,154.138078,64.024146,51.978464,6.340192,39.684659,0.348361,0.0,0.045082,0.0,0.0,0.0,0.0,0.0,0.0,0.0,0.122951,0.483607,73.794166,25.63705,22.548592,1.310684,21.553274,0,0.0,1249.062148,656.026369,564.856176,45.069391,406.082308,1.0,0,0.0,0.0,0.0,0.0,0.0,0.0,0.0,0.0,1,260.955111,0.0,199.792848,0.0,0.0,0.0,0.0,0.0,0.0,0.0,225.342899,310.320743,0.840921,0.0,0.643827,0.0,0.0,0.0,0.0,0.0,0.0,0.0,0.726161,1.0,0.0,0.0,0.0,0.0,0.0,0.0,23,31.0,10.608696,6.0,3.0,9.015634,812.806732,256.565273,238.466794,36.125193,3.168031,1.0,0.929459,0.140803,0.713655,183.098983
avenue_training_10_clip_000054,avenue,training,10,54,865,896,32,0,0,0.0,25227.575228,7101.465422,5402.452548,388.929995,5655.811466,0,0.0,0.095323,253.577872,93.450681,56.590448,60.646615,9.102745,22.615526,0.513158,0.0,0.017544,0.026316,0.0,0.0,0.0,0.0,0.02193,0.0,0.0,0.421053,119.618005,22.453596,8.70503,0.072774,33.426597,0,0.0,1367.136606,767.852725,795.318341,51.53882,421.749088,1.0,0,0.0,0.0,0.0,0.0,0.0,0.0,0.0,0.0,1,235.869453,0.0,50.809056,246.612542,0.0,0.0,0.0,0.0,226.071621,0.0,0.0,307.707552,0.766538,0.0,0.165121,0.801451,0.0,0.0,0.0,0.0,0.734696,0.0,0.0,1.0,0.0,0.0,0.0,0.0,0.0,0.0,18,31.0,12.666667,9.5,3.0,9.527737,605.784219,253.577872,247.081944,39.744835,2.388947,1.0,0.974383,0.156736,0.588286,149.176349
avenue_training_10_clip_000055,avenue,training,10,55,881,912,32,0,0,0.0,18763.992894,7474.714125,8132.231253,344.389295,5210.30965,0,0.0,5.785005,302.801512,166.75948,76.623928,72.931382,30.476108,30.103255,0.260465,0.106977,0.0,0.013953,0.0,0.0,0.0,0.0,0.0,0.037209,0.093023,0.488372,106.206822,27.752912,16.484436,2.760672,24.778151,0,0.0,1327.886008,748.89359,751.400191,97.628121,411.189751,1.0,0,0.0,0.0,0.0,0.0,0.0,0.0,0.0,0.0,1,321.823796,205.237197,0.0,820.611546,0.0,0.0,0.0,0.0,0.0,549.853723,200.812068,248.183781,0.392176,0.250103,0.0,1.0,0.0,0.0,0.0,0.0,0.0,0.670054,0.24471,0.302438,0.0,0.0,0.0,0.0,0.0,0.0,20,29.0,10.75,7.5,3.0,8.251515,820.611546,302.801512,301.262304,90.740335,2.710064,1.0,0.994916,0.299669,0.557422,168.788123
avenue_training_10_clip_000056,avenue,training,10,56,897,928,32,0,0,0.0,16522.041616,6419.314449,4182.190548,293.559535,5171.348012,0,0.0,12.90661,224.408398,122.689012,62.469377,66.88852,3.366461,25.352196,0.25,0.075581,0.05814,0.0,0.0,0.0,0.0,0.0,0.0,0.110465,0.034884,0.47093,86.280388,27.576023,15.298091,5.26099,22.434506,0,0.0,1224.872442,610.418275,637.530637,79.056942,354.309844,0.993464,0,0.0,0.0,0.0,0.0,0.0,0.0,0.0,0.0,1,204.757565,249.215268,315.168687,0.0,0.0,0.0,0.0,0.0,0.0,202.164404,367.236619,187.356074,0.557563,0.678623,0.858217,0.0,0.0,0.0,0.0,0.0,0.0,0.550502,1.0,0.510178,0.111111,0.006536,0.0,0.0,0.006536,0.026144,17,30.0,10.117647,6.0,3.0,8.58098,367.236619,224.408398,209.545959,73.185751,1.636466,1.0,0.933771,0.326128,0.404237,90.714218
avenue_training_10_clip_000057,avenue,training,10,57,913,944,32,0,0,0.0,10302.883023,4447.079424,4877.926637,85.110202,2871.645747,0,0.0,-7.601754,220.150304,120.162458,56.782697,49.006485,6.009006,31.093216,0.359155,0.190141,0.0,0.0,0.0,0.0,0.0,0.0,0.021127,0.0,0.126761,0.302817,105.958794,31.596861,19.70283,1.41481,29.030283,0,0.0,1312.738074,638.720096,643.476884,95.197164,428.880732,1.0,0,0.0,0.0,0.0,0.0,0.0,0.0,0.0,0.0,1,216.687203,283.21386,0.0,0.0,0.0,0.0,0.0,0.0,148.726321,0.0,174.99158,215.618028,0.765101,1.0,0.0,0.0,0.0,0.0,0.0,0.0,0.525138,0.0,0.617878,0.761326,0.0,0.0,0.0,0.0,0.0,0.0,13,30.0,10.923077,10.0,3.0,7.290263,374.561028,220.150304,212.875227,68.673182,1.701388,1.0,0.966954,0.311938,0.473255,104.187273
avenue_training_10_clip_000058,avenue,training,10,58,929,960,32,0,0,0.0,12481.372731,4402.703924,3629.007231,278.692154,3628.338487,0,0.0,4.510456,193.843865,145.388858,54.353318,44.993173,0.61606,39.377391,0.119403,0.037313,0.037313,0.0,0.022388,0.0,0.0,0.0,0.0,0.022388,0.0,0.761194,122.025787,32.954296,23.832346,4.175378,32.410016,0,0.0,1096.158063,445.019655,372.910847,100.0,287.39488,1.0,0,0.0,0.0,0.0,0.0,0.0,0.0,0.0,0.0,1,226.412195,199.947873,196.410946,0.0,139.112183,0.0,0.0,0.0,0.0,170.594263,0.0,190.294515,1.0,0.883114,0.867493,0.0,0.61442,0.0,0.0,0.0,0.0,0.753468,0.0,0.840478,0.0,0.0,0.0,0.0,0.0,0.0,15,24.0,8.933333,5.0,3.0,6.475252,311.957199,193.843865,196.410946,87.602373,1.609322,1.0,1.013243,0.451922,0.39769,77.08972
avenue_training_10_clip_000059,avenue,training,10,59,945,976,32,0,0,0.0,9574.467189,3719.640445,3927.10629,356.252908,2590.255603,0,0.0,8.293809,178.446862,96.037644,63.08605,60.711042,1.558684,27.429087,0.460993,0.0,0.0,0.0,0.021277,0.0,0.0,0.0,0.0,0.0,0.056738,0.460993,113.423665,24.224396,18.650421,0.416525,28.748657,0,0.0,1351.445985,492.533416,350.63713,75.0,406.311956,1.0,0,0.0,0.0,0.0,0.0,0.0,0.0,0.0,0.0,1,206.486181,0.0,0.0,0.0,51.475425,0.0,0.0,0.0,0.0,0.0,109.832884,191.741806,1.0,0.0,0.0,0.0,0.249292,0.0,0.0,0.0,0.0,0.0,0.531914,0.928594,0.0,0.0,0.0,0.0,0.0,0.0,14,30.0,10.071429,4.5,3.0,9.391974,442.718445,178.446862,163.646942,51.475425,2.480954,1.0,0.917063,0.288464,0.58146,103.759681
avenue_training_10_clip_000060,avenue,training,10,60,961,992,32,0,0,0.0,18270.25165,4932.560219,3973.239501,392.134767,4181.676957,0,0.0,11.384531,192.61847,101.082053,56.695923,62.131413,5.152423,27.150747,0.182432,0.168919,0.033784,0.0,0.0,0.0,0.0,0.0,0.0,0.02027,0.02027,0.574324,82.333807,27.517903,20.586234,1.240464,22.778373,0,0.0,1362.557338,493.981204,441.632271,70.710678,330.098633,1.0,0,0.0,0.0,0.0,0.0,0.0,0.0,0.0,0.0,1,143.02151,160.996385,58.766565,0.0,0.0,0.0,0.0,0.0,0.0,472.934099,243.350831,224.478908,0.302413,0.34042,0.12426,0.0,0.0,0.0,0.0,0.0,0.0,1.0,0.514555,0.474652,0.0,0.0,0.0,0.0,0.0,0.0,17,31.0,8.705882,5.0,3.0,7.282248,472.934099,192.61847,199.395077,58.766565,2.455289,1.0,1.035181,0.305093,0.497263,95.782145
avenue_training_10_clip_000061,avenue,training,10,61,977,1008,32,0,0,0.0,20019.319727,7028.540483,5185.244843,526.844689,5442.796211,0,0.0,-2.030651,301.473241,135.493107,61.405367,64.483552,8.130102,36.600379,0.320611,0.030534,0.0,0.0,0.0,0.0,0.0,0.0,0.0,0.0,0.068702,0.580153,42.831815,18.51055,16.996407,3.093464,12.786046,0,0.0,1370.047901,716.211667,789.085705,88.388348,388.395346,1.0,0,0.0,0.0,0.0,0.0,0.0,0.0,0.0,0.0,1,300.608623,751.8116,0.0,0.0,0.0,0.0,0.0,0.0,0.0,0.0,123.312911,279.265745,0.399846,1.0,0.0,0.0,0.0,0.0,0.0,0.0,0.0,0.0,0.164021,0.371457,0.0,0.0,0.0,0.0,0.0,0.0,13,30.0,10.076923,6.0,3.0,8.99112,751.8116,301.473241,284.70422,75.444174,2.493792,1.0,0.944376,0.250252,0.579877,174.817386
avenue_training_10_clip_000062,avenue,training,10,62,993,1024,32,0,0,0.0,8226.593786,3637.060291,3970.977523,491.953162,2201.836576,0,0.0,-2.930233,164.972684,155.634302,56.940001,50.588049,1.245364,35.604007,0.256281,0.060302,0.0,0.0,0.0,0.0,0.0,0.0,0.0,0.0,0.120603,0.562814,54.528336,18.448725,15.144782,3.022734,13.689789,0,0.0,1213.53049,508.238318,429.840245,95.197164,354.059829,1.0,0,0.0,0.0,0.0,0.0,0.0,0.0,0.0,0.0,1,176.002169,144.561108,0.0,0.0,0.0,0.0,0.0,0.0,0.0,0.0,166.764637,156.449151,1.0,0.82136,0.0,0.0,0.0,0.0,0.0,0.0,0.0,0.0,0.947515,0.888905,0.0,0.0,0.0,0.0,0.0,0.0,16,30.0,12.4375,11.0,3.0,8.594829,314.798334,164.972684,150.396604,72.355288,1.908185,1.0,0.911645,0.43859,0.449253,74.1144
avenue_training_10_clip_000063,avenue,training,10,63,1009,1040,32,0,0,0.0,17282.898456,5765.183148,4708.818164,187.37096,4893.603435,0,0.0,-11.502085,224.706885,136.522105,63.630304,66.681945,12.030778,34.133276,0.15,0.083333,0.0,0.0,0.0125,0.0,0.0,0.016667,0.0,0.0,0.104167,0.633333,146.725021,30.898451,17.18945,1.691785,36.654042,0,0.0,1307.012337,605.535294,599.957539,67.31456,438.29877,1.0,0,0.0,0.0,0.0,0.0,0.0,0.0,0.0,0.0,1,155.493263,219.268995,0.0,0.0,241.882926,0.0,0.0,112.686001,0.0,0.0,195.810483,270.491236,0.574855,0.810633,0.0,0.0,0.894236,0.0,0.0,0.416598,0.0,0.0,0.723907,1.0,0.0,0.0,0.0,0.0,0.0,0.0,22,31.0,10.909091,7.0,3.0,8.607128,536.304427,224.706885,202.031355,62.253439,2.386684,1.0,0.899088,0.277043,0.628222,141.165746
avenue_training_10_clip_000064,avenue,training,10,64,1025,1056,32,0,0,0.0,28502.64629,8034.806607,6961.451699,431.29708,6313.558725,0,0.0,12.335815,311.174104,124.030099,67.581887,64.653824,7.996772,32.698673,0.224359,0.038462,0.032051,0.025641,0.0,0.009615,0.0,0.0,0.0,0.009615,0.025641,0.634615,163.599134,35.029316,25.450925,1.355801,34.016838,0,0.0,1336.097395,746.410222,815.187862,88.388348,401.282645,1.0,0,0.0,0.0,0.0,0.0,0.0,0.0,0.0,0.0,1,300.07121,162.845389,508.573143,212.86123,0.0,69.194174,0.0,0.0,0.0,529.900307,638.604736,248.581263,0.469886,0.255002,0.796382,0.333322,0.0,0.108352,0.0,0.0,0.0,0.829778,1.0,0.389257,0.0,0.0,0.0,0.0,0.0,0.0,29,31.0,10.758621,5.0,3.0,9.361164,954.800441,311.174104,235.390533,69.194174,3.06838,1.0,0.756459,0.222365,0.707273,220.085111
avenue_training_10_clip_000065,avenue,training,10,65,1041,1072,32,0,0,0.0,10115.524816,4403.414731,3882.749894,345.234758,3146.328664,0,0.0,18.942338,199.448794,129.690172,49.607089,51.072689,14.170149,32.07624,0.406393,0.100457,0.0,0.0,0.0,0.063927,0.0,0.0,0.0,0.0,0.031963,0.39726,144.480608,34.878811,22.420615,7.176123,36.647762,0,0.0,1334.693317,566.129213,542.273266,107.529066,378.062859,0.983333,0,0.0,0.0,0.0,0.0,0.0,0.0,0.0,0.0,1,202.656105,192.353667,0.0,0.0,0.0,108.097742,0.0,0.0,0.0,0.0,231.762619,220.766294,0.874412,0.82996,0.0,0.0,0.0,0.466416,0.0,0.0,0.0,0.0,1.0,0.952553,0.333333,0.016667,0.0,0.0,0.016667,0.072648,20,31.0,10.95,7.0,3.0,8.913333,457.069904,199.448794,164.157867,68.789172,2.291665,1.0,0.823057,0.344896,0.53838,107.379166
avenue_training_10_clip_000066,avenue,training,10,66,1057,1088,32,0,0,0.0,14128.486704,5194.857926,4231.430248,278.487736,3900.790959,0,0.0,7.930803,265.781544,161.598739,69.295992,65.211847,4.316028,32.971814,0.124601,0.230032,0.009585,0.009585,0.0,0.0,0.0,0.0,0.0,0.0,0.115016,0.511182,103.883971,31.4692,23.663692,2.854651,22.916147,0,0.0,1359.342672,682.631567,640.556399,88.388348,410.23864,1.0,0,0.0,0.0,0.0,0.0,0.0,0.0,0.0,0.0,1,180.633277,206.875669,54.339522,107.951362,0.0,0.0,0.0,0.0,0.0,0.0,336.128116,338.082379,0.534288,0.611909,0.160729,0.319305,0.0,0.0,0.0,0.0,0.0,0.0,0.99422,1.0,0.0,0.0,0.0,0.0,0.0,0.0,25,31.0,12.52,9.0,3.0,9.71646,994.296343,265.781544,198.348036,54.339522,3.741029,1.0,0.746282,0.204452,0.763101,202.818277
avenue_training_10_clip_000067,avenue,training,10,67,1073,1104,32,0,0,0.0,22938.747518,7205.119134,6559.354611,149.308982,5462.56661,0,0.0,5.476832,296.759618,177.455196,72.10033,61.292878,6.441277,39.635591,0.368243,0.091216,0.030405,0.0,0.0,0.013514,0.0,0.0,0.0,0.010135,0.043919,0.442568,165.465342,33.55028,23.213064,1.102401,37.192839,0,0.0,1355.832309,787.28271,812.853526,150.519932,360.253912,1.0,0,0.0,0.0,0.0,0.0,0.0,0.0,0.0,0.0,1,308.363637,321.793002,638.846868,0.0,0.0,135.54907,0.0,0.0,0.0,284.51382,298.544523,228.376034,0.482688,0.503709,1.0,0.0,0.0,0.212178,0.0,0.0,0.0,0.445355,0.467318,0.357482,0.0,0.0,0.0,0.0,0.0,0.0,22,31.0,13.454545,10.5,3.0,9.447112,638.846868,296.759618,262.891174,129.403488,2.152742,1.0,0.885873,0.436055,0.435821,129.334142
avenue_training_10_clip_000068,avenue,training,10,68,1089,1120,32,0,0,0.0,19697.11311,8190.17794,7813.56226,309.746855,5128.57782,0,0.0,15.146504,331.87712,178.237609,75.372674,71.915442,10.304846,39.376033,0.208145,0.167421,0.067873,0.013575,0.0,0.013575,0.0,0.0,0.022624,0.0,0.126697,0.38009,159.701073,43.569948,35.422538,2.824621,37.304008,0,0.0,1370.732012,830.102884,925.342843,100.778222,446.771338,1.0,0,0.0,0.0,0.0,0.0,0.0,0.0,0.0,0.0,1,279.91005,553.942491,336.379335,418.942262,0.0,151.127124,0.0,0.0,152.376124,0.0,402.365839,263.524656,0.505305,1.0,0.607246,0.756292,0.0,0.272821,0.0,0.0,0.275076,0.0,0.726368,0.475726,0.0,0.0,0.0,0.0,0.0,0.0,22,31.0,10.045455,6.0,3.0,8.604847,707.124773,331.87712,288.62129,94.583285,2.130682,1.0,0.869663,0.284995,0.507147,168.310498
avenue_training_10_clip_000069,avenue,training,10,69,1105,1136,32,0,0,0.0,26780.806803,7949.04568,6492.917835,312.5,6520.401865,0,0.0,27.980425,280.59507,169.81337,68.993647,63.514138,0.0,42.533762,0.183761,0.166667,0.098291,0.034188,0.012821,0.0,0.0,0.0,0.0,0.017094,0.017094,0.470085,105.664473,43.32015,38.499802,2.315138,25.967667,0,0.0,1306.833004,737.911509,673.338706,62.5,410.245866,1.0,0,0.0,0.0,0.0,0.0,0.0,0.0,0.0,0.0,1,242.851635,313.300082,406.281087,311.05164,164.456786,0.0,0.0,0.0,0.0,531.337023,83.024563,217.697866,0.457058,0.589645,0.764639,0.585413,0.309515,0.0,0.0,0.0,0.0,1.0,0.156256,0.409717,0.0,0.0,0.0,0.0,0.0,0.0,22,31.0,10.636364,5.5,3.0,9.28119,565.010964,280.59507,279.086482,56.25,2.013617,1.0,0.994624,0.200467,0.49125,137.842294
avenue_training_10_clip_000070,avenue,training,10,70,1121,1152,32,0,0,0.0,29496.169855,6656.938542,5770.60944,169.123308,6047.272354,0,0.0,17.650261,295.419173,101.379796,65.098731,69.656638,2.857178,25.255755,0.378151,0.201681,0.058824,0.0,0.0,0.012605,0.0,0.0,0.0,0.0,0.0,0.348739,133.636943,30.585833,28.487643,1.308789,26.781755,0,0.0,1344.258625,712.796757,745.578117,67.31456,432.643058,1.0,0,0.0,0.0,0.0,0.0,0.0,0.0,0.0,0.0,1,218.780393,403.03264,377.411566,0.0,0.0,1116.164142,0.0,0.0,0.0,0.0,0.0,189.269068,0.196011,0.361087,0.338133,0.0,0.0,1.0,0.0,0.0,0.0,0.0,0.0,0.169571,0.0,0.0,0.0,0.0,0.0,0.0,22,31.0,10.818182,7.5,3.0,8.249718,1116.164142,295.419173,246.80044,59.97679,3.778239,1.0,0.835425,0.203023,0.801308,236.721875
avenue_training_10_clip_000071,avenue,training,10,71,1137,1168,32,0,0,0.0,29836.015645,7339.983586,6308.302704,240.440031,5957.565479,0,0.0,1.604427,269.804726,92.164934,55.348674,57.275226,10.620469,22.559026,0.27907,0.01938,0.023256,0.0,0.050388,0.0,0.011628,0.0,0.0,0.034884,0.182171,0.399225,153.331082,44.461918,22.472,0.600386,48.155163,0,0.0,1370.732012,756.155205,721.218587,76.034532,369.838743,1.0,0,0.0,0.0,0.0,0.0,0.0,0.0,0.0,0.0,1,223.354642,256.553857,263.001168,0.0,397.609291,0.0,153.281449,0.0,0.0,260.846523,330.557327,242.200513,0.561744,0.645241,0.661456,0.0,1.0,0.0,0.385508,0.0,0.0,0.656037,0.831362,0.609142,0.0,0.0,0.0,0.0,0.0,0.0,25,30.0,10.32,6.0,3.0,8.088115,711.964619,269.804726,256.553857,63.788123,2.638814,1.0,0.950887,0.236423,0.484551,130.734014
avenue_training_10_clip_000072,avenue,training,10,72,1153,1184,32,0,0,0.0,17863.840646,6708.316818,5400.147571,412.393785,4561.095651,0,0.0,14.617331,286.435071,136.533243,67.898229,73.067105,15.128502,30.187566,0.26556,0.253112,0.049793,0.0,0.0,0.016598,0.0,0.0,0.0,0.016598,0.029046,0.369295,154.824179,40.877997,36.715689,1.51755,30.299007,0,0.0,1369.591636,769.070745,704.496929,55.901699,374.42436,1.0,0,0.0,0.0,0.0,0.0,0.0,0.0,0.0,0.0,1,303.198219,241.204396,172.790593,0.0,0.0,300.245241,0.0,0.0,0.0,593.340175,168.144038,311.673002,0.511002,0.40652,0.291217,0.0,0.0,0.506025,0.0,0.0,0.0,1.0,0.283386,0.525286,0.0,0.0,0.0,0.0,0.0,0.0,24,31.0,10.041667,6.0,3.0,8.023295,593.340175,286.435071,277.853213,34.20085,2.071465,1.0,0.970039,0.119402,0.445761,127.681691
avenue_training_10_clip_000073,avenue,training,10,73,1169,1200,32,0,0,0.0,14219.728676,6766.631243,6471.57598,115.470529,3877.128602,0,0.0,10.982137,294.578816,132.878904,72.74258,72.067654,18.643367,29.255971,0.446512,0.069767,0.139535,0.0,0.0,0.0,0.0,0.0,0.018605,0.0,0.051163,0.274419,122.366033,33.939723,24.974647,0.91393,29.362639,0,0.0,1329.591103,704.05583,618.87625,62.5,390.621016,1.0,0,0.0,0.0,0.0,0.0,0.0,0.0,0.0,0.0,1,309.440412,412.300675,224.753066,0.0,0.0,0.0,0.0,0.0,307.668693,0.0,311.061828,273.333257,0.750521,1.0,0.545119,0.0,0.0,0.0,0.0,0.0,0.746224,0.0,0.754454,0.662946,0.0,0.0,0.0,0.0,0.0,0.0,21,31.0,10.238095,7.0,3.0,8.473515,549.957279,294.578816,292.009338,53.03607,1.866927,1.0,0.991277,0.18004,0.460915,135.77572
avenue_training_10_clip_000074,avenue,training,10,74,1185,1216,32,0,0,0.0,25075.708822,8703.900238,6478.400419,1379.454569,7255.921722,0,0.0,42.186549,323.738164,124.852128,70.674265,65.01513,33.178947,26.454678,0.565217,0.318841,0.0,0.065217,0.021739,0.0,0.0,0.0,0.0,0.0,0.0,0.028986,86.678755,38.520981,35.01871,9.460029,23.642263,0,0.0,1370.732012,925.455626,1006.308228,212.86733,370.016981,1.0,0,0.0,0.0,0.0,0.0,0.0,0.0,0.0,0.0,1,279.872397,248.26966,0.0,491.267869,577.174956,0.0,0.0,0.0,0.0,0.0,0.0,105.507803,0.4849,0.430146,0.0,0.851159,1.0,0.0,0.0,0.0,0.0,0.0,0.0,0.1828,0.0,0.0,0.0,0.0,0.0,0.0,11,23.0,12.545455,11.0,3.0,8.172722,838.086977,323.738164,247.445843,105.507803,2.58878,1.0,0.764339,0.325905,0.646981,209.452383
avenue_training_10_clip_000075,avenue,training,10,75,1192,1223,32,0,0,0.0,16012.943981,5303.820698,4202.102218,153.034132,4425.417052,0,0.0,-14.353928,263.886108,167.519404,69.585469,65.176559,5.440332,44.827288,0.437037,0.140741,0.0,0.0,0.0,0.0,0.022222,0.0,0.0,0.051852,0.0,0.348148,136.360855,34.803059,27.039688,0.165201,34.757568,0,0.0,1270.887977,604.655313,576.221529,100.778222,393.585573,1.0,0,0.0,0.0,0.0,0.0,0.0,0.0,0.0,0.0,1,295.456798,154.642713,0.0,0.0,0.0,0.0,114.864082,0.0,0.0,300.164077,0.0,291.305993,0.984318,0.515194,0.0,0.0,0.0,0.0,0.382671,0.0,0.0,1.0,0.0,0.970489,0.0,0.0,0.0,0.0,0.0,0.0,15,26.0,9.0,7.0,3.0,6.511528,772.808112,263.886108,251.860959,65.709237,2.928567,1.0,0.954431,0.249006,0.667857,176.23825
avenue_training_11_clip_000000,avenue,training,11,0,1,32,32,0,0,0.0,29480.907453,7366.129368,5928.377211,551.228757,6267.758214,0,0.0,-5.785732,310.610324,179.019004,66.866978,55.490452,13.24052,40.392966,0.21,0.19,0.0,0.0,0.0,0.01,0.01,0.013333,0.0,0.073333,0.01,0.483333,163.285732,35.448012,15.605241,0.127885,43.206622,0,0.0,1368.507399,692.286724,648.556089,50.0,419.42132,1.0,0,0.0,0.0,0.0,0.0,0.0,0.0,0.0,0.0,1,283.566493,302.922921,0.0,0.0,0.0,108.807135,919.506624,116.559764,0.0,210.108236,662.505048,301.51487,0.30839,0.329441,0.0,0.0,0.0,0.118332,1.0,0.126763,0.0,0.228501,0.720501,0.327909,0.0,0.0,0.0,0.0,0.0,0.0,31,31.0,9.677419,7.0,3.0,8.057804,919.506624,310.610324,272.317242,38.975425,2.960322,1.0,0.876717,0.12548,0.70124,217.812502
avenue_training_11_clip_000001,avenue,training,11,1,17,48,32,0,0,0.0,15154.909535,5609.800763,5356.649719,400.752883,3416.019498,0,0.0,1.210433,241.922415,179.301306,63.023932,58.235826,9.632472,32.227854,0.338843,0.132231,0.052342,0.0,0.0,0.008264,0.0,0.0,0.008264,0.022039,0.090909,0.347107,167.888862,35.425053,23.212913,0.579697,33.48184,0,0.0,1355.774686,727.899,685.223504,67.31456,404.124143,1.0,0,0.0,0.0,0.0,0.0,0.0,0.0,0.0,0.0,1,281.953036,243.953473,180.660917,0.0,0.0,58.65728,0.0,0.0,64.364536,280.826786,226.798608,257.049551,1.0,0.865227,0.640748,0.0,0.0,0.208039,0.0,0.0,0.228281,0.996006,0.804384,0.911675,0.0,0.0,0.0,0.0,0.0,0.0,33,31.0,11.0,8.0,3.0,8.116575,452.037885,241.922415,227.309454,58.65728,1.868524,1.0,0.939596,0.242463,0.393421,95.177277
avenue_training_11_clip_000002,avenue,training,11,2,33,64,32,0,0,0.0,12460.880111,4975.470568,4215.717772,0.0,3550.843031,0,0.0,3.74979,231.512043,138.811571,62.547735,58.671307,16.315062,28.773662,0.189189,0.207207,0.036036,0.0,0.0,0.0,0.0,0.0,0.0,0.024024,0.03003,0.513514,84.69463,28.083321,22.184739,0.586337,22.363977,0,0.0,1313.987253,616.698257,577.169819,27.95085,391.563035,0.996552,0,0.0,0.0,0.0,0.0,0.0,0.0,0.0,0.0,1,208.77367,245.083481,164.205788,0.0,0.0,0.0,0.0,0.0,0.0,477.218346,223.30133,205.568674,0.43748,0.513567,0.344089,0.0,0.0,0.0,0.0,0.0,0.0,1.0,0.467923,0.430764,0.1,0.003448,0.0,0.0,0.003448,0.018247,29,30.0,11.482759,6.0,3.0,8.838086,484.358063,231.512043,202.288805,27.95085,2.092151,1.0,0.873772,0.120732,0.53692,124.303412
avenue_training_11_clip_000003,avenue,training,11,3,49,80,32,0,0,0.0,17224.15574,6985.097685,7779.859341,0.0,4912.460213,0,0.0,-5.391752,270.239509,112.433389,67.530038,74.591479,9.91496,27.921228,0.321981,0.086687,0.012384,0.009288,0.0,0.0,0.0,0.009288,0.0,0.027864,0.083591,0.448916,139.43516,32.52239,22.693494,0.101437,33.238683,0,0.0,1362.557338,756.759749,959.64517,35.355339,478.755076,1.0,0,0.0,0.0,0.0,0.0,0.0,0.0,0.0,0.0,1,271.946839,394.048018,323.369968,185.652801,0.0,0.0,0.0,68.312321,0.0,127.488324,347.700774,261.587919,0.690136,1.0,0.820636,0.471143,0.0,0.0,0.0,0.17336,0.0,0.323535,0.882382,0.663848,0.0,0.0,0.0,0.0,0.0,0.0,28,31.0,11.535714,7.5,3.0,9.029642,538.013976,270.239509,284.970536,35.355339,1.990878,1.0,1.054511,0.13083,0.532699,143.956332
avenue_training_11_clip_000004,avenue,training,11,4,65,96,32,0,0,0.0,17544.561319,7087.603874,6509.119071,0.0,4642.455551,0,0.0,-0.253146,279.490451,144.74477,76.216065,73.107113,5.152423,31.340179,0.256983,0.050279,0.022346,0.00838,0.0,0.0,0.0,0.0,0.0,0.011173,0.108939,0.541899,106.488742,27.939723,22.246854,1.559612,24.739704,0,0.0,1362.729338,741.349947,797.358922,79.056942,406.396097,0.99896,0,0.0,0.0,0.0,0.0,0.0,0.0,0.0,0.0,1,256.984487,371.1648,280.892306,66.460988,0.0,0.0,0.0,0.0,0.0,139.067276,288.090801,292.244919,0.692373,1.0,0.756786,0.179061,0.0,0.0,0.0,0.0,0.0,0.374678,0.77618,0.787372,0.038462,0.00104,0.0,0.0,0.00104,0.006237,37,30.0,9.675676,7.0,3.0,7.432776,536.916522,279.490451,247.04309,53.503896,1.921055,1.0,0.883905,0.191434,0.497952,139.17272
avenue_training_11_clip_000005,avenue,training,11,5,81,112,32,0,0,0.0,25821.962184,8918.973897,8485.371799,321.207514,5030.179411,0,0.0,-2.709734,325.273633,128.264087,75.182071,72.337142,15.197776,26.641551,0.380319,0.031915,0.026596,0.007979,0.0,0.0,0.0,0.0,0.0,0.090426,0.042553,0.420213,121.056622,31.06683,22.062651,0.90116,28.435075,0,0.0,1355.659434,911.865221,1059.538321,75.0,358.811873,0.998264,0,0.0,0.0,0.0,0.0,0.0,0.0,0.0,0.0,1,309.698288,360.395252,353.073239,437.008725,0.0,0.0,0.0,0.0,0.0,398.525777,129.079796,314.1855,0.708678,0.824687,0.807932,1.0,0.0,0.0,0.0,0.0,0.0,0.91194,0.295371,0.718946,0.055556,0.001736,0.0,0.0,0.001736,0.009666,32,30.0,11.75,6.5,3.0,8.699856,675.090866,325.273633,306.696504,64.467233,2.075455,1.0,0.942888,0.198194,0.482031,156.792092
avenue_training_11_clip_000006,avenue,training,11,6,97,128,32,0,0,0.0,13908.860884,6253.158793,5938.53511,34.643608,3417.658299,0,0.0,11.580932,310.8517,147.097679,73.917813,77.59422,6.116869,31.795172,0.430678,0.076696,0.032448,0.023599,0.0,0.0,0.0,0.0,0.0,0.014749,0.00885,0.412979,95.264703,31.168258,23.621579,0.173953,25.609016,0,0.0,1360.147051,750.242695,880.695748,125.623445,388.576564,0.998464,0,0.0,0.0,0.0,0.0,0.0,0.0,0.0,0.0,1,249.646355,204.102617,198.378457,567.550314,0.0,0.0,0.0,0.0,0.0,622.146182,96.469003,360.225194,0.401266,0.328062,0.318861,0.912246,0.0,0.0,0.0,0.0,0.0,1.0,0.155058,0.579004,0.047619,0.001536,0.0,0.0,0.001536,0.008414,31,31.0,10.935484,8.0,3.0,9.001561,1353.063476,310.8517,256.464893,96.156459,4.352762,1.0,0.825039,0.309332,0.769387,239.16512
avenue_training_11_clip_000007,avenue,training,11,7,113,144,32,0,0,0.0,30294.641586,6163.667445,4326.763016,745.070904,5888.907704,0,0.0,6.740654,304.071769,165.963757,74.271595,73.241728,16.726319,30.157734,0.625806,0.064516,0.019355,0.0,0.0,0.0,0.0,0.0,0.009677,0.0,0.012903,0.267742,115.394354,21.733456,13.165408,0.331203,24.797884,0,0.0,1364.734406,700.98829,783.278505,95.197164,418.141101,0.997436,0,0.0,0.0,0.0,0.0,0.0,0.0,0.0,0.0,1,310.586329,257.513722,540.23032,0.0,0.0,0.0,0.0,0.0,568.91172,0.0,67.732617,237.58938,0.545931,0.452643,0.949585,0.0,0.0,0.0,0.0,0.0,1.0,0.0,0.119056,0.417621,0.076923,0.002564,0.0,0.0,0.002564,0.013808,30,31.0,10.333333,6.0,3.0,9.22075,961.7783,304.071769,257.550424,67.732617,3.162998,1.0,0.847006,0.222752,0.72486,220.409356
avenue_training_11_clip_000008,avenue,training,11,8,129,160,32,0,0,0.0,18957.681895,6874.72345,6870.88128,237.501939,5354.395748,0,0.0,-7.141032,313.358734,148.282526,65.309866,70.974374,0.0,39.200836,0.602374,0.029674,0.0,0.0,0.0,0.0,0.0,0.014837,0.0,0.020772,0.017804,0.31454,139.471916,26.560709,19.634236,0.299312,27.460714,0,0.0,1369.591636,744.202046,862.590575,76.034532,479.461524,1.0,0,0.0,0.0,0.0,0.0,0.0,0.0,0.0,0.0,1,265.139417,180.690684,0.0,0.0,0.0,0.0,0.0,70.911734,0.0,264.99432,617.094756,432.501511,0.429658,0.292809,0.0,0.0,0.0,0.0,0.0,0.114912,0.0,0.429422,1.0,0.700867,0.0,0.0,0.0,0.0,0.0,0.0,31,31.0,10.870968,7.0,3.0,8.21777,1073.24585,313.358734,281.643541,62.716816,3.424975,1.0,0.898789,0.200144,0.737021,230.951839
avenue_training_11_clip_000009,avenue,training,11,9,145,176,32,0,0,0.0,15962.9612,6114.807044,5820.163738,73.771243,4240.885274,0,0.0,-11.622632,283.099462,161.021686,71.30841,75.496929,6.262269,39.19152,0.228571,0.042857,0.008571,0.0,0.0,0.0,0.0,0.008571,0.008571,0.022857,0.054286,0.625714,123.377368,32.407266,24.905158,3.060218,29.390246,0,0.0,1372.611562,742.845456,761.269499,27.95085,451.565892,1.0,0,0.0,0.0,0.0,0.0,0.0,0.0,0.0,0.0,1,183.124977,572.411723,32.766504,0.0,0.0,0.0,0.0,77.30823,213.8657,294.839424,360.856807,299.804886,0.319918,1.0,0.057243,0.0,0.0,0.0,0.0,0.135057,0.373622,0.515083,0.630415,0.523757,0.0,0.0,0.0,0.0,0.0,0.0,31,31.0,11.290323,8.0,3.0,9.360843,945.731195,283.099462,262.548045,26.475425,3.340632,1.0,0.927406,0.09352,0.682374,193.179646
avenue_training_11_clip_000010,avenue,training,11,10,161,192,32,0,0,0.0,19305.721189,5202.427104,4789.101815,123.408156,4572.779197,0,0.0,2.818764,242.442185,175.066379,64.023235,67.912495,0.0,37.443439,0.444109,0.036254,0.015106,0.009063,0.012085,0.0,0.0,0.0,0.0,0.024169,0.132931,0.326284,127.431225,30.533506,21.778689,0.230375,28.561111,0,0.0,1363.932733,578.878944,465.395893,70.710678,413.342148,1.0,0,0.0,0.0,0.0,0.0,0.0,0.0,0.0,0.0,1,205.432786,374.150478,220.727047,143.75,220.846911,0.0,0.0,0.0,0.0,346.909988,372.268191,188.905501,0.549065,1.0,0.589942,0.384204,0.590262,0.0,0.0,0.0,0.0,0.927194,0.994969,0.504892,0.0,0.0,0.0,0.0,0.0,0.0,34,31.0,9.735294,5.0,3.0,8.357134,649.347015,242.442185,218.829672,57.364982,2.678358,1.0,0.902605,0.236613,0.644135,156.165438
avenue_training_11_clip_000011,avenue,training,11,11,177,208,32,0,0,0.0,21170.888959,5788.782635,4705.820328,432.864002,4680.288815,0,0.0,1.592953,256.223995,160.973109,71.150307,71.435988,7.125016,32.116573,0.253247,0.0,0.012987,0.051948,0.0,0.0,0.0,0.0,0.025974,0.0,0.055195,0.600649,103.192248,33.328472,18.713212,0.018768,32.931065,0,0.0,1337.733624,661.021654,689.315784,67.31456,386.220126,1.0,0,0.0,0.0,0.0,0.0,0.0,0.0,0.0,0.0,1,280.270427,0.0,624.757623,148.214854,0.0,0.0,0.0,0.0,322.677529,0.0,368.582723,202.178343,0.448607,0.0,1.0,0.237236,0.0,0.0,0.0,0.0,0.516484,0.0,0.589961,0.323611,0.0,0.0,0.0,0.0,0.0,0.0,27,31.0,11.407407,8.0,3.0,9.178313,624.757623,256.223995,208.158764,58.65728,2.438326,1.0,0.812409,0.22893,0.583479,149.501289
avenue_training_11_clip_000012,avenue,training,11,12,193,224,32,0,0,0.0,16694.027086,6771.656908,6168.748482,133.210479,4420.778253,0,0.0,-9.331339,292.833222,177.474291,74.21266,79.08988,0.753718,35.194771,0.507082,0.033994,0.008499,0.0,0.0,0.0,0.0,0.0,0.01983,0.022663,0.025496,0.382436,110.632565,31.262678,27.682637,0.316956,25.763971,0,0.0,1328.180146,675.415245,675.751834,67.828419,340.74059,0.995536,0,0.0,0.0,0.0,0.0,0.0,0.0,0.0,0.0,1,273.684086,276.553021,216.834795,0.0,0.0,0.0,0.0,0.0,388.289926,194.732855,390.343459,295.738309,0.701137,0.708486,0.555497,0.0,0.0,0.0,0.0,0.0,0.994739,0.498876,1.0,0.757636,0.142857,0.004464,0.0,0.0,0.004464,0.024856,32,31.0,11.03125,6.0,3.0,9.894709,709.485624,292.833222,283.77289,65.16421,2.422832,1.0,0.96906,0.22253,0.486308,142.407125
avenue_training_11_clip_000013,avenue,training,11,13,209,240,32,0,0,0.0,15925.595236,5904.021037,5906.714806,257.544938,4480.657322,0,0.0,-7.122797,264.786629,124.938906,72.763798,76.149214,14.036243,27.553376,0.370572,0.008174,0.0,0.0,0.0,0.0,0.0,0.0,0.0,0.019074,0.040872,0.561308,78.317451,19.082229,13.439497,1.524521,17.362209,0,0.0,1363.932733,720.061831,783.122755,63.737744,462.796908,1.0,0,0.0,0.0,0.0,0.0,0.0,0.0,0.0,0.0,1,347.053577,62.959954,0.0,0.0,0.0,0.0,0.0,0.0,0.0,449.839741,75.57159,247.768715,0.771505,0.139961,0.0,0.0,0.0,0.0,0.0,0.0,0.0,1.0,0.167997,0.550793,0.0,0.0,0.0,0.0,0.0,0.0,29,31.0,12.655172,7.0,3.0,9.834057,655.639529,264.786629,267.104838,51.633107,2.476105,1.0,1.008755,0.194999,0.592298,156.832511
avenue_training_11_clip_000014,avenue,training,11,14,225,256,32,0,0,0.0,21577.557602,6134.273693,5050.452051,289.440526,5132.702521,0,0.0,-9.113311,272.786286,174.333614,63.554939,61.594224,5.906141,40.408704,0.473389,0.016807,0.016807,0.0,0.0,0.0,0.0,0.030812,0.0,0.008403,0.053221,0.40056,137.880122,29.746113,15.706831,1.159919,32.440359,0,0.0,1338.025598,667.08307,671.024969,39.528471,395.968369,1.0,0,0.0,0.0,0.0,0.0,0.0,0.0,0.0,0.0,1,251.072964,50.495098,139.927116,0.0,0.0,0.0,0.0,160.166792,0.0,848.339589,362.375251,284.557939,0.295958,0.059522,0.164942,0.0,0.0,0.0,0.0,0.1888,0.0,1.0,0.427158,0.335429,0.0,0.0,0.0,0.0,0.0,0.0,32,31.0,11.15625,6.5,3.0,9.182556,848.339589,272.786286,224.602979,33.73966,3.109906,1.0,0.823366,0.123685,0.650588,177.471427
avenue_training_11_clip_000015,avenue,training,11,15,241,272,32,0,0,0.0,27973.279269,7935.994822,6448.536388,46.530077,5940.156367,0,0.0,-5.946675,336.471664,174.797319,79.5212,77.853863,3.556181,34.580624,0.437173,0.02356,0.0,0.007853,0.0,0.0,0.0,0.0,0.0,0.034031,0.018325,0.479058,117.483721,24.47768,12.185829,1.393485,27.382817,0,0.0,1356.293202,871.97373,939.581024,53.400023,355.228585,0.998084,0,0.0,0.0,0.0,0.0,0.0,0.0,0.0,0.0,1,329.892505,306.169875,0.0,944.652974,0.0,0.0,0.0,0.0,0.0,288.792071,218.442992,325.735435,0.349221,0.324108,0.0,1.0,0.0,0.0,0.0,0.0,0.0,0.305712,0.231242,0.34482,0.055556,0.001916,0.0,0.0,0.001916,0.010137,29,31.0,13.172414,9.0,3.0,9.591911,944.652974,336.471664,306.169875,52.159221,2.807526,1.0,0.909943,0.155018,0.483715,162.756297
avenue_training_11_clip_000016,avenue,training,11,16,257,288,32,0,0,0.0,21431.557158,6751.178922,5633.1154,477.457514,4772.18245,0,0.0,9.362156,275.617113,150.05603,63.438855,67.957059,6.80905,31.534185,0.388021,0.132812,0.0,0.007812,0.010417,0.0,0.007812,0.0,0.0,0.0,0.007812,0.445312,161.225856,35.121279,24.485868,2.06037,38.60824,0,0.0,1367.136606,769.246956,915.664235,75.0,418.171804,1.0,0,0.0,0.0,0.0,0.0,0.0,0.0,0.0,0.0,1,286.93672,295.506418,0.0,440.037419,123.031789,0.0,274.269237,0.0,0.0,0.0,76.750687,274.322747,0.652073,0.671548,0.0,1.0,0.279594,0.0,0.623286,0.0,0.0,0.0,0.174419,0.623408,0.0,0.0,0.0,0.0,0.0,0.0,28,31.0,13.714286,10.5,3.0,10.960504,579.151075,275.617113,283.934184,65.45085,2.101289,1.0,1.030177,0.23747,0.436779,120.383625
avenue_training_11_clip_000017,avenue,training,11,17,273,304,32,0,0,0.0,26940.683996,8816.477911,6851.581211,459.687426,6602.818339,0,0.0,4.87643,329.275583,138.184476,69.657881,66.434306,4.398705,34.118628,0.34456,0.145078,0.054404,0.0,0.015544,0.0,0.0,0.0,0.010363,0.007772,0.085492,0.336788,117.960753,33.919173,26.510692,0.185594,28.574216,0,0.0,1365.306742,818.793808,877.674484,79.056942,360.654409,0.996814,0,0.0,0.0,0.0,0.0,0.0,0.0,0.0,0.0,1,235.231217,313.09118,329.492422,0.0,216.908158,0.0,0.0,0.0,463.653658,235.401191,371.923148,389.666344,0.507343,0.67527,0.710643,0.0,0.467824,0.0,0.0,0.0,1.0,0.507709,0.802157,0.840425,0.090909,0.003186,0.0,0.0,0.003186,0.015174,39,31.0,9.897436,6.0,3.0,8.417914,970.734023,329.275583,275.621587,65.297881,2.94809,1.0,0.837054,0.198308,0.528032,173.867907
avenue_training_11_clip_000018,avenue,training,11,18,289,320,32,0,0,0.0,25173.550272,8791.84363,7122.771128,1177.944172,5545.464959,0,0.0,6.614381,323.84807,153.04968,72.808701,71.09586,11.4308,27.011108,0.41129,0.051075,0.040323,0.016129,0.0,0.0,0.010753,0.0,0.0,0.018817,0.034946,0.416667,160.544847,33.186802,21.586284,0.575687,32.741517,0,0.0,1372.611562,891.803247,974.356863,123.110723,349.093001,0.998958,0,0.0,0.0,0.0,0.0,0.0,0.0,0.0,0.0,1,316.844591,289.719397,526.185093,179.86427,0.0,0.0,91.660053,0.0,0.0,277.509974,312.490887,328.324338,0.602154,0.550604,1.0,0.341827,0.0,0.0,0.174197,0.0,0.0,0.5274,0.59388,0.623971,0.033333,0.001042,0.0,0.0,0.001042,0.0058,32,31.0,11.625,7.0,3.0,9.242396,649.378725,323.84807,299.350798,91.660053,2.005196,1.0,0.924356,0.283034,0.445036,144.124115
avenue_training_11_clip_000019,avenue,training,11,19,305,336,32,0,0,0.0,23050.675393,7741.000056,7199.354611,199.090441,5708.398282,0,0.0,2.358062,321.233627,178.062201,80.647861,70.379317,8.530766,39.12425,0.382857,0.171429,0.017143,0.0,0.0,0.0,0.0,0.0,0.0,0.062857,0.028571,0.337143,83.96354,30.99316,21.338552,1.799993,25.555817,0,0.0,1370.447007,806.18374,980.464349,53.033009,444.675624,1.0,0,0.0,0.0,0.0,0.0,0.0,0.0,0.0,0.0,1,232.052027,556.898662,306.841029,0.0,0.0,0.0,0.0,0.0,0.0,273.287028,362.62825,291.728561,0.416686,1.0,0.550982,0.0,0.0,0.0,0.0,0.0,0.0,0.49073,0.651157,0.523845,0.0,0.0,0.0,0.0,0.0,0.0,34,31.0,10.294118,6.5,3.0,8.641655,1284.052444,321.233627,278.571491,49.0512,3.997254,1.0,0.867193,0.152696,0.68595,220.35035
avenue_training_11_clip_000020,avenue,training,11,20,321,352,32,0,0,0.0,11631.623664,4331.876897,3491.908959,583.185975,2951.509093,0,0.0,2.996851,275.314897,132.176379,68.150449,67.809775,17.682607,28.628498,0.220183,0.087156,0.041284,0.082569,0.0,0.0,0.0,0.0,0.0,0.068807,0.055046,0.444954,92.481674,34.260188,23.940204,4.029988,29.842142,0,0.0,1309.222097,695.486967,728.118294,130.503831,409.820152,0.998299,0,0.0,0.0,0.0,0.0,0.0,0.0,0.0,0.0,1,225.935112,176.064542,227.35261,548.489475,0.0,0.0,0.0,0.0,0.0,231.150422,246.562692,277.092816,0.411922,0.320999,0.414507,1.0,0.0,0.0,0.0,0.0,0.0,0.421431,0.44953,0.505193,0.035714,0.001701,0.0,0.0,0.001701,0.007606,21,29.0,10.380952,8.0,3.0,7.240601,1013.393479,275.314897,204.546657,82.458776,3.680852,1.0,0.742955,0.299507,0.858896,236.466873
avenue_training_11_clip_000021,avenue,training,11,21,337,368,32,0,0,0.0,26892.717526,6781.58119,4866.040125,265.985999,6163.146213,0,0.0,0.37964,231.749945,128.543616,58.757966,50.918439,4.734763,36.32321,0.247368,0.136842,0.068421,0.026316,0.0,0.0,0.0,0.0,0.0,0.026316,0.142105,0.352632,97.173381,30.248081,21.109274,0.088026,26.877472,0,0.0,1363.875453,622.605303,591.871088,79.056942,453.353917,1.0,0,0.0,0.0,0.0,0.0,0.0,0.0,0.0,0.0,1,250.516662,269.533257,464.533692,438.97595,0.0,0.0,0.0,0.0,0.0,102.597626,188.856295,171.805378,0.539286,0.580223,1.0,0.944982,0.0,0.0,0.0,0.0,0.0,0.220862,0.40655,0.369845,0.0,0.0,0.0,0.0,0.0,0.0,24,29.0,7.916667,5.0,3.0,7.499537,739.410794,231.749945,193.031282,65.819547,3.190554,1.0,0.832929,0.284011,0.636126,147.422132
avenue_training_11_clip_000022,avenue,training,11,22,353,384,32,0,0,0.0,16199.691787,6262.40465,6275.827549,65.325649,4250.135274,0,0.0,-8.153428,208.341515,169.902496,67.235993,62.764366,10.619655,32.708606,0.337778,0.035556,0.0,0.013333,0.0,0.0,0.0,0.0,0.0,0.053333,0.137778,0.422222,103.20218,30.529204,25.785858,1.136388,24.448792,0,0.0,1368.05062,732.076804,841.965706,60.667582,478.762575,1.0,0,0.0,0.0,0.0,0.0,0.0,0.0,0.0,0.0,1,273.75066,137.806327,0.0,191.976041,0.0,0.0,0.0,0.0,0.0,223.593949,205.10612,181.60249,1.0,0.503401,0.0,0.701281,0.0,0.0,0.0,0.0,0.0,0.81678,0.749244,0.663386,0.0,0.0,0.0,0.0,0.0,0.0,21,31.0,10.714286,9.0,3.0,8.024622,406.257769,208.341515,226.076089,44.309216,1.949961,1.0,1.085123,0.212676,0.482086,100.438619
avenue_training_11_clip_000023,avenue,training,11,23,369,400,32,0,0,0.0,12779.7909,4506.148169,4351.418193,1034.08192,2802.723288,0,0.0,17.860507,242.655753,120.127498,66.041248,57.331974,15.724915,28.946005,0.40724,0.058824,0.031674,0.013575,0.0,0.0181,0.0,0.0,0.0,0.022624,0.072398,0.375566,139.352587,36.051923,27.760442,0.716471,33.116256,0,0.0,1287.014472,631.270283,617.948079,130.054075,374.061035,1.0,0,0.0,0.0,0.0,0.0,0.0,0.0,0.0,0.0,1,257.094988,234.314778,322.077648,545.161413,0.0,118.196146,0.0,0.0,0.0,138.063562,203.326314,195.038773,0.471594,0.429808,0.590793,1.0,0.0,0.216809,0.0,0.0,0.0,0.253253,0.372965,0.357763,0.0,0.0,0.0,0.0,0.0,0.0,20,31.0,11.05,7.5,3.0,8.387342,583.979774,242.655753,197.498144,64.312221,2.406618,1.0,0.813902,0.265035,0.627623,152.296394
avenue_training_11_clip_000024,avenue,training,11,24,385,416,32,0,0,0.0,17179.406678,5907.814569,4962.887028,655.943598,4257.789833,0,0.0,3.214738,259.964131,137.162048,66.172077,71.662548,9.505445,31.416674,0.234818,0.020243,0.0,0.016194,0.0,0.020243,0.0,0.0,0.012146,0.032389,0.0,0.663968,148.996542,35.793447,19.768358,0.128982,40.207385,0,0.0,1327.886008,755.51173,628.117226,63.737744,417.543042,1.0,0,0.0,0.0,0.0,0.0,0.0,0.0,0.0,0.0,1,237.245342,686.36759,0.0,344.430113,0.0,155.054532,0.0,0.0,50.618872,237.164362,0.0,249.596673,0.345653,1.0,0.0,0.501816,0.0,0.225906,0.0,0.0,0.073749,0.345535,0.0,0.363649,0.0,0.0,0.0,0.0,0.0,0.0,17,31.0,14.529412,10.0,3.0,9.72031,686.36759,259.964131,237.164362,50.618872,2.64024,1.0,0.912296,0.194715,0.550843,143.199458
avenue_training_11_clip_000025,avenue,training,11,25,401,432,32,0,0,0.0,17719.513296,7931.057967,7642.56849,643.816271,4111.15897,0,0.0,-0.280651,313.219532,143.61445,69.614339,67.491423,23.997168,25.518928,0.424342,0.148026,0.0,0.0,0.016447,0.0,0.0,0.0,0.0,0.049342,0.088816,0.273026,120.391545,27.084744,16.564788,1.011478,26.942565,0,0.0,1363.932733,885.777724,1011.882528,85.492852,344.378817,1.0,0,0.0,0.0,0.0,0.0,0.0,0.0,0.0,0.0,1,282.370857,335.649891,0.0,0.0,345.251493,0.0,0.0,0.0,0.0,360.903139,523.539933,232.526917,0.539349,0.641116,0.0,0.0,0.659456,0.0,0.0,0.0,0.0,0.689352,1.0,0.444144,0.0,0.0,0.0,0.0,0.0,0.0,27,31.0,11.259259,8.0,3.0,7.39165,932.077627,313.219532,294.842265,56.696905,2.975797,1.0,0.941328,0.181013,0.551436,172.720613
avenue_training_11_clip_000026,avenue,training,11,26,417,448,32,0,0,0.0,17190.161384,7089.322027,5990.169904,376.784585,4560.163974,0,0.0,6.56077,269.914709,142.527287,71.718284,72.004942,26.460115,29.53087,0.42126,0.188976,0.023622,0.0,0.0,0.0,0.0,0.019685,0.0,0.0,0.145669,0.200787,128.069893,33.718904,28.177977,2.148067,27.695055,0,0.0,1354.67939,745.160422,775.906728,139.754249,404.541942,1.0,0,0.0,0.0,0.0,0.0,0.0,0.0,0.0,0.0,1,323.100871,189.067199,186.068539,0.0,0.0,0.0,0.0,176.314989,0.0,0.0,228.450322,354.107742,0.912437,0.533926,0.525457,0.0,0.0,0.0,0.0,0.497913,0.0,0.0,0.645144,1.0,0.0,0.0,0.0,0.0,0.0,0.0,21,31.0,12.095238,9.0,3.0,9.086383,650.832648,269.914709,220.056373,82.587793,2.411253,1.0,0.815281,0.305977,0.483818,130.589497
avenue_training_11_clip_000027,avenue,training,11,27,433,464,32,0,0,0.0,14565.995066,6814.528636,6516.54415,289.440526,3910.440171,0,0.0,17.214811,282.079902,136.846329,70.368016,70.365447,9.363451,31.736481,0.479245,0.0,0.026415,0.0,0.015094,0.0,0.0,0.0,0.0,0.0,0.071698,0.407547,123.79343,31.887527,18.611076,0.095887,33.945347,0,0.0,1325.0,853.625327,967.357871,79.056942,380.5479,1.0,0,0.0,0.0,0.0,0.0,0.0,0.0,0.0,0.0,1,315.8176,0.0,411.860314,0.0,211.220243,0.0,0.0,0.0,0.0,0.0,184.931314,216.003507,0.766808,0.0,1.0,0.0,0.512844,0.0,0.0,0.0,0.0,0.0,0.449015,0.524458,0.0,0.0,0.0,0.0,0.0,0.0,17,31.0,15.588235,15.0,3.0,9.970892,547.080996,282.079902,269.040337,71.338527,1.939454,1.0,0.953774,0.252902,0.400397,112.943912
avenue_training_11_clip_000028,avenue,training,11,28,449,480,32,0,0,0.0,22308.210372,8749.807388,7701.011622,63.684943,5591.90533,0,0.0,24.912899,317.952624,165.749967,77.321769,82.676932,4.573921,32.972518,0.618026,0.23176,0.0,0.012876,0.017167,0.0,0.0,0.0,0.0,0.0,0.030043,0.090129,101.571837,26.275456,15.749759,0.157244,27.710039,0,0.0,1324.115271,820.064497,766.990718,118.585412,389.197494,0.991667,0,0.0,0.0,0.0,0.0,0.0,0.0,0.0,0.0,1,307.354418,301.336609,0.0,153.342762,384.368008,0.0,0.0,0.0,0.0,0.0,457.396509,363.690799,0.671965,0.658808,0.0,0.335251,0.840339,0.0,0.0,0.0,0.0,0.0,1.0,0.795132,0.166667,0.008333,0.0,0.0,0.008333,0.036324,20,31.0,11.65,7.0,3.0,9.161195,509.901951,317.952624,330.738625,86.433092,1.603704,1.0,1.040214,0.271843,0.369418,117.45732
avenue_training_11_clip_000029,avenue,training,11,29,465,496,32,0,0,0.0,17527.079117,7176.534532,6685.887909,217.999288,4739.719314,0,0.0,1.080859,295.203112,179.3541,70.416212,68.028329,12.339087,31.239815,0.33829,0.159851,0.0,0.037175,0.0,0.0,0.0,0.0,0.0,0.0,0.05948,0.405204,111.021741,22.323879,14.509712,0.854527,24.549936,0,0.0,1352.081728,783.939047,877.852493,76.034532,387.870267,0.996894,0,0.0,0.0,0.0,0.0,0.0,0.0,0.0,0.0,1,290.42576,251.478333,0.0,192.560455,0.0,0.0,0.0,0.0,0.0,0.0,255.474279,333.813948,0.870023,0.753349,0.0,0.57685,0.0,0.0,0.0,0.0,0.0,0.0,0.765319,1.0,0.071429,0.003106,0.0,0.0,0.003106,0.014567,23,31.0,11.695652,8.0,3.0,9.071862,695.838142,295.203112,276.05745,58.957448,2.35715,1.0,0.935144,0.199718,0.550027,162.369845
avenue_training_11_clip_000030,avenue,training,11,30,481,512,32,0,0,0.0,13310.077539,6024.985355,6943.970645,196.005921,3559.917741,0,0.0,30.484303,279.728256,159.909995,67.890255,69.657887,4.398705,31.129937,0.276596,0.308511,0.070922,0.0,0.031915,0.0,0.0,0.0,0.0,0.021277,0.0,0.29078,99.486988,37.455473,28.814922,3.42537,31.00868,0,0.0,1362.557338,768.266515,788.293251,60.092521,421.396157,0.998188,0,0.0,0.0,0.0,0.0,0.0,0.0,0.0,0.0,1,263.557167,270.631812,274.501863,0.0,469.927241,0.0,0.0,0.0,0.0,408.682703,0.0,173.644502,0.560847,0.575902,0.584137,0.0,1.0,0.0,0.0,0.0,0.0,0.869672,0.0,0.369514,0.041667,0.001812,0.0,0.0,0.001812,0.008497,23,31.0,12.26087,8.0,3.0,9.501567,675.954287,279.728256,254.588386,49.28214,2.416468,1.0,0.910128,0.176179,0.538737,150.700018
avenue_training_11_clip_000031,avenue,training,11,31,497,528,32,0,0,0.0,13335.725014,5988.242609,6577.873941,113.394962,3456.932231,0,0.0,1.635608,263.347488,170.624533,83.625713,72.792727,25.201124,34.581296,0.685921,0.021661,0.01444,0.0,0.0,0.0,0.0,0.0,0.01083,0.018051,0.046931,0.202166,104.23617,27.695581,20.955626,1.615986,24.131148,0,0.0,1338.375881,701.536933,534.000234,88.388348,436.630201,1.0,0,0.0,0.0,0.0,0.0,0.0,0.0,0.0,0.0,1,241.417197,318.527078,151.597325,0.0,0.0,0.0,0.0,0.0,154.926839,324.035484,332.11685,302.68323,0.726904,0.959081,0.456458,0.0,0.0,0.0,0.0,0.0,0.466483,0.975667,1.0,0.911376,0.0,0.0,0.0,0.0,0.0,0.0,25,31.0,11.08,5.0,3.0,9.842439,628.25696,263.347488,287.438286,74.778952,2.385658,1.0,1.091479,0.283955,0.492118,129.598111
avenue_training_11_clip_000032,avenue,training,11,32,513,544,32,0,0,0.0,20225.320989,6339.941636,5375.575438,675.711769,4307.539268,0,0.0,4.246609,267.263827,161.407862,70.433885,65.023102,18.434949,31.715493,0.432314,0.187773,0.0,0.026201,0.0131,0.0,0.0,0.0,0.065502,0.017467,0.0,0.257642,143.726937,41.86278,27.722563,0.468472,41.021344,0,0.0,1225.063774,668.692513,573.639695,39.528471,355.439537,1.0,0,0.0,0.0,0.0,0.0,0.0,0.0,0.0,0.0,1,255.188266,330.869051,0.0,144.902604,300.748871,0.0,0.0,0.0,110.425493,567.243508,0.0,271.125239,0.449874,0.583293,0.0,0.25545,0.530194,0.0,0.0,0.0,0.19467,1.0,0.0,0.47797,0.0,0.0,0.0,0.0,0.0,0.0,23,31.0,9.956522,7.0,3.0,8.64507,567.243508,267.263827,263.790973,26.014235,2.12241,1.0,0.987006,0.097335,0.418938,111.966963
avenue_training_11_clip_000033,avenue,training,11,33,529,560,32,0,0,0.0,18463.658129,6996.957426,6718.63017,137.014746,4790.077102,0,0.0,16.792713,263.285815,135.535496,72.235481,69.223066,22.185201,34.441195,0.247059,0.388235,0.064706,0.029412,0.0,0.0,0.0,0.0,0.0,0.0,0.041176,0.229412,82.234465,35.452348,27.217716,0.326478,24.693736,0,0.0,1312.440475,757.792826,730.795799,62.5,456.810755,1.0,0,0.0,0.0,0.0,0.0,0.0,0.0,0.0,0.0,1,160.76525,263.126733,331.022935,396.402208,0.0,0.0,0.0,0.0,0.0,0.0,252.069414,262.449242,0.405561,0.663787,0.835068,1.0,0.0,0.0,0.0,0.0,0.0,0.0,0.635893,0.662078,0.0,0.0,0.0,0.0,0.0,0.0,19,31.0,8.947368,5.0,3.0,8.543842,548.030003,263.285815,268.926828,56.572538,2.081502,1.0,1.021425,0.214871,0.516602,136.013936
avenue_training_11_clip_000034,avenue,training,11,34,545,576,32,0,0,0.0,15813.662603,6269.905459,6630.854439,87.358327,4623.376959,0,0.0,3.128833,274.234604,167.326912,71.141829,63.080013,8.130102,38.177937,0.513089,0.267016,0.0,0.0,0.015707,0.0,0.0,0.0,0.020942,0.0,0.183246,0.0,139.380347,37.979306,35.28937,1.237447,32.23544,0,0.0,1325.530554,684.907429,699.330037,51.53882,416.337255,1.0,0,0.0,0.0,0.0,0.0,0.0,0.0,0.0,0.0,1,235.381016,254.85793,0.0,0.0,81.944136,0.0,0.0,0.0,392.612278,0.0,357.751567,0.0,0.599525,0.649134,0.0,0.0,0.208715,0.0,0.0,0.0,1.0,0.0,0.911208,0.0,0.0,0.0,0.0,0.0,0.0,0.0,21,31.0,9.095238,5.0,3.0,8.456639,638.565848,274.234604,285.854944,34.608245,2.328539,1.0,1.042374,0.126199,0.582233,159.668378
avenue_training_11_clip_000035,avenue,training,11,35,561,592,32,0,0,0.0,19021.525738,5088.512194,3600.822238,586.411154,4345.930226,0,0.0,18.608395,195.03437,167.619243,66.884432,61.349764,27.618868,31.906778,0.185567,0.216495,0.231959,0.0,0.0,0.0,0.0,0.0,0.0,0.0,0.159794,0.206186,69.676928,34.981709,28.749141,5.960487,20.453868,0,0.0,1291.559135,593.280634,486.376911,98.071686,381.166367,0.993464,0,0.0,0.0,0.0,0.0,0.0,0.0,0.0,0.0,1,153.042131,238.9972,159.375293,0.0,0.0,0.0,0.0,0.0,0.0,0.0,156.74506,258.858216,0.59122,0.923275,0.615686,0.0,0.0,0.0,0.0,0.0,0.0,0.0,0.605525,1.0,0.111111,0.006536,0.0,0.0,0.006536,0.026144,17,31.0,11.411765,9.0,3.0,9.088188,393.530239,195.03437,173.082603,42.318099,2.017748,1.0,0.887447,0.216978,0.429159,83.700866
avenue_training_11_clip_000036,avenue,training,11,36,577,608,32,0,0,0.0,17655.394278,6088.493091,4602.586041,289.440526,4933.013835,0,0.0,18.801337,253.530067,122.321585,56.64177,56.208222,9.462322,23.628762,0.70892,0.070423,0.032864,0.065728,0.0,0.0,0.0,0.0,0.0,0.018779,0.018779,0.084507,101.529922,31.259359,15.674284,2.368992,31.564767,0,0.0,1288.470508,670.791118,655.386336,39.528471,405.562869,1.0,0,0.0,0.0,0.0,0.0,0.0,0.0,0.0,0.0,1,236.00955,234.446282,56.527826,327.233333,0.0,0.0,0.0,0.0,0.0,522.148647,478.525549,244.687006,0.451997,0.449003,0.10826,0.626705,0.0,0.0,0.0,0.0,0.0,1.0,0.916455,0.468616,0.0,0.0,0.0,0.0,0.0,0.0,21,31.0,10.142857,7.0,3.0,8.322578,526.740222,253.530067,228.787534,35.669264,2.077624,1.0,0.902408,0.14069,0.597947,151.597645
avenue_training_11_clip_000037,avenue,training,11,37,593,624,32,0,0,0.0,27771.732399,5962.519473,4120.067843,267.618383,6050.541682,0,0.0,17.864075,222.860583,136.727085,63.166995,62.685218,14.172338,31.996118,0.457364,0.069767,0.081395,0.015504,0.023256,0.0,0.0,0.011628,0.0,0.0,0.027132,0.313953,150.514735,39.640331,25.215362,1.883611,37.42722,0,0.0,1332.584425,606.029786,445.99904,63.737744,416.137508,1.0,0,0.0,0.0,0.0,0.0,0.0,0.0,0.0,0.0,1,305.172098,192.527771,90.289434,389.904657,157.509086,0.0,0.0,63.103921,0.0,0.0,155.821092,202.542137,0.782684,0.493782,0.231568,1.0,0.403968,0.0,0.0,0.161844,0.0,0.0,0.399639,0.519466,0.0,0.0,0.0,0.0,0.0,0.0,24,31.0,10.75,7.0,3.0,8.656645,435.815917,222.860583,208.195582,58.385376,1.955554,1.0,0.934196,0.261982,0.52356,116.680888
avenue_training_11_clip_000038,avenue,training,11,38,609,640,32,0,0,0.0,20104.111793,6627.884455,5920.813498,406.149015,4912.177651,0,0.0,14.840985,278.051834,151.858399,69.431744,62.727183,3.012788,40.468707,0.263514,0.179054,0.108108,0.02027,0.0,0.0,0.0,0.0,0.0,0.010135,0.040541,0.378378,94.2035,37.214343,36.027241,1.558583,26.122478,0,0.0,1374.147463,715.132526,744.622405,75.0,415.818069,1.0,0,0.0,0.0,0.0,0.0,0.0,0.0,0.0,0.0,1,224.117675,221.055611,209.250205,505.62101,0.0,0.0,0.0,0.0,0.0,197.450221,602.518945,255.858872,0.371968,0.366886,0.347292,0.839179,0.0,0.0,0.0,0.0,0.0,0.327708,1.0,0.424649,0.0,0.0,0.0,0.0,0.0,0.0,28,31.0,10.571429,7.0,3.0,8.524874,885.781893,278.051834,266.098434,58.65703,3.185672,1.0,0.95701,0.210957,0.573036,159.333766
avenue_training_11_clip_000039,avenue,training,11,39,625,656,32,0,0,0.0,23143.083107,5934.110879,5390.835585,84.71112,4603.786812,0,0.0,-0.304119,248.350788,135.758123,65.813919,65.629555,4.573921,33.76574,0.551205,0.072289,0.036145,0.0,0.0,0.0,0.009036,0.0,0.0,0.0,0.042169,0.289157,169.923745,24.335128,16.00874,0.864351,32.072511,0,0.0,1345.362405,733.772699,757.838972,63.737744,408.912492,1.0,0,0.0,0.0,0.0,0.0,0.0,0.0,0.0,0.0,1,232.326367,293.185475,209.872293,0.0,0.0,0.0,196.612034,0.0,0.0,0.0,306.219071,251.876837,0.758693,0.957437,0.685367,0.0,0.0,0.0,0.642063,0.0,0.0,0.0,1.0,0.822538,0.0,0.0,0.0,0.0,0.0,0.0,30,31.0,11.066667,8.5,3.0,8.686899,652.423898,248.350788,223.818596,51.633107,2.627026,1.0,0.90122,0.207904,0.535589,133.014065
avenue_training_11_clip_000040,avenue,training,11,40,641,672,32,0,0,0.0,29808.015912,6689.075531,5702.963235,65.325649,6266.528114,0,0.0,0.325869,279.265725,172.965641,71.348144,70.122476,7.125016,35.967761,0.177632,0.082237,0.052632,0.0,0.0,0.0,0.0,0.0,0.0,0.009868,0.069079,0.608553,83.013875,28.304422,22.676713,1.146203,23.969948,0,0.0,1366.622205,720.942109,869.316626,67.31456,430.530463,1.0,0,0.0,0.0,0.0,0.0,0.0,0.0,0.0,0.0,1,179.635513,361.607244,254.279443,0.0,0.0,0.0,0.0,0.0,0.0,104.449709,373.8818,317.568243,0.480461,0.96717,0.680106,0.0,0.0,0.0,0.0,0.0,0.0,0.279366,1.0,0.849381,0.0,0.0,0.0,0.0,0.0,0.0,30,31.0,10.133333,7.0,3.0,8.281438,662.476196,279.265725,245.154917,46.15728,2.372207,1.0,0.877855,0.165281,0.598184,167.052174
avenue_training_11_clip_000041,avenue,training,11,41,657,688,32,0,0,0.0,30774.099429,9564.615649,7136.040091,2297.009553,7693.328479,0,0.0,6.821593,308.961677,117.615162,79.440792,74.997771,20.839085,24.703598,0.206767,0.165414,0.0,0.015038,0.0,0.0,0.0,0.0,0.0,0.0,0.116541,0.496241,98.03678,27.412661,24.99106,3.876996,18.827605,0,0.0,1321.102759,791.953668,789.904111,252.796855,347.877885,1.0,0,0.0,0.0,0.0,0.0,0.0,0.0,0.0,0.0,1,431.269422,240.207252,0.0,302.311974,0.0,0.0,0.0,0.0,0.0,0.0,221.572521,291.588904,1.0,0.556977,0.0,0.700982,0.0,0.0,0.0,0.0,0.0,0.0,0.513768,0.676118,0.0,0.0,0.0,0.0,0.0,0.0,22,31.0,12.090909,7.0,3.0,9.680858,706.652023,308.961677,275.979899,145.106132,2.287183,1.0,0.89325,0.469657,0.526276,162.599264
avenue_training_11_clip_000042,avenue,training,11,42,673,704,32,0,0,0.0,32918.159731,9609.791987,8716.48862,0.0,8547.965079,0,0.0,-5.307111,316.031364,104.157633,63.488347,65.704954,5.389312,30.946949,0.368421,0.07177,0.014354,0.0,0.0,0.0,0.028708,0.0,0.0,0.0,0.282297,0.23445,163.17009,38.5891,30.535421,0.374208,41.570935,0,0.0,1352.081728,748.791081,833.010354,103.077641,442.573488,1.0,0,0.0,0.0,0.0,0.0,0.0,0.0,0.0,0.0,1,261.927741,557.717582,176.627912,0.0,0.0,0.0,147.203308,0.0,0.0,0.0,327.296927,317.603531,0.469642,1.0,0.316698,0.0,0.0,0.0,0.263939,0.0,0.0,0.0,0.586851,0.56947,0.0,0.0,0.0,0.0,0.0,0.0,25,29.0,8.36,6.0,3.0,6.875347,765.848423,316.031364,306.29785,89.764992,2.42333,1.0,0.969201,0.284038,0.574107,181.435912
avenue_training_11_clip_000043,avenue,training,11,43,689,720,32,0,0,0.0,14430.360428,5939.275412,5941.596712,427.963531,3839.339444,0,0.0,6.70209,236.707966,169.35868,76.178088,69.446085,35.395486,30.638433,0.414894,0.079787,0.0,0.031915,0.0,0.0,0.0,0.0,0.0,0.0,0.015957,0.457447,87.665323,26.722197,20.234172,1.016876,22.55783,0,0.0,1342.22297,663.944405,610.455772,45.069391,422.266511,1.0,0,0.0,0.0,0.0,0.0,0.0,0.0,0.0,0.0,1,400.216374,190.775876,0.0,75.237468,0.0,0.0,0.0,0.0,0.0,0.0,250.446937,190.644737,1.0,0.476682,0.0,0.187992,0.0,0.0,0.0,0.0,0.0,0.0,0.625779,0.476354,0.0,0.0,0.0,0.0,0.0,0.0,17,30.0,11.058824,8.0,3.0,8.727715,475.407307,236.707966,217.011427,36.51012,2.008413,1.0,0.91679,0.154241,0.516199,122.188459
avenue_training_11_clip_000044,avenue,training,11,44,705,736,32,0,0,0.0,20010.584406,6668.639646,5370.835103,267.618383,5860.348366,0,0.0,2.61616,273.021685,111.69841,63.619749,61.587721,8.130102,30.51032,0.194872,0.123077,0.0,0.020513,0.0,0.0,0.0,0.0,0.0,0.015385,0.169231,0.476923,96.974544,29.824753,28.549637,1.561564,22.542531,0,0.0,1352.081728,642.285334,696.460035,53.033009,443.637224,1.0,0,0.0,0.0,0.0,0.0,0.0,0.0,0.0,0.0,1,304.155353,244.007035,0.0,140.367421,0.0,0.0,0.0,0.0,0.0,58.385376,307.012522,281.315379,0.990694,0.794779,0.0,0.457204,0.0,0.0,0.0,0.0,0.0,0.190173,1.0,0.916299,0.0,0.0,0.0,0.0,0.0,0.0,24,31.0,8.125,5.0,3.0,7.457169,711.330208,273.021685,243.690374,46.28074,2.605398,1.0,0.892567,0.169513,0.658394,179.75588
avenue_training_11_clip_000045,avenue,training,11,45,721,752,32,0,0,0.0,28046.603796,8262.840199,6366.966222,1277.652295,6541.572836,0,0.0,11.680594,285.637774,176.784516,73.781063,64.575551,6.871216,42.053252,0.336323,0.188341,0.026906,0.013453,0.0,0.0,0.0,0.0,0.0,0.058296,0.040359,0.336323,103.499921,34.044776,26.409557,0.978611,27.249334,0,0.0,1238.004947,722.538807,722.222023,79.056942,364.639667,0.998016,0,0.0,0.0,0.0,0.0,0.0,0.0,0.0,0.0,1,323.13652,377.950596,336.997068,284.201948,0.0,0.0,0.0,0.0,0.0,110.987266,170.131412,236.632904,0.85497,1.0,0.891643,0.751955,0.0,0.0,0.0,0.0,0.0,0.293655,0.450142,0.626095,0.047619,0.001984,0.0,0.0,0.001984,0.009516,24,31.0,9.291667,5.5,3.0,7.887116,666.998093,285.637774,277.136578,53.503896,2.335119,1.0,0.970237,0.187314,0.50393,143.94157
avenue_training_11_clip_000046,avenue,training,11,46,737,768,32,0,0,0.0,26506.484102,5863.000624,4988.058868,993.741774,5802.393279,0,0.0,1.504155,246.073134,161.565051,69.798034,66.23025,3.945186,36.743272,0.198675,0.271523,0.072848,0.0,0.0,0.0,0.0,0.0,0.019868,0.02649,0.019868,0.390728,97.942672,33.562123,30.213319,0.754571,28.585698,0,0.0,1293.372529,610.127511,587.632964,83.852549,398.209247,1.0,0,0.0,0.0,0.0,0.0,0.0,0.0,0.0,0.0,1,248.08149,212.767186,232.598966,0.0,0.0,0.0,0.0,0.0,666.806511,159.309237,59.603944,247.402489,0.372044,0.319084,0.348825,0.0,0.0,0.0,0.0,0.0,1.0,0.238914,0.089387,0.371026,0.0,0.0,0.0,0.0,0.0,0.0,17,30.0,8.882353,6.0,3.0,7.653391,666.806511,246.073134,201.290973,59.603944,2.70979,1.0,0.818013,0.24222,0.646573,159.104202
avenue_training_11_clip_000047,avenue,training,11,47,750,781,32,0,0,0.0,21752.889782,7075.879101,5704.661484,322.518007,5560.351967,0,0.0,28.895998,271.96002,130.378355,61.769836,62.976037,0.199404,31.854775,0.519802,0.19802,0.0,0.069307,0.0,0.0,0.0,0.0,0.0,0.0,0.0,0.212871,68.457026,28.481371,24.942051,3.406221,21.691253,0,0.0,1303.660711,857.258071,921.954446,79.549513,357.756949,1.0,0,0.0,0.0,0.0,0.0,0.0,0.0,0.0,0.0,1,233.104664,241.977111,0.0,425.857629,0.0,0.0,0.0,0.0,0.0,0.0,0.0,251.659602,0.547377,0.568211,0.0,1.0,0.0,0.0,0.0,0.0,0.0,0.0,0.0,0.590948,0.0,0.0,0.0,0.0,0.0,0.0,17,26.0,11.882353,12.0,3.0,6.379031,580.831593,271.96002,286.011888,56.312725,2.135724,1.0,1.051669,0.207063,0.441689,120.121785
avenue_training_12_clip_000000,avenue,training,12,0,1,32,32,0,0,0.0,20108.239192,7749.258628,7727.239798,0.0,4905.232228,0,0.0,2.682933,311.455886,114.010164,78.292697,80.617923,17.140882,26.812691,0.583333,0.070833,0.058333,0.0,0.0125,0.0,0.0,0.0,0.0125,0.020833,0.120833,0.120833,132.317067,43.776527,42.461095,1.440576,32.032605,0,0.0,1295.243703,792.122299,905.77277,27.95085,425.623714,1.0,0,0.0,0.0,0.0,0.0,0.0,0.0,0.0,0.0,1,249.654927,487.274619,323.030818,0.0,27.95085,0.0,0.0,0.0,290.196768,373.483072,308.489961,337.377982,0.51235,1.0,0.662934,0.0,0.057362,0.0,0.0,0.0,0.595551,0.766473,0.633093,0.692377,0.0,0.0,0.0,0.0,0.0,0.0,22,31.0,10.909091,6.5,3.0,9.43836,1063.939414,311.455886,285.581763,27.95085,3.41602,1.0,0.916926,0.089743,0.670231,208.747321
avenue_training_12_clip_000001,avenue,training,12,1,17,48,32,0,0,0.0,13820.231724,5609.459393,5641.270676,73.771243,4079.610962,0,0.0,-8.414623,291.140847,146.68255,63.595667,64.272846,2.9348,35.557331,0.336735,0.119048,0.010204,0.0,0.0,0.0,0.013605,0.0,0.013605,0.0,0.129252,0.377551,161.108855,33.149279,21.992827,0.440394,35.571027,0,0.0,1370.275976,667.215981,600.520607,27.95085,401.407489,0.997531,0,0.0,0.0,0.0,0.0,0.0,0.0,0.0,0.0,1,369.156351,295.234671,215.519068,0.0,0.0,0.0,103.879703,0.0,225.433885,0.0,286.320836,276.498804,1.0,0.799755,0.583815,0.0,0.0,0.0,0.281398,0.0,0.610673,0.0,0.775609,0.749002,0.066667,0.002469,0.0,0.0,0.002469,0.01259,27,31.0,10.888889,6.0,3.0,9.322745,1023.067556,291.140847,233.230102,26.475425,3.513995,1.0,0.80109,0.090937,0.767371,223.412937
avenue_training_12_clip_000002,avenue,training,12,2,33,64,32,0,0,0.0,14390.266658,5172.317441,4956.830533,147.542486,3525.416547,0,0.0,-1.101126,256.957808,167.508651,70.728168,73.518647,21.326338,30.95629,0.639731,0.037037,0.020202,0.0,0.0,0.0,0.0,0.0,0.0,0.06734,0.063973,0.171717,86.444221,31.632014,20.254219,2.461382,24.871033,0,0.0,1361.295339,654.991217,561.805126,55.901699,431.390665,1.0,0,0.0,0.0,0.0,0.0,0.0,0.0,0.0,0.0,1,241.608999,335.410319,156.047945,0.0,0.0,0.0,0.0,0.0,0.0,301.263732,487.414974,183.683151,0.495695,0.688141,0.320154,0.0,0.0,0.0,0.0,0.0,0.0,0.618085,1.0,0.376852,0.0,0.0,0.0,0.0,0.0,0.0,27,31.0,11.0,6.0,3.0,9.030811,558.562485,256.957808,243.031817,52.95085,2.173752,1.0,0.945804,0.206068,0.511269,131.374425
avenue_training_12_clip_000003,avenue,training,12,3,49,80,32,0,0,0.0,28204.745095,7403.947828,5704.230162,54.535989,7458.053307,0,0.0,-7.620561,318.868115,167.660913,84.587161,84.213999,12.528808,37.18003,0.468227,0.06689,0.013378,0.0,0.0,0.0,0.0,0.010033,0.0,0.020067,0.073579,0.347826,117.86823,32.285173,25.900659,2.639255,25.899217,0,0.0,1334.75185,748.603844,789.240233,27.95085,457.357759,0.998718,0,0.0,0.0,0.0,0.0,0.0,0.0,0.0,0.0,1,220.208282,557.475723,490.863058,0.0,0.0,0.0,0.0,640.129434,0.0,332.240318,292.049818,280.663816,0.344006,0.87088,0.766818,0.0,0.0,0.0,0.0,1.0,0.0,0.519021,0.456236,0.438449,0.033333,0.001282,0.0,0.0,0.001282,0.00641,26,31.0,11.5,6.5,3.0,9.739886,640.129434,318.868115,279.174706,26.86013,2.007505,1.0,0.875517,0.084236,0.622352,198.448082
avenue_training_12_clip_000004,avenue,training,12,4,65,96,32,0,0,0.0,17037.464104,7130.66825,7355.796272,381.74915,4554.027536,0,0.0,12.664234,293.539726,132.273689,76.541988,81.46383,14.264512,29.571764,0.523026,0.052632,0.009868,0.026316,0.0,0.0,0.0,0.009868,0.0,0.0,0.016447,0.361842,145.49724,32.512754,18.874004,0.256913,35.815109,0,0.0,1262.7475,758.38361,885.117931,83.852549,402.067891,0.998611,0,0.0,0.0,0.0,0.0,0.0,0.0,0.0,0.0,1,257.689539,312.852075,364.53642,210.473143,0.0,0.0,0.0,888.750241,0.0,0.0,77.657959,298.637567,0.289946,0.352013,0.410167,0.236819,0.0,0.0,0.0,1.0,0.0,0.0,0.087379,0.33602,0.033333,0.001389,0.0,0.0,0.001389,0.006661,24,31.0,12.666667,9.0,3.0,9.70252,888.750241,293.539726,288.314938,63.676254,3.0277,1.0,0.982201,0.216926,0.564956,165.837196
avenue_training_12_clip_000005,avenue,training,12,5,81,112,32,0,0,0.0,15689.300879,8183.618496,7039.935921,2769.618278,3881.870333,0,0.0,17.935135,316.768401,168.906277,76.847171,73.005116,10.007979,39.388288,0.50173,0.031142,0.155709,0.017301,0.0,0.010381,0.0,0.0,0.0,0.027682,0.027682,0.228374,140.410314,33.889378,23.481997,0.643438,34.405206,0,0.0,1308.625233,793.769517,733.67653,313.498405,271.359165,0.99839,0,0.0,0.0,0.0,0.0,0.0,0.0,0.0,0.0,1,330.093773,198.838656,249.784722,165.803824,0.0,355.637503,0.0,0.0,0.0,238.226326,429.246114,333.633502,0.769008,0.463228,0.581915,0.386268,0.0,0.828517,0.0,0.0,0.0,0.554988,1.0,0.777255,0.037037,0.00161,0.0,0.0,0.00161,0.007553,23,31.0,12.565217,7.0,3.0,10.107363,624.236345,316.768401,303.755458,157.021059,1.97064,1.0,0.95892,0.495697,0.385057,121.974022
avenue_training_12_clip_000006,avenue,training,12,6,97,128,32,0,0,0.0,27287.286198,7749.154919,5734.292983,403.47905,6897.50678,0,0.0,-4.839993,255.207129,102.264774,57.363773,61.43003,5.944329,24.41609,0.547038,0.059233,0.062718,0.0,0.0,0.0,0.010453,0.0,0.0,0.034843,0.038328,0.247387,155.278745,39.587815,29.744911,2.737244,34.264819,0,0.0,1371.415783,716.648975,848.960289,100.778222,430.68523,1.0,0,0.0,0.0,0.0,0.0,0.0,0.0,0.0,0.0,1,196.162505,337.841826,186.369505,0.0,0.0,0.0,635.884506,0.0,0.0,277.979824,432.15508,225.684815,0.308488,0.531294,0.293087,0.0,0.0,0.0,1.0,0.0,0.0,0.437155,0.679613,0.354915,0.0,0.0,0.0,0.0,0.0,0.0,24,31.0,11.958333,11.0,3.0,8.497447,635.884506,255.207129,235.720904,64.860008,2.491641,1.0,0.923645,0.254147,0.58685,149.768205
avenue_training_12_clip_000007,avenue,training,12,7,113,144,32,0,0,0.0,17151.165056,7037.434161,7748.726929,147.542486,4625.845849,0,0.0,8.819918,332.239761,156.177882,71.96343,71.840383,2.489553,35.158289,0.544355,0.193548,0.016129,0.0,0.0,0.0,0.0,0.0,0.0,0.0,0.056452,0.189516,79.120304,25.477505,16.052111,0.108123,22.194268,0,0.0,1370.275976,786.307044,879.168516,55.901699,479.537814,1.0,0,0.0,0.0,0.0,0.0,0.0,0.0,0.0,0.0,1,338.867334,247.058063,233.828275,0.0,0.0,0.0,0.0,0.0,0.0,0.0,555.077515,231.480336,0.610487,0.445087,0.421253,0.0,0.0,0.0,0.0,0.0,0.0,0.0,1.0,0.417023,0.0,0.0,0.0,0.0,0.0,0.0,22,31.0,11.272727,6.5,3.0,9.587785,878.493141,332.239761,306.964387,52.95085,2.644154,1.0,0.923925,0.159375,0.689606,229.114658
avenue_training_12_clip_000008,avenue,training,12,8,114,145,32,0,0,0.0,17084.232414,6251.320641,5947.736599,0.0,4584.957877,0,0.0,-1.210813,233.151635,146.309932,82.308457,77.213618,0.0,33.197355,0.746888,0.053942,0.037344,0.0,0.0,0.0,0.012448,0.0,0.0,0.0,0.016598,0.13278,164.752944,29.362949,18.841711,1.729911,35.657821,0,0.0,1317.727684,672.309052,658.028187,50.0,427.581387,0.98022,0,0.0,0.0,0.0,0.0,0.0,0.0,0.0,0.0,1,238.30852,269.343391,358.273704,0.0,0.0,0.0,51.53882,0.0,0.0,0.0,327.133141,200.863008,0.665158,0.751781,1.0,0.0,0.0,0.0,0.143853,0.0,0.0,0.0,0.913082,0.560641,0.25,0.01978,0.0,0.0,0.01978,0.058399,20,31.0,12.05,8.0,3.0,9.702963,529.370346,233.151635,235.177255,28.326547,2.270498,1.0,1.008688,0.121494,0.524971,122.397877
avenue_training_13_clip_000000,avenue,training,13,0,1,32,32,0,0,0.0,26789.058164,8309.796083,6611.359594,478.477773,6134.801714,0,0.0,-9.127903,294.930357,177.322651,71.451143,69.265758,6.721379,35.873035,0.206089,0.142857,0.009368,0.0,0.009368,0.01171,0.0,0.0,0.014052,0.046838,0.098361,0.461358,172.713175,36.711404,23.285275,0.319745,37.560514,0,0.0,1365.478396,753.29419,704.769508,100.778222,406.884268,1.0,0,0.0,0.0,0.0,0.0,0.0,0.0,0.0,0.0,1,338.592841,263.081072,79.770918,0.0,297.332648,89.487351,0.0,0.0,495.865441,262.195601,339.987751,284.358095,0.682832,0.530549,0.160872,0.0,0.599624,0.180467,0.0,0.0,1.0,0.528764,0.685645,0.573458,0.0,0.0,0.0,0.0,0.0,0.0,40,31.0,10.675,6.0,3.0,8.787456,839.006242,294.930357,276.269312,79.770918,2.844761,1.0,0.936727,0.270474,0.539032,158.976798
avenue_training_13_clip_000001,avenue,training,13,1,17,48,32,0,0,0.0,18728.393541,6052.785645,5955.010105,0.0,4503.308811,0,0.0,2.906818,272.207077,174.957549,72.34061,74.160569,0.0,39.652415,0.268839,0.173116,0.050916,0.0,0.0,0.0,0.0,0.0,0.0,0.026477,0.014257,0.466395,88.357507,27.33969,22.593957,0.385592,24.076644,0,0.0,1372.953022,688.499223,703.784413,51.53882,440.871135,1.0,0,0.0,0.0,0.0,0.0,0.0,0.0,0.0,0.0,1,301.8987,271.402834,96.71357,0.0,0.0,0.0,0.0,0.0,0.0,288.860276,284.393589,276.992845,1.0,0.898986,0.320351,0.0,0.0,0.0,0.0,0.0,0.0,0.956812,0.942017,0.917503,0.0,0.0,0.0,0.0,0.0,0.0,43,31.0,11.418605,8.0,3.0,8.824471,879.140254,272.207077,235.879907,45.533646,3.229674,1.0,0.866546,0.167276,0.660266,179.729142
avenue_training_13_clip_000002,avenue,training,13,2,33,64,32,0,0,0.0,24942.482777,7269.949966,7323.69799,208.527057,5020.797683,0,0.0,11.99911,302.676871,146.599295,79.475581,76.783296,3.521453,36.108923,0.319202,0.147132,0.027431,0.029925,0.0,0.0,0.0,0.027431,0.0,0.0,0.069825,0.379052,132.122016,32.928358,20.01745,1.479622,28.484129,0,0.0,1353.063653,803.549215,898.129609,76.034532,383.233801,0.997738,0,0.0,0.0,0.0,0.0,0.0,0.0,0.0,0.0,1,282.571243,292.709958,410.396954,325.492589,0.0,0.0,0.0,201.693921,0.0,0.0,243.902117,316.262277,0.688532,0.713236,1.0,0.793116,0.0,0.0,0.0,0.491461,0.0,0.0,0.594308,0.770625,0.076923,0.002262,0.0,0.0,0.002262,0.012997,34,31.0,11.794118,8.0,3.0,9.253869,791.891844,302.676871,270.565577,61.366342,2.616295,1.0,0.893908,0.202745,0.534714,161.845409
avenue_training_13_clip_000003,avenue,training,13,3,49,80,32,0,0,0.0,23954.489525,7311.183086,5939.484741,126.459548,5595.693969,0,0.0,0.273935,319.440866,172.234834,69.534256,70.397707,2.734547,32.612154,0.389027,0.112219,0.014963,0.0,0.029925,0.009975,0.0,0.0,0.012469,0.084788,0.0399,0.306733,167.096241,40.766493,24.631115,1.734856,39.545533,0,0.0,1373.237507,803.437282,844.875959,53.033009,415.084167,0.99906,0,0.0,0.0,0.0,0.0,0.0,0.0,0.0,0.0,1,350.267194,281.149605,279.99079,0.0,215.900192,222.498417,0.0,0.0,124.075789,312.315777,413.416288,335.632154,0.847251,0.680064,0.677261,0.0,0.522234,0.538195,0.0,0.0,0.300123,0.755451,1.0,0.81185,0.035714,0.00094,0.0,0.0,0.00094,0.005717,38,31.0,10.552632,8.0,3.0,7.8395,854.496768,319.440866,287.007328,45.2008,2.674976,1.0,0.898468,0.1415,0.531657,169.832993
avenue_training_13_clip_000004,avenue,training,13,4,65,96,32,0,0,0.0,14109.290704,6129.425141,6094.681235,161.735734,3695.095788,0,0.0,8.561423,297.240166,125.764836,74.071071,77.466527,7.559067,31.124507,0.452722,0.157593,0.091691,0.0,0.011461,0.0,0.0,0.0,0.008596,0.04298,0.040115,0.194842,124.063572,38.23194,26.813324,0.954075,33.742922,0,0.0,1358.422799,742.67282,737.5,51.53882,428.536079,1.0,0,0.0,0.0,0.0,0.0,0.0,0.0,0.0,0.0,1,384.838583,219.022016,205.982458,0.0,47.389084,0.0,0.0,0.0,48.304106,372.707047,385.373236,307.362094,0.998613,0.568337,0.534501,0.0,0.122969,0.0,0.0,0.0,0.125344,0.967133,1.0,0.79757,0.0,0.0,0.0,0.0,0.0,0.0,29,31.0,12.034483,9.0,3.0,9.245624,1110.613716,297.240166,263.687239,47.389084,3.736419,1.0,0.887118,0.15943,0.698593,207.649954
avenue_training_13_clip_000005,avenue,training,13,5,81,112,32,0,0,0.0,26011.386976,8081.539469,6456.989908,328.909131,6061.320283,0,0.0,17.506331,312.358687,177.237297,82.867216,80.272421,4.398705,34.758094,0.365333,0.077333,0.016,0.018667,0.0,0.016,0.0,0.0,0.018667,0.0,0.109333,0.378667,135.472644,39.466057,29.938462,1.332609,36.401554,0,0.0,1370.447007,757.422174,773.183355,51.53882,421.606878,1.0,0,0.0,0.0,0.0,0.0,0.0,0.0,0.0,0.0,1,344.774111,220.652309,682.006174,219.494889,0.0,519.717593,0.0,0.0,200.777087,0.0,173.106022,312.884923,0.505529,0.323534,1.0,0.321837,0.0,0.762042,0.0,0.0,0.294392,0.0,0.253819,0.458771,0.0,0.0,0.0,0.0,0.0,0.0,33,31.0,11.363636,7.0,3.0,9.214015,975.040887,312.358687,271.154487,42.76791,3.121542,1.0,0.868087,0.136919,0.639644,199.79848
avenue_training_13_clip_000006,avenue,training,13,6,97,128,32,0,0,0.0,21046.602921,6819.767312,5785.801287,222.910554,4399.024348,0,0.0,5.374046,305.453743,161.565051,81.124727,77.339337,28.79865,28.829279,0.227778,0.166667,0.0,0.066667,0.0,0.0,0.0,0.008333,0.0,0.0,0.177778,0.352778,131.910289,40.703067,33.980477,3.480192,30.864963,0,0.0,1370.732012,805.558745,862.046982,64.818122,384.325041,1.0,0,0.0,0.0,0.0,0.0,0.0,0.0,0.0,0.0,1,195.912801,297.331865,0.0,283.650335,0.0,0.0,0.0,62.21286,0.0,0.0,369.394543,353.384231,0.530362,0.804917,0.0,0.767879,0.0,0.0,0.0,0.168418,0.0,0.0,1.0,0.956658,0.0,0.0,0.0,0.0,0.0,0.0,33,28.0,10.909091,7.0,3.0,7.770822,750.760316,305.453743,277.76198,60.359911,2.457853,1.0,0.909342,0.197607,0.532052,162.517227
avenue_training_13_clip_000007,avenue,training,13,7,113,144,32,0,0,0.0,19736.00489,8099.002092,7050.05189,367.109463,5498.811944,0,0.0,13.753451,308.25156,177.565815,81.229885,84.355538,22.5,30.167398,0.44373,0.189711,0.03537,0.0,0.012862,0.028939,0.0,0.0,0.009646,0.009646,0.128617,0.141479,138.956583,41.885283,32.832971,0.049888,39.617862,0,0.0,1359.457612,762.127377,790.008483,83.333333,423.275445,0.998792,0,0.0,0.0,0.0,0.0,0.0,0.0,0.0,0.0,1,246.291963,418.982962,263.608031,0.0,113.429688,365.784341,0.0,0.0,73.81406,528.070804,290.621286,372.711212,0.4664,0.793422,0.499191,0.0,0.2148,0.69268,0.0,0.0,0.139781,1.0,0.550345,0.705798,0.043478,0.001208,0.0,0.0,0.001208,0.007145,36,27.0,8.638889,6.0,3.0,6.741879,770.649231,308.25156,278.773532,56.229557,2.500066,1.0,0.90437,0.182415,0.592986,182.78893
avenue_training_13_clip_000008,avenue,training,13,8,129,160,32,0,0,0.0,26689.51977,7546.622652,7089.60088,149.305401,6069.940611,0,0.0,6.140201,304.308382,180.0,71.81373,69.59826,0.694078,44.427646,0.153094,0.123779,0.074919,0.0,0.0,0.009772,0.0,0.0,0.013029,0.052117,0.026059,0.547231,149.009176,38.794491,31.408195,1.871301,31.579839,0,0.0,1366.164796,708.923827,721.589561,91.001374,420.620214,0.994444,0,0.0,0.0,0.0,0.0,0.0,0.0,0.0,0.0,1,270.704716,258.32662,450.651548,0.0,0.0,259.638004,0.0,0.0,252.865359,258.729632,329.670139,313.297524,0.600696,0.573229,1.0,0.0,0.0,0.576139,0.0,0.0,0.561111,0.574123,0.731541,0.69521,0.2,0.005556,0.0,0.0,0.005556,0.032867,36,30.0,8.527778,6.0,3.0,7.021737,784.738584,304.308382,271.10734,63.092097,2.578761,1.0,0.890897,0.207329,0.592007,180.152634
avenue_training_13_clip_000009,avenue,training,13,9,145,176,32,0,0,0.0,26330.804537,7608.367944,6447.412738,475.902919,5114.785058,0,0.0,-7.02889,307.815857,169.796026,81.708527,74.927641,19.900084,38.372611,0.210046,0.200913,0.03653,0.0,0.0,0.0,0.0,0.0,0.050228,0.03653,0.073059,0.392694,105.47111,41.122594,28.751364,1.872052,29.930932,0,0.0,1372.326947,720.036294,685.02395,141.421356,366.951119,0.981481,0,0.0,0.0,0.0,0.0,0.0,0.0,0.0,0.0,1,221.624337,263.520631,269.328828,0.0,0.0,0.0,0.0,0.0,280.468398,631.638242,431.950482,300.572769,0.350872,0.417202,0.426397,0.0,0.0,0.0,0.0,0.0,0.444033,1.0,0.683857,0.475862,0.5,0.018519,0.0,0.0,0.018519,0.094426,27,30.0,8.111111,5.0,3.0,6.344046,1077.311375,307.815857,244.01118,89.460678,3.499857,1.0,0.792718,0.290631,0.657207,202.298642
avenue_training_13_clip_000010,avenue,training,13,10,161,192,32,0,0,0.0,21523.401823,6706.943469,4747.408909,138.523005,6158.290812,0,0.0,-7.982533,254.123855,98.130102,65.026694,79.788003,0.0,31.093145,0.227586,0.241379,0.0,0.0,0.0,0.0,0.02069,0.0,0.02069,0.0,0.0,0.489655,145.954959,35.282831,22.190297,3.917482,36.711536,0,0.0,1346.291202,646.287211,619.645341,45.069391,471.398208,0.99375,0,0.0,0.0,0.0,0.0,0.0,0.0,0.0,0.0,1,286.961812,277.245281,0.0,0.0,0.0,0.0,42.298931,0.0,157.644328,0.0,0.0,266.582252,1.0,0.96614,0.0,0.0,0.0,0.0,0.147403,0.0,0.549356,0.0,0.0,0.928982,0.1,0.00625,0.0,0.0,0.00625,0.024206,16,27.0,9.0625,6.5,3.0,7.369436,520.598325,254.123855,214.172407,42.298931,2.048601,1.0,0.842788,0.16645,0.642331,163.231635
avenue_training_13_clip_000011,avenue,training,13,11,177,208,32,0,0,0.0,13578.968813,4866.022852,4665.755548,212.451943,4017.431115,0,0.0,-9.329401,326.739619,176.964342,78.052027,74.677132,12.050785,42.619139,0.128713,0.143564,0.014851,0.014851,0.0,0.0,0.0,0.0,0.024752,0.039604,0.123762,0.509901,111.582475,35.155378,25.256056,1.292453,35.026741,0,0.0,1320.984481,723.321488,899.38672,68.718427,421.643754,1.0,0,0.0,0.0,0.0,0.0,0.0,0.0,0.0,0.0,1,304.30758,156.507234,119.40788,1237.66206,0.0,0.0,0.0,0.0,83.237351,292.510956,371.446612,280.844714,0.245873,0.126454,0.096479,1.0,0.0,0.0,0.0,0.0,0.067254,0.236342,0.30012,0.226916,0.0,0.0,0.0,0.0,0.0,0.0,20,29.0,10.1,7.0,3.0,8.525843,1237.66206,326.739619,256.696107,54.123449,3.787915,1.0,0.785629,0.165647,0.845562,276.278635
avenue_training_13_clip_000012,avenue,training,13,12,193,224,32,0,0,0.0,25825.411753,6867.675384,5930.407235,270.807712,5964.576648,0,0.0,-15.539812,294.839198,172.856572,76.571426,67.734398,8.130102,44.81613,0.356784,0.015075,0.20603,0.0,0.0,0.0,0.0,0.015075,0.0,0.085427,0.055276,0.266332,123.525239,39.229895,29.830644,4.068987,33.241243,0,0.0,1338.200751,717.234653,724.048107,55.901699,426.440847,1.0,0,0.0,0.0,0.0,0.0,0.0,0.0,0.0,0.0,1,250.864722,1142.32898,221.926071,0.0,0.0,0.0,0.0,40.088835,0.0,239.132603,398.864643,250.177214,0.219608,1.0,0.194275,0.0,0.0,0.0,0.0,0.035094,0.0,0.209338,0.349168,0.219006,0.0,0.0,0.0,0.0,0.0,0.0,20,29.0,9.95,5.0,3.0,8.634089,1142.32898,294.839198,225.280236,40.088835,3.874414,1.0,0.764078,0.135968,0.831065,245.030467
avenue_training_13_clip_000013,avenue,training,13,13,209,240,32,0,0,0.0,17980.709745,6985.978219,7625.129125,189.234774,4699.758963,0,0.0,-1.084269,298.355334,152.656847,74.133716,74.46707,0.90938,35.230434,0.283333,0.2875,0.0125,0.016667,0.0,0.0,0.0,0.0,0.0125,0.045833,0.083333,0.258333,115.935472,39.590417,36.021415,2.775921,32.861691,0,0.0,1328.180146,795.75322,1016.802703,45.069391,441.890467,1.0,0,0.0,0.0,0.0,0.0,0.0,0.0,0.0,0.0,1,325.574395,231.631409,41.284695,329.335812,0.0,0.0,0.0,0.0,204.063385,131.650474,564.717999,311.412371,0.576526,0.410172,0.073107,0.583186,0.0,0.0,0.0,0.0,0.361354,0.233126,1.0,0.551448,0.0,0.0,0.0,0.0,0.0,0.0,22,31.0,10.909091,7.0,3.0,9.365843,1097.130673,298.355334,300.874877,41.284695,3.677262,1.0,1.008444,0.138374,0.744241,222.048305
avenue_training_13_clip_000014,avenue,training,13,14,225,256,32,0,0,0.0,25374.199246,7815.041633,5450.414494,108.60918,6966.614206,0,0.0,3.59836,312.119335,156.655989,70.204669,72.265271,19.653824,34.394025,0.323276,0.12069,0.021552,0.038793,0.0,0.012931,0.017241,0.0,0.0,0.056034,0.198276,0.211207,158.997608,44.065406,22.557003,3.402154,43.210935,0,0.0,1373.69256,772.924148,646.65911,51.53882,465.052168,1.0,0,0.0,0.0,0.0,0.0,0.0,0.0,0.0,0.0,1,331.624963,289.704411,198.034111,163.343791,0.0,48.304106,550.683724,0.0,0.0,470.555905,323.684948,279.271256,0.602206,0.526081,0.359615,0.29662,0.0,0.087717,1.0,0.0,0.0,0.854494,0.587787,0.507135,0.0,0.0,0.0,0.0,0.0,0.0,24,30.0,9.666667,6.0,3.0,8.178563,740.102483,312.119335,275.0685,48.304106,2.371216,1.0,0.881293,0.154762,0.573959,179.143612
avenue_training_13_clip_000015,avenue,training,13,15,241,272,32,0,0,0.0,23185.330188,7721.839877,4642.930349,1084.240646,5588.558896,0,0.0,-7.328888,292.741152,127.651016,82.452224,84.401137,7.341226,31.075142,0.26087,0.019324,0.033816,0.0,0.0,0.0,0.0,0.0,0.014493,0.0,0.149758,0.521739,106.89777,30.256995,24.218474,1.710857,26.021803,0,0.0,1367.136606,713.810819,634.707415,170.591801,371.394332,0.99,0,0.0,0.0,0.0,0.0,0.0,0.0,0.0,0.0,1,362.557454,214.732931,189.185349,0.0,0.0,0.0,0.0,0.0,360.473857,0.0,202.264224,300.861326,1.0,0.592273,0.521808,0.0,0.0,0.0,0.0,0.0,0.994253,0.0,0.557882,0.829831,0.2,0.01,0.0,0.0,0.01,0.043589,20,31.0,10.35,6.5,3.0,7.932686,719.053694,292.741152,246.408085,131.399533,2.456278,1.0,0.841727,0.448859,0.498453,145.917695
avenue_training_13_clip_000016,avenue,training,13,16,257,288,32,0,0,0.0,21841.455457,7136.935569,5388.737037,0.0,5029.656976,0,0.0,1.427361,272.755736,133.530941,73.827531,77.23141,3.882583,30.720641,0.369004,0.107011,0.084871,0.03321,0.0,0.0,0.01476,0.0,0.0,0.04797,0.062731,0.280443,163.336494,43.370336,38.174702,0.767416,36.81873,0,0.0,1365.936034,780.964196,707.106781,62.5,440.100572,1.0,0,0.0,0.0,0.0,0.0,0.0,0.0,0.0,0.0,1,279.284117,436.590432,250.570818,92.244864,0.0,0.0,52.79395,0.0,0.0,465.805679,224.778279,224.396077,0.599572,0.93728,0.53793,0.198033,0.0,0.0,0.113339,0.0,0.0,1.0,0.482558,0.481738,0.0,0.0,0.0,0.0,0.0,0.0,27,31.0,10.037037,7.0,3.0,7.223836,643.173784,272.755736,227.217726,52.79395,2.358058,1.0,0.833045,0.193558,0.575146,156.874405
avenue_training_13_clip_000017,avenue,training,13,17,273,304,32,0,0,0.0,24674.867042,8496.269743,7198.008427,215.658438,6045.648939,0,0.0,14.3766,285.610136,118.3658,70.093537,74.729738,0.0,29.597299,0.373802,0.392971,0.035144,0.0,0.009585,0.0,0.009585,0.0,0.0,0.022364,0.015974,0.140575,169.082242,36.946022,25.559259,1.787414,37.963022,0,0.0,1338.025598,818.805789,885.031779,43.75,387.953092,1.0,0,0.0,0.0,0.0,0.0,0.0,0.0,0.0,0.0,1,268.072973,265.7969,375.087049,0.0,423.13417,0.0,538.566732,0.0,0.0,296.085683,154.966276,255.517547,0.497753,0.493526,0.696454,0.0,0.785667,0.0,1.0,0.0,0.0,0.549766,0.287738,0.47444,0.0,0.0,0.0,0.0,0.0,0.0,27,29.0,11.592593,7.0,3.0,7.968732,538.566732,285.610136,305.891654,35.416667,1.885671,1.0,1.071011,0.124004,0.462938,132.219786
avenue_training_13_clip_000018,avenue,training,13,18,289,320,32,0,0,0.0,28378.845793,7859.703198,6336.600359,211.570909,6930.829664,0,0.0,6.190743,320.053846,160.559965,74.905587,64.008185,0.434051,38.966016,0.190114,0.21673,0.095057,0.011407,0.0,0.0,0.0,0.026616,0.015209,0.011407,0.235741,0.197719,136.202158,50.406293,48.384503,7.938464,33.801835,0,0.0,1346.407256,827.855963,955.248659,50.389111,412.07005,1.0,0,0.0,0.0,0.0,0.0,0.0,0.0,0.0,0.0,1,456.217996,247.381116,344.995962,425.964675,0.0,0.0,0.0,67.803228,355.455078,46.157693,332.08521,293.215075,1.0,0.542243,0.756209,0.933687,0.0,0.0,0.0,0.14862,0.779134,0.101175,0.727909,0.642708,0.0,0.0,0.0,0.0,0.0,0.0,25,30.0,10.52,7.0,3.0,8.299976,1167.763409,320.053846,267.949805,46.157693,3.648647,1.0,0.837202,0.144219,0.687985,220.19231
avenue_training_13_clip_000019,avenue,training,13,19,305,336,32,0,0,0.0,22600.180807,6970.685521,7310.036656,238.728757,5393.988915,0,0.0,20.709229,299.72637,130.545597,66.76503,62.568833,3.17983,30.358467,0.178042,0.350148,0.077151,0.05638,0.0,0.0,0.0,0.008902,0.0,0.0,0.175074,0.154303,145.989212,40.476087,33.471573,1.398412,30.778622,0,0.0,1349.189572,807.766904,988.203843,62.5,441.227823,1.0,0,0.0,0.0,0.0,0.0,0.0,0.0,0.0,0.0,1,387.159529,268.147728,196.808337,185.859763,0.0,0.0,0.0,53.784695,0.0,0.0,279.711025,416.017123,0.930634,0.644559,0.473077,0.44676,0.0,0.0,0.0,0.129285,0.0,0.0,0.672355,1.0,0.0,0.0,0.0,0.0,0.0,0.0,28,30.0,12.035714,11.0,3.0,8.243968,917.854416,299.72637,268.621592,53.784695,3.062308,1.0,0.896222,0.179446,0.701705,210.319587
avenue_training_13_clip_000020,avenue,training,13,20,321,352,32,0,0,0.0,16481.99516,6941.63924,6757.545501,312.5,4548.032167,0,0.0,10.321757,277.377922,147.528808,68.439945,59.015182,0.0,34.416005,0.401662,0.177285,0.049861,0.01662,0.0,0.0,0.00831,0.0,0.024931,0.00831,0.044321,0.268698,169.678243,39.145447,23.580928,3.644989,35.624655,0,0.0,1364.562659,774.46488,828.608994,62.5,413.016985,1.0,0,0.0,0.0,0.0,0.0,0.0,0.0,0.0,0.0,1,244.842622,288.300867,153.779344,279.721765,0.0,0.0,56.25,0.0,199.721336,444.422925,465.466135,260.880142,0.526016,0.619381,0.330377,0.60095,0.0,0.0,0.120847,0.0,0.429078,0.954791,1.0,0.560471,0.0,0.0,0.0,0.0,0.0,0.0,34,31.0,10.617647,7.5,3.0,8.871682,578.51363,277.377922,242.32808,56.25,2.085651,1.0,0.873638,0.202792,0.498109,138.164362
avenue_training_13_clip_000021,avenue,training,13,21,335,366,32,0,0,0.0,17392.711647,6519.410141,5991.538495,1157.027735,4035.689028,0,0.0,12.218272,334.879079,138.481165,66.170248,62.450913,3.226494,23.639947,0.362832,0.294985,0.00885,0.058997,0.0,0.0,0.0,0.0,0.029499,0.00885,0.047198,0.188791,112.18845,41.285907,27.394774,4.297052,33.959401,0,0.0,1358.307771,803.052131,902.881688,102.147089,390.467373,1.0,0,0.0,0.0,0.0,0.0,0.0,0.0,0.0,0.0,1,279.869611,276.654708,569.001808,231.418687,0.0,0.0,0.0,0.0,668.006282,1018.66339,349.683703,246.750381,0.274742,0.271586,0.558577,0.227179,0.0,0.0,0.0,0.0,0.655767,1.0,0.343277,0.24223,0.0,0.0,0.0,0.0,0.0,0.0,30,31.0,11.3,9.5,3.0,7.528391,1243.248846,334.879079,253.24434,48.887197,3.712531,1.0,0.756226,0.145985,0.761031,254.853284
avenue_training_14_clip_000000,avenue,training,14,0,1,32,32,0,0,0.0,23370.750668,7971.34849,6606.964257,109.071978,6948.726872,0,0.0,-11.414865,324.419895,148.942367,67.073107,73.523119,12.528808,35.71958,0.219101,0.05618,0.016854,0.0,0.0,0.016854,0.0,0.016854,0.0,0.106742,0.241573,0.325843,171.114218,44.542359,27.320731,3.231719,39.148536,0,0.0,1341.000093,686.273771,772.677973,55.901699,423.478474,1.0,0,0.0,0.0,0.0,0.0,0.0,0.0,0.0,0.0,1,263.261513,670.036285,360.665003,0.0,0.0,53.72026,0.0,462.039565,0.0,305.617669,212.436287,411.050125,0.392906,1.0,0.538277,0.0,0.0,0.080175,0.0,0.689574,0.0,0.456121,0.317052,0.613474,0.0,0.0,0.0,0.0,0.0,0.0,23,25.0,7.73913,4.0,3.0,6.853862,1012.753309,324.419895,329.387601,53.72026,3.121736,1.0,1.015313,0.165589,0.69653,225.968221
avenue_training_14_clip_000001,avenue,training,14,1,17,48,32,0,0,0.0,25500.074761,7423.47319,5057.154719,241.947535,6777.121977,0,0.0,-6.307243,295.822206,126.732827,63.922817,68.3952,4.398705,38.438359,0.16,0.035,0.04,0.05,0.0,0.0,0.0,0.0,0.0,0.11,0.155,0.45,101.547871,36.08627,30.724139,0.085043,29.506962,0,0.0,1340.067629,658.405936,676.560134,63.737744,409.830126,0.994048,0,0.0,0.0,0.0,0.0,0.0,0.0,0.0,0.0,1,349.306796,401.198039,276.000281,255.789534,0.0,0.0,0.0,0.0,0.0,277.389241,224.793766,285.284285,0.870659,1.0,0.68794,0.637564,0.0,0.0,0.0,0.0,0.0,0.691402,0.560306,0.711081,0.166667,0.005952,0.0,0.0,0.005952,0.03093,28,29.0,7.142857,5.5,3.0,5.610668,843.727191,295.822206,254.869188,51.633107,2.852143,1.0,0.861562,0.174541,0.672112,198.825536
avenue_training_14_clip_000002,avenue,training,14,2,33,64,32,0,0,0.0,18643.918445,8390.375746,8492.815931,312.5,4975.620985,0,0.0,-4.255858,366.769517,133.092963,65.214353,65.760279,0.0,31.67157,0.161677,0.053892,0.0,0.0,0.017964,0.0,0.0,0.017964,0.0,0.0,0.203593,0.54491,149.533881,36.854233,29.293486,0.504922,40.589419,0,0.0,1231.107225,774.043162,845.467342,50.0,393.170844,1.0,0,0.0,0.0,0.0,0.0,0.0,0.0,0.0,0.0,1,232.098702,898.911416,0.0,0.0,59.650023,0.0,0.0,274.061394,0.0,0.0,241.139427,429.560757,0.2582,1.0,0.0,0.0,0.066358,0.0,0.0,0.304881,0.0,0.0,0.268257,0.477868,0.0,0.0,0.0,0.0,0.0,0.0,18,31.0,9.277778,5.0,3.0,9.004971,957.426145,366.769517,286.0364,43.75,2.61043,1.0,0.77988,0.119285,0.753333,276.299538
avenue_training_14_clip_000003,avenue,training,14,3,49,80,32,0,0,0.0,23184.934797,7984.979189,7934.21505,472.773397,6414.528679,0,0.0,12.547485,343.155046,159.065748,76.630881,74.647586,22.538914,39.98567,0.282209,0.06135,0.190184,0.0,0.0,0.0,0.0,0.0,0.0,0.018405,0.042945,0.404908,100.714454,36.347576,29.46804,7.238219,24.89204,0,0.0,1323.820229,789.304953,937.5,106.800047,417.148482,0.980392,0,0.0,0.0,0.0,0.0,0.0,0.0,0.0,0.0,1,319.909124,265.043431,252.666689,0.0,0.0,0.0,0.0,0.0,0.0,894.817243,570.292819,302.196506,0.357513,0.296198,0.282367,0.0,0.0,0.0,0.0,0.0,0.0,1.0,0.637329,0.337719,0.333333,0.019608,0.0,0.0,0.019608,0.078431,17,30.0,9.588235,6.0,3.0,8.080906,894.817243,343.155046,266.830801,94.192756,2.607618,1.0,0.777581,0.27449,0.652622,223.950434
avenue_training_14_clip_000004,avenue,training,14,4,65,96,32,0,0,0.0,26548.053686,8056.390908,6895.837478,100.113033,6104.96888,0,0.0,5.50262,314.411692,169.946318,87.279465,75.980621,39.864274,32.604974,0.32243,0.121495,0.074766,0.0,0.0,0.0,0.0,0.0,0.0,0.0,0.266355,0.214953,57.489634,24.764199,20.297338,0.781414,18.035444,0,0.0,1366.164796,849.743573,855.953416,80.039053,371.534923,1.0,0,0.0,0.0,0.0,0.0,0.0,0.0,0.0,0.0,1,359.135313,425.177122,282.388536,0.0,0.0,0.0,0.0,0.0,0.0,0.0,271.990983,173.632537,0.844672,1.0,0.664167,0.0,0.0,0.0,0.0,0.0,0.0,0.0,0.639712,0.408377,0.0,0.0,0.0,0.0,0.0,0.0,19,31.0,11.263158,7.0,3.0,9.289735,928.111095,314.411692,258.366028,78.036792,2.951898,1.0,0.821744,0.248199,0.616725,193.905696
avenue_training_14_clip_000005,avenue,training,14,5,81,112,32,0,0,0.0,10890.43878,6368.162234,6852.996166,356.252908,2963.439202,0,0.0,17.006203,312.903247,148.344173,77.59939,77.665401,18.651974,34.449649,0.35,0.125,0.04,0.0,0.02,0.0,0.0,0.0,0.0,0.0,0.225,0.24,130.8804,31.859322,20.666119,1.700084,33.072875,0,0.0,1255.05229,742.609047,860.232527,80.039053,355.426812,1.0,0,0.0,0.0,0.0,0.0,0.0,0.0,0.0,0.0,1,304.151548,500.742846,112.279557,0.0,68.154924,0.0,0.0,0.0,0.0,0.0,353.653439,321.631161,0.607401,1.0,0.224226,0.0,0.136108,0.0,0.0,0.0,0.0,0.0,0.706258,0.642308,0.0,0.0,0.0,0.0,0.0,0.0,17,31.0,11.764706,9.0,3.0,8.207095,547.185576,312.903247,285.861523,68.154924,1.748737,1.0,0.913578,0.217815,0.431513,135.021957
avenue_training_14_clip_000006,avenue,training,14,6,97,128,32,0,0,0.0,22443.453797,7675.327513,6028.550245,863.032663,5166.408748,0,0.0,11.872295,351.430877,148.045637,68.387648,65.413997,31.729261,29.101392,0.255319,0.180851,0.101064,0.111702,0.021277,0.0,0.0,0.015957,0.021277,0.021277,0.015957,0.255319,155.391179,48.414037,34.241625,4.04028,41.355463,0,0.0,1208.627838,697.077473,653.002284,152.069063,326.448079,1.0,0,0.0,0.0,0.0,0.0,0.0,0.0,0.0,0.0,1,305.663304,345.792309,492.047833,162.512422,480.925417,0.0,0.0,233.89366,510.85692,838.124957,255.033363,236.518255,0.364699,0.412578,0.587082,0.1939,0.573811,0.0,0.0,0.279068,0.609524,1.0,0.30429,0.282199,0.0,0.0,0.0,0.0,0.0,0.0,24,24.0,7.833333,6.0,3.0,5.587685,838.124957,351.430877,257.780256,114.356377,2.384893,1.0,0.733517,0.325402,0.617486,217.003534
avenue_training_14_clip_000007,avenue,training,14,7,113,144,32,0,0,0.0,13136.303155,4259.893442,3199.402934,238.728757,3358.010508,0,0.0,30.471218,207.36424,142.355583,67.95962,65.315474,11.309932,30.06432,0.207865,0.337079,0.0,0.044944,0.016854,0.02809,0.0,0.0,0.0,0.05618,0.0,0.308989,119.740793,43.090489,34.536143,3.657182,35.868395,0,0.0,1367.707937,558.731036,436.30392,37.5,442.486428,1.0,0,0.0,0.0,0.0,0.0,0.0,0.0,0.0,0.0,1,189.457142,222.739221,0.0,267.705622,32.725425,109.992279,0.0,0.0,0.0,258.961099,0.0,228.658692,0.707707,0.83203,0.0,1.0,0.122244,0.41087,0.0,0.0,0.0,0.967335,0.0,0.854142,0.0,0.0,0.0,0.0,0.0,0.0,20,31.0,8.9,5.0,3.0,8.067837,642.898721,207.36424,185.633573,32.725425,3.100336,1.0,0.895205,0.157816,0.648631,134.502781
avenue_training_14_clip_000008,avenue,training,14,8,129,160,32,0,0,0.0,15246.313261,4477.925341,3581.659551,0.0,3991.830194,0,0.0,-15.244384,231.422546,168.228438,74.142134,71.148458,11.309932,42.693388,0.336788,0.041451,0.0,0.0,0.0,0.0,0.0,0.015544,0.0,0.134715,0.082902,0.388601,114.10065,33.262126,34.612182,1.568076,25.671475,0,0.0,1361.639637,600.627329,501.663598,45.069391,455.695131,1.0,0,0.0,0.0,0.0,0.0,0.0,0.0,0.0,0.0,1,241.623048,505.035182,0.0,0.0,0.0,0.0,0.0,40.212365,0.0,303.672662,83.976494,258.188837,0.478428,1.0,0.0,0.0,0.0,0.0,0.0,0.079623,0.0,0.60129,0.166279,0.511229,0.0,0.0,0.0,0.0,0.0,0.0,20,27.0,9.65,7.5,3.0,7.438246,505.035182,231.422546,230.018069,40.212365,2.182308,1.0,0.993931,0.173762,0.606354,140.323975
avenue_training_14_clip_000009,avenue,training,14,9,145,176,32,0,0,0.0,32141.936622,9270.958303,6855.536673,1005.351388,8001.304209,0,0.0,-6.878841,350.914577,116.204282,61.624775,63.270139,6.094317,28.104882,0.241758,0.0,0.027473,0.021978,0.0,0.0,0.0,0.021978,0.0,0.0,0.104396,0.582418,132.799907,30.974911,18.425937,1.125811,36.239797,0,0.0,1364.734406,883.864897,1018.627168,151.038075,433.996724,1.0,0,0.0,0.0,0.0,0.0,0.0,0.0,0.0,0.0,1,449.672555,0.0,111.151023,716.489622,0.0,0.0,0.0,87.807865,0.0,0.0,207.940125,342.096356,0.627605,0.0,0.155133,1.0,0.0,0.0,0.0,0.122553,0.0,0.0,0.290221,0.477462,0.0,0.0,0.0,0.0,0.0,0.0,18,28.0,10.111111,6.0,3.0,7.519522,721.895674,350.914577,277.183921,87.807865,2.057183,1.0,0.78989,0.250226,0.617632,216.735978
avenue_training_14_clip_000010,avenue,training,14,10,161,192,32,0,0,0.0,23012.495503,6768.65907,5421.121796,568.081754,5289.078816,0,0.0,28.011727,239.694303,127.078459,72.830134,70.388708,24.570031,26.295652,0.191489,0.404255,0.085106,0.0,0.0,0.0,0.0,0.0,0.0,0.0,0.078014,0.241135,68.917362,28.642793,25.721955,0.285911,16.725483,0,0.0,1338.959484,659.583128,585.635324,67.31456,386.271588,1.0,0,0.0,0.0,0.0,0.0,0.0,0.0,0.0,0.0,1,287.506625,243.070833,264.510874,0.0,0.0,0.0,0.0,0.0,0.0,0.0,202.392234,165.081125,1.0,0.845444,0.920017,0.0,0.0,0.0,0.0,0.0,0.0,0.0,0.703957,0.574182,0.0,0.0,0.0,0.0,0.0,0.0,16,20.0,8.8125,7.0,3.0,5.399291,424.510943,239.694303,244.840215,44.99741,1.771051,1.0,1.021469,0.187728,0.413053,99.006373
avenue_training_14_clip_000011,avenue,training,14,11,177,208,32,0,0,0.0,10485.503077,4681.214828,4380.931369,0.0,3026.035116,0,0.0,13.605317,258.559494,114.018993,61.401262,59.134304,28.072487,25.723195,0.246269,0.134328,0.074627,0.0,0.067164,0.0,0.0,0.0,0.0,0.0,0.410448,0.067164,109.882138,40.601236,38.000626,5.518199,28.509757,0,0.0,1155.557225,636.273107,619.331651,103.077641,356.562674,1.0,0,0.0,0.0,0.0,0.0,0.0,0.0,0.0,0.0,1,233.411374,141.535853,598.403147,0.0,117.989379,0.0,0.0,0.0,0.0,0.0,218.998093,212.32767,0.390057,0.236523,1.0,0.0,0.197174,0.0,0.0,0.0,0.0,0.0,0.365971,0.354824,0.0,0.0,0.0,0.0,0.0,0.0,14,22.0,9.571429,9.0,3.0,5.095016,867.746172,258.559494,209.053248,83.51227,3.356079,1.0,0.808531,0.322991,0.749019,193.666015
avenue_training_14_clip_000012,avenue,training,14,12,193,224,32,0,0,0.0,13366.558165,4244.900478,3375.133989,0.0,3943.732504,0,0.0,17.505543,162.086989,126.869898,62.060879,68.953889,0.0,35.467922,0.162162,0.135135,0.0,0.054054,0.0,0.027027,0.0,0.0,0.0,0.0,0.054054,0.567568,132.976335,42.125267,26.428256,1.193639,35.5877,0,0.0,1150.271707,507.969497,385.073045,50.0,414.725256,1.0,0,0.0,0.0,0.0,0.0,0.0,0.0,0.0,0.0,1,153.73433,140.376362,0.0,282.255915,0.0,34.608245,0.0,0.0,0.0,0.0,149.309202,175.456018,0.544663,0.497337,0.0,1.0,0.0,0.122613,0.0,0.0,0.0,0.0,0.528985,0.62162,0.0,0.0,0.0,0.0,0.0,0.0,13,31.0,8.538462,6.0,3.0,7.386218,320.039219,162.086989,165.310039,34.608245,1.97449,1.0,1.019885,0.213516,0.581422,94.240922
avenue_training_14_clip_000013,avenue,training,14,13,209,240,32,0,0,0.0,15889.37479,5458.048983,4176.215763,349.699136,4894.678927,0,0.0,-6.763336,216.246552,114.376286,62.571581,60.0,25.122869,26.496033,0.238994,0.163522,0.0,0.044025,0.0,0.0,0.0,0.0,0.0,0.018868,0.232704,0.301887,99.163533,30.516741,25.234445,1.691053,26.470492,0,0.0,1140.449473,569.925139,639.946287,88.388348,366.95243,1.0,0,0.0,0.0,0.0,0.0,0.0,0.0,0.0,0.0,1,132.526924,310.977829,0.0,61.880091,0.0,0.0,0.0,0.0,0.0,511.83968,221.399527,213.605566,0.258923,0.607569,0.0,0.120897,0.0,0.0,0.0,0.0,0.0,1.0,0.432556,0.417329,0.0,0.0,0.0,0.0,0.0,0.0,15,31.0,10.6,6.0,3.0,8.965118,511.83968,216.246552,217.213748,61.880091,2.366926,1.0,1.004473,0.286155,0.571728,123.634129
avenue_training_14_clip_000014,avenue,training,14,14,225,256,32,0,0,0.0,16091.312165,5451.085188,4531.109642,547.391524,4284.072805,0,0.0,-4.637033,229.220168,126.967057,69.898611,63.470523,3.310942,30.261776,0.259259,0.179894,0.0,0.05291,0.0,0.0,0.0,0.015873,0.015873,0.026455,0.174603,0.275132,122.264669,42.576243,34.620452,2.606833,32.705802,0,0.0,1203.185875,607.164709,562.121073,107.529066,377.39843,1.0,0,0.0,0.0,0.0,0.0,0.0,0.0,0.0,0.0,1,200.519536,279.82594,0.0,91.917002,0.0,0.0,0.0,699.781803,144.347213,136.827275,205.640202,183.274139,0.286546,0.399876,0.0,0.131351,0.0,0.0,0.0,1.0,0.206275,0.195528,0.293863,0.261902,0.0,0.0,0.0,0.0,0.0,0.0,20,30.0,9.45,6.0,3.0,7.053191,699.781803,229.220168,156.132966,83.768621,3.052881,1.0,0.681148,0.36545,0.696262,159.59721
avenue_training_14_clip_000015,avenue,training,14,15,241,272,32,0,0,0.0,30649.175255,6462.181661,4055.588645,0.0,7199.729633,0,0.0,19.075625,244.093937,172.665621,67.045808,69.320251,0.0,39.099485,0.354545,0.122727,0.063636,0.022727,0.0,0.013636,0.0,0.0,0.0,0.0,0.181818,0.240909,149.614443,44.919733,39.776777,1.165583,38.102412,0,0.0,1263.984276,630.320376,635.27196,90.138782,390.177298,0.981482,0,0.0,0.0,0.0,0.0,0.0,0.0,0.0,0.0,1,288.900083,156.556069,284.403873,72.554688,0.0,127.475488,0.0,0.0,0.0,0.0,217.288456,288.660659,1.0,0.541904,0.984437,0.251141,0.0,0.441244,0.0,0.0,0.0,0.0,0.752123,0.999171,0.333333,0.018519,0.0,0.0,0.018519,0.076354,18,30.0,12.222222,7.0,3.0,9.863263,519.782176,244.093937,226.030158,72.554688,2.129435,1.0,0.925997,0.297241,0.538384,131.416286
avenue_training_14_clip_000016,avenue,training,14,16,257,288,32,0,0,0.0,10934.598098,5560.956213,5887.277386,469.144495,2963.532858,0,0.0,23.809635,214.684303,117.494297,67.72364,65.729025,25.27687,23.190549,0.453782,0.147059,0.021008,0.042017,0.029412,0.0,0.0,0.0,0.0,0.0,0.121849,0.184874,98.668344,43.047219,36.033052,7.549516,28.347528,0,0.0,1308.684932,788.324578,806.71014,72.886899,380.143964,0.992647,0,0.0,0.0,0.0,0.0,0.0,0.0,0.0,0.0,1,205.437309,232.820782,69.934818,119.347847,230.448312,0.0,0.0,0.0,0.0,0.0,253.311955,276.802291,0.742181,0.841109,0.252653,0.431166,0.832538,0.0,0.0,0.0,0.0,0.0,0.915137,1.0,0.125,0.007353,0.0,0.0,0.007353,0.029412,17,31.0,14.0,12.0,4.0,8.738017,351.836987,214.684303,216.883791,47.733394,1.638858,1.0,1.010245,0.222342,0.415073,89.109644
avenue_training_14_clip_000017,avenue,training,14,17,273,304,32,0,0,0.0,31880.895702,6410.68253,4357.198708,513.659009,6490.093336,0,0.0,11.667004,260.60928,149.574216,76.694059,72.876774,0.0,34.050981,0.296429,0.071429,0.010714,0.078571,0.021429,0.0,0.0,0.0,0.028571,0.010714,0.125,0.357143,132.55047,51.439277,35.105943,2.717479,41.270181,0,0.0,1325.235828,655.024527,525.743521,55.901699,395.967323,1.0,0,0.0,0.0,0.0,0.0,0.0,0.0,0.0,0.0,1,315.42207,252.354719,196.800231,269.397005,366.623217,0.0,0.0,0.0,457.856087,125.0,151.323452,209.394041,0.688911,0.551166,0.42983,0.588388,0.800739,0.0,0.0,0.0,1.0,0.273012,0.330504,0.457336,0.0,0.0,0.0,0.0,0.0,0.0,29,31.0,9.655172,7.0,3.0,8.022709,687.617914,260.60928,214.126225,45.628519,2.638501,1.0,0.821637,0.175084,0.542163,141.2927
avenue_training_14_clip_000018,avenue,training,14,18,289,320,32,0,0,0.0,18581.185171,8033.398064,7236.09247,1414.957514,4588.157464,0,0.0,8.738931,314.784242,151.504361,77.677431,77.542343,24.443955,23.996574,0.427609,0.316498,0.010101,0.0,0.026936,0.0,0.0,0.013468,0.010101,0.013468,0.10101,0.080808,134.924813,38.612591,22.933492,0.34721,40.319557,0,0.0,1360.147051,785.408335,826.513763,112.5,324.710622,1.0,0,0.0,0.0,0.0,0.0,0.0,0.0,0.0,0.0,1,306.067654,255.578997,298.903847,0.0,482.697611,0.0,0.0,599.062117,328.788052,427.04638,227.053389,302.334117,0.510911,0.426632,0.498953,0.0,0.805756,0.0,0.0,1.0,0.548838,0.712858,0.379015,0.504679,0.0,0.0,0.0,0.0,0.0,0.0,27,31.0,11.0,6.0,3.0,8.844333,599.062117,314.784242,308.582957,84.20085,1.903088,1.0,0.9803,0.267487,0.397411,125.098826
avenue_training_14_clip_000019,avenue,training,14,19,305,336,32,0,0,0.0,26083.68277,8280.938,6816.790291,397.500585,6546.440983,0,0.0,5.259084,309.851789,162.03086,73.846042,74.065665,2.704876,35.278356,0.124464,0.214592,0.04721,0.0,0.012876,0.012876,0.0,0.012876,0.0,0.012876,0.098712,0.463519,164.115663,45.997308,34.528211,0.301729,43.966185,0,0.0,1331.000563,802.921666,965.519516,53.400023,418.354604,1.0,0,0.0,0.0,0.0,0.0,0.0,0.0,0.0,0.0,1,455.659885,266.41449,289.026256,0.0,45.450012,189.457549,0.0,557.527204,0.0,84.731792,311.891622,320.929281,0.817287,0.47785,0.518407,0.0,0.081521,0.339818,0.0,1.0,0.0,0.151978,0.55942,0.57563,0.0,0.0,0.0,0.0,0.0,0.0,24,30.0,9.708333,5.5,3.0,8.121367,557.527204,309.851789,289.025228,45.450012,1.799335,1.0,0.932786,0.146683,0.501706,155.454414
avenue_training_14_clip_000020,avenue,training,14,20,321,352,32,0,0,0.0,27056.177364,8060.547545,6286.377204,495.560792,5756.828447,0,0.0,-1.165969,314.427756,125.183995,73.313668,73.941611,16.324366,27.846051,0.322581,0.21371,0.024194,0.0,0.0,0.0,0.0,0.0,0.0,0.03629,0.076613,0.326613,75.706908,34.180917,30.861599,1.208137,21.446165,0,0.0,1310.116884,861.147789,977.001151,125.623445,368.933241,0.998358,0,0.0,0.0,0.0,0.0,0.0,0.0,0.0,0.0,1,307.701948,365.212217,371.840341,0.0,0.0,0.0,0.0,0.0,0.0,288.806666,253.607468,313.48886,0.827511,0.982175,1.0,0.0,0.0,0.0,0.0,0.0,0.0,0.776695,0.682033,0.843074,0.034483,0.001642,0.0,0.0,0.001642,0.007343,21,31.0,11.809524,7.0,3.0,9.189119,604.861291,314.427756,287.788349,108.161837,1.923689,1.0,0.915277,0.343996,0.389939,122.607607
avenue_training_14_clip_000021,avenue,training,14,21,337,368,32,0,0,0.0,11406.49385,5246.057436,4218.513334,428.245116,3822.009304,0,0.0,-9.612535,253.480393,121.051364,67.627054,69.157804,5.654966,29.456878,0.43913,0.03913,0.013043,0.0,0.0,0.0,0.0,0.017391,0.0,0.017391,0.086957,0.386957,119.290833,28.629858,19.713493,2.49357,29.0943,0,0.0,1373.237507,568.794491,543.65073,53.033009,383.378419,0.998016,0,0.0,0.0,0.0,0.0,0.0,0.0,0.0,0.0,1,308.28136,267.224327,125.025497,0.0,0.0,0.0,0.0,229.39149,0.0,89.197158,166.877758,279.866132,1.0,0.86682,0.405556,0.0,0.0,0.0,0.0,0.744098,0.0,0.289337,0.541316,0.907827,0.047619,0.001984,0.0,0.0,0.001984,0.009516,24,31.0,9.583333,7.0,3.0,7.740137,929.988308,253.480393,233.179264,38.593356,3.668877,1.0,0.91991,0.152254,0.709323,179.799386
avenue_training_14_clip_000022,avenue,training,14,22,353,384,32,0,0,0.0,17920.173031,9288.292976,7687.324655,684.833707,4943.126088,0,0.0,-7.083531,377.60391,166.555667,78.97516,72.822899,8.090091,32.230471,0.32,0.0,0.031111,0.048889,0.0,0.0,0.0,0.0,0.031111,0.0,0.257778,0.311111,100.03898,33.777103,26.069448,2.263016,28.906653,0,0.0,1323.820229,891.407758,914.860876,256.34314,305.974813,1.0,0,0.0,0.0,0.0,0.0,0.0,0.0,0.0,0.0,1,446.145946,0.0,502.988238,291.168959,0.0,0.0,0.0,0.0,276.686255,0.0,346.44494,350.13642,0.886991,0.0,1.0,0.578878,0.0,0.0,0.0,0.0,0.550085,0.0,0.688773,0.696113,0.0,0.0,0.0,0.0,0.0,0.0,22,31.0,10.227273,7.5,3.0,9.080107,712.193031,377.60391,359.929478,186.646169,1.886085,1.0,0.953194,0.494291,0.336573,127.091267
avenue_training_14_clip_000023,avenue,training,14,23,369,400,32,0,0,0.0,27662.002045,8996.486722,8007.651946,196.446385,6610.405765,0,0.0,11.751228,374.994261,139.841562,76.085739,79.787638,7.125016,32.248135,0.344262,0.218579,0.021858,0.0,0.021858,0.0,0.0,0.0,0.0,0.016393,0.174863,0.202186,123.058029,37.825112,27.335871,5.446232,32.094121,0,0.0,1362.958638,903.189757,941.574479,100.778222,392.647631,1.0,0,0.0,0.0,0.0,0.0,0.0,0.0,0.0,0.0,1,319.898378,382.65653,309.376697,0.0,319.44353,0.0,0.0,0.0,0.0,809.718598,364.492475,343.275678,0.395074,0.47258,0.382079,0.0,0.394512,0.0,0.0,0.0,0.0,1.0,0.450147,0.423944,0.0,0.0,0.0,0.0,0.0,0.0,15,30.0,12.2,6.0,3.0,10.06777,809.718598,374.994261,366.952206,87.889111,2.159283,1.0,0.978554,0.234375,0.412037,154.511622
avenue_training_14_clip_000024,avenue,training,14,24,385,416,32,0,0,0.0,11600.143801,5765.55586,6563.699896,658.461719,3270.657868,0,0.0,-1.40142,262.908418,136.33222,62.595299,67.648972,7.495858,30.824843,0.508021,0.0,0.016043,0.0,0.0,0.0,0.0,0.0,0.0,0.016043,0.0,0.459893,82.183946,17.630228,8.497436,0.774195,23.727924,0,0.0,1198.566853,681.846124,743.718933,75.0,426.059025,1.0,0,0.0,0.0,0.0,0.0,0.0,0.0,0.0,0.0,1,282.391613,0.0,57.264235,0.0,0.0,0.0,0.0,0.0,0.0,139.030719,0.0,290.499778,0.972089,0.0,0.197123,0.0,0.0,0.0,0.0,0.0,0.0,0.478591,0.0,1.0,0.0,0.0,0.0,0.0,0.0,0.0,16,31.0,11.6875,7.5,3.0,9.808917,420.050844,262.908418,305.309829,57.264235,1.597708,1.0,1.161278,0.217811,0.434766,114.303535
avenue_training_14_clip_000025,avenue,training,14,25,401,432,32,0,0,0.0,19329.491176,8267.790762,7791.09117,1531.701859,4413.079652,0,0.0,10.707803,323.520125,165.062004,81.983227,76.008164,26.309035,33.852673,0.316872,0.238683,0.037037,0.0,0.0,0.0,0.0,0.0,0.0,0.0,0.135802,0.271605,64.720764,31.080073,30.719945,4.544576,16.877782,0,0.0,1347.277347,875.688016,972.432517,225.346955,401.375709,0.997024,0,0.0,0.0,0.0,0.0,0.0,0.0,0.0,0.0,1,361.61112,270.394716,454.326858,0.0,0.0,0.0,0.0,0.0,0.0,0.0,390.315413,269.582043,0.795927,0.595155,1.0,0.0,0.0,0.0,0.0,0.0,0.0,0.0,0.859107,0.593366,0.0625,0.002976,0.0,0.0,0.002976,0.01331,21,31.0,11.571429,7.0,3.0,8.909981,663.431259,323.520125,303.037374,78.152278,2.050665,1.0,0.936688,0.241569,0.419747,135.796522
avenue_training_14_clip_000026,avenue,training,14,26,417,448,32,0,0,0.0,24209.814605,6894.913578,5763.375994,340.584018,5401.125065,0,0.0,-6.997193,298.385829,136.625041,68.648679,70.316026,13.579453,28.741636,0.25614,0.263158,0.0,0.0,0.0,0.0,0.0,0.0,0.010526,0.073684,0.02807,0.368421,95.503127,30.401087,18.859637,1.838675,25.24013,0,0.0,1363.474422,838.634689,935.49768,80.039053,356.525362,1.0,0,0.0,0.0,0.0,0.0,0.0,0.0,0.0,0.0,1,375.275088,287.646663,0.0,0.0,0.0,0.0,0.0,0.0,258.058571,190.517308,457.33468,239.701688,0.82057,0.628963,0.0,0.0,0.0,0.0,0.0,0.0,0.564266,0.416582,1.0,0.524128,0.0,0.0,0.0,0.0,0.0,0.0,24,31.0,11.875,7.0,3.0,9.292974,830.963964,298.385829,254.005884,65.788937,2.784864,1.0,0.851267,0.220483,0.603983,180.220086
avenue_training_14_clip_000027,avenue,training,14,27,433,464,32,0,0,0.0,27819.609625,7072.756914,5585.335226,1199.288231,6107.368074,0,0.0,-0.686291,234.712283,133.671212,76.123049,76.80541,0.0,33.226407,0.436975,0.151261,0.014006,0.008403,0.0,0.0,0.0,0.0,0.0,0.0,0.190476,0.19888,90.686291,24.605289,18.628612,0.877754,22.612095,0,0.0,1350.231462,700.832126,750.416551,75.0,406.055589,0.996914,0,0.0,0.0,0.0,0.0,0.0,0.0,0.0,0.0,1,270.878482,135.374076,160.02929,50.0,0.0,0.0,0.0,0.0,0.0,0.0,212.532777,289.51644,0.935624,0.467587,0.552747,0.172702,0.0,0.0,0.0,0.0,0.0,0.0,0.734096,1.0,0.083333,0.003086,0.0,0.0,0.003086,0.015738,27,31.0,13.222222,10.0,3.0,9.791657,693.607808,234.712283,208.673815,50.0,2.955141,1.0,0.889062,0.213027,0.689384,161.806927
avenue_training_14_clip_000028,avenue,training,14,28,449,480,32,0,0,0.0,27951.202373,6786.245506,5641.866164,147.542486,5679.349125,0,0.0,-1.23937,274.553005,171.869898,81.262484,73.166667,19.678397,36.310814,0.161491,0.145963,0.009317,0.0,0.0,0.0,0.0,0.0,0.0,0.0,0.161491,0.521739,84.703364,26.095957,20.427136,0.315565,20.053844,0,0.0,1296.389216,701.87342,715.132846,39.528471,383.008813,1.0,0,0.0,0.0,0.0,0.0,0.0,0.0,0.0,0.0,1,359.568554,225.572585,737.365169,0.0,0.0,0.0,0.0,0.0,0.0,0.0,247.725499,237.474329,0.48764,0.305917,1.0,0.0,0.0,0.0,0.0,0.0,0.0,0.0,0.33596,0.322058,0.0,0.0,0.0,0.0,0.0,0.0,30,31.0,10.733333,7.5,3.0,8.302342,737.365169,274.553005,242.777682,33.73966,2.685693,1.0,0.884265,0.122889,0.577515,158.558398
avenue_training_14_clip_000029,avenue,training,14,29,465,496,32,0,0,0.0,18741.754601,7169.68961,6972.72345,12.998306,4573.589852,0,0.0,-5.437139,278.895426,152.291513,70.664708,67.677686,0.0,37.999293,0.436578,0.044248,0.0,0.0,0.0,0.0,0.0,0.0,0.0,0.032448,0.079646,0.40708,77.900595,24.880739,21.13662,0.162486,17.535094,0,0.0,1368.621569,755.081213,787.103075,39.528471,449.211846,0.984848,0,0.0,0.0,0.0,0.0,0.0,0.0,0.0,0.0,1,249.583345,244.924794,0.0,0.0,0.0,0.0,0.0,0.0,0.0,208.846895,423.366312,290.429496,0.589521,0.578517,0.0,0.0,0.0,0.0,0.0,0.0,0.0,0.493301,1.0,0.686,0.5,0.015152,0.0,0.0,0.015152,0.08571,33,31.0,10.272727,6.0,3.0,9.166053,792.681929,278.895426,257.487234,37.5,2.842219,1.0,0.923239,0.134459,0.596183,166.272726
avenue_training_14_clip_000030,avenue,training,14,30,479,510,32,0,0,0.0,22487.538078,8924.058854,7696.132299,0.0,5416.700249,0,0.0,-12.679148,336.985573,153.635166,68.568293,69.585717,9.190046,30.341089,0.393443,0.072131,0.0,0.0,0.0,0.0,0.0,0.009836,0.0,0.04918,0.078689,0.396721,122.320852,30.833858,21.453818,0.782764,25.860791,0,0.0,1366.622205,842.092399,962.029107,39.528471,368.502233,1.0,0,0.0,0.0,0.0,0.0,0.0,0.0,0.0,0.0,1,372.440051,133.041543,0.0,0.0,0.0,0.0,0.0,39.528471,0.0,425.985586,393.853116,348.951659,0.874302,0.312315,0.0,0.0,0.0,0.0,0.0,0.092793,0.0,1.0,0.924569,0.819163,0.0,0.0,0.0,0.0,0.0,0.0,28,31.0,10.892857,7.0,3.0,9.450394,787.151621,336.985573,317.095103,39.528471,2.335861,1.0,0.940975,0.1173,0.498848,168.104735
avenue_training_15_clip_000000,avenue,training,15,0,1,32,32,0,0,0.0,27346.014399,6295.799608,5237.670418,109.071978,6222.383048,0,0.0,-13.331666,237.741451,131.13024,67.247501,67.646732,3.366461,31.873131,0.225,0.0875,0.04375,0.0,0.0,0.0,0.0,0.01875,0.0375,0.0,0.05625,0.53125,119.985104,36.344588,19.59607,1.318019,35.112742,0,0.0,1288.470508,575.063336,455.006868,47.598582,427.558913,0.993197,0,0.0,0.0,0.0,0.0,0.0,0.0,0.0,0.0,1,251.598826,382.577277,338.45408,0.0,0.0,0.0,0.0,256.585949,76.48018,0.0,337.134036,190.210766,0.657642,1.0,0.884669,0.0,0.0,0.0,0.0,0.670677,0.199908,0.0,0.881218,0.497183,0.142857,0.006803,0.0,0.0,0.006803,0.030423,21,27.0,7.619048,5.0,3.0,6.144887,614.234848,237.741451,233.10699,39.424291,2.583625,1.0,0.980506,0.165828,0.665053,158.110634
avenue_training_15_clip_000001,avenue,training,15,1,17,48,32,0,0,0.0,30727.150679,6637.910197,6084.693589,30.273676,6338.287211,0,0.0,-14.758256,228.991756,155.376435,69.463484,70.253327,11.103739,35.383464,0.180233,0.197674,0.145349,0.0,0.017442,0.0,0.0,0.023256,0.063953,0.05814,0.290698,0.023256,135.398093,54.786421,38.502501,11.471767,31.745839,0,0.0,1312.738074,695.145831,662.175628,50.0,449.678167,0.986473,0,0.0,0.0,0.0,0.0,0.0,0.0,0.0,0.0,1,229.585107,321.290255,421.464063,0.0,80.644526,0.0,0.0,105.536301,103.342859,186.24795,233.436511,42.079248,0.544732,0.762319,1.0,0.0,0.191344,0.0,0.0,0.250404,0.2452,0.441907,0.55387,0.099841,0.2,0.013527,0.0,0.0,0.013527,0.045749,23,28.0,7.478261,6.0,3.0,5.257455,666.081834,228.991756,197.319763,33.838835,2.908759,1.0,0.861689,0.147773,0.634571,145.311604
avenue_training_15_clip_000002,avenue,training,15,2,33,64,32,0,0,0.0,17312.631636,5003.368636,3097.676007,347.483123,4536.008817,0,0.0,-19.533034,214.115539,155.344101,55.796087,48.570396,5.654966,38.780932,0.294118,0.074866,0.02139,0.026738,0.064171,0.0,0.0,0.037433,0.02139,0.128342,0.117647,0.213904,150.594043,56.174647,49.248851,3.93312,39.221382,0,0.0,1301.501537,473.708944,400.780489,45.069391,380.837297,1.0,0,0.0,0.0,0.0,0.0,0.0,0.0,0.0,0.0,1,161.877218,222.023437,163.947113,89.736647,74.429603,0.0,0.0,125.250703,244.945814,174.138672,340.130232,348.949724,0.463898,0.636262,0.46983,0.257162,0.213296,0.0,0.0,0.358936,0.701952,0.499037,0.974726,1.0,0.0,0.0,0.0,0.0,0.0,0.0,27,21.0,6.925926,4.0,3.0,5.662913,513.245605,214.115539,167.014859,36.51012,2.39705,1.0,0.780022,0.170516,0.695623,148.943729
avenue_training_15_clip_000003,avenue,training,15,3,49,80,32,0,0,0.0,21596.259142,6178.591606,5665.817362,268.209732,4963.772337,0,0.0,-0.117171,241.592646,148.282526,69.439186,69.571214,8.810316,30.724058,0.225108,0.168831,0.021645,0.034632,0.012987,0.0,0.0,0.0,0.034632,0.012987,0.203463,0.285714,131.554663,47.490276,32.354592,1.070655,38.091579,0,0.0,1365.650028,716.133936,656.993626,62.811723,412.861878,0.995918,0,0.0,0.0,0.0,0.0,0.0,0.0,0.0,0.0,1,331.302494,160.860386,335.509328,185.214355,51.633107,0.0,0.0,0.0,325.013759,325.961532,193.341977,227.456533,0.987461,0.479451,1.0,0.552039,0.153895,0.0,0.0,0.0,0.968718,0.971542,0.576264,0.677944,0.05,0.004082,0.0,0.0,0.004082,0.012772,21,30.0,11.0,7.0,3.0,9.076395,494.425183,241.592646,218.356589,51.633107,2.046524,1.0,0.903821,0.21372,0.537243,129.793872
avenue_training_15_clip_000004,avenue,training,15,4,65,96,32,0,0,0.0,16461.939975,5836.061285,5408.392204,311.542879,4265.970625,0,0.0,-15.684833,293.408264,178.3333,84.095505,76.251508,8.972627,40.071578,0.146718,0.227799,0.0,0.023166,0.0,0.0,0.0,0.0,0.046332,0.023166,0.15444,0.378378,114.88585,36.280235,27.216002,0.469572,30.047869,0,0.0,1350.057869,698.693012,604.750072,97.628121,422.045773,0.993333,0,0.0,0.0,0.0,0.0,0.0,0.0,0.0,0.0,1,202.021571,221.149656,0.0,87.264973,0.0,0.0,0.0,0.0,430.213639,486.113707,289.539757,312.116065,0.415585,0.454934,0.0,0.179516,0.0,0.0,0.0,0.0,0.885006,1.0,0.595621,0.642064,0.2,0.006667,0.0,0.0,0.006667,0.035901,30,31.0,8.633333,6.0,3.0,7.011815,861.480521,293.408264,241.95273,63.643285,2.936115,1.0,0.824628,0.21691,0.67976,199.447314
avenue_training_15_clip_000005,avenue,training,15,5,81,112,32,0,0,0.0,15884.387052,5573.60334,5107.110887,219.493503,4552.497304,0,0.0,1.280722,220.039406,159.089915,63.651897,65.843426,18.434949,28.889972,0.497778,0.035556,0.057778,0.022222,0.013333,0.0,0.0,0.013333,0.031111,0.035556,0.115556,0.177778,149.95566,48.412482,32.692538,3.804318,43.037818,0,0.0,1374.147463,619.67265,613.646885,51.53882,421.235462,0.992222,0,0.0,0.0,0.0,0.0,0.0,0.0,0.0,0.0,1,265.904559,50.08938,296.815202,375.335289,235.404846,0.0,0.0,79.130853,313.103079,291.888845,104.192644,189.848897,0.708445,0.133452,0.7908,1.0,0.627185,0.0,0.0,0.210827,0.834196,0.777675,0.277599,0.505811,0.111111,0.007778,0.0,0.0,0.007778,0.026667,25,29.0,9.0,8.0,3.0,6.305553,497.007779,220.039406,235.404846,43.531921,2.258722,1.0,1.06983,0.197837,0.529767,116.569556
avenue_training_15_clip_000006,avenue,training,15,6,97,128,32,0,0,0.0,15289.105866,5509.258084,4457.834233,584.220529,4113.27666,0,0.0,12.499438,230.612549,170.272421,71.660001,67.544795,9.462322,40.035817,0.343629,0.208494,0.023166,0.034749,0.011583,0.0,0.0,0.0,0.0,0.015444,0.166023,0.196911,133.917389,36.85255,28.179365,0.900149,29.717648,0,0.0,1370.275976,584.506851,468.886971,88.388348,402.943562,1.0,0,0.0,0.0,0.0,0.0,0.0,0.0,0.0,0.0,1,335.683946,261.947357,187.339513,140.44978,127.499277,0.0,0.0,0.0,0.0,257.666591,209.56896,172.986676,1.0,0.780339,0.558083,0.418399,0.379819,0.0,0.0,0.0,0.0,0.767587,0.624304,0.515326,0.0,0.0,0.0,0.0,0.0,0.0,32,29.0,8.09375,5.5,3.0,6.559151,700.826476,230.612549,220.022123,66.70417,3.038978,1.0,0.954077,0.289248,0.578446,133.396896
avenue_training_15_clip_000007,avenue,training,15,7,113,144,32,0,0,0.0,21363.583582,6767.249211,6484.643904,185.112234,5180.410458,0,0.0,9.51777,265.962949,127.999763,70.015204,64.531617,18.434949,31.131825,0.208696,0.286957,0.026087,0.0,0.034783,0.0,0.0,0.0,0.013043,0.052174,0.156522,0.221739,132.123493,44.030476,30.284029,3.304941,36.334588,0,0.0,1332.584425,677.795152,698.351477,35.355339,428.178815,1.0,0,0.0,0.0,0.0,0.0,0.0,0.0,0.0,0.0,1,218.899948,243.640111,371.238085,0.0,94.488334,0.0,0.0,0.0,160.006168,409.344431,209.035296,355.744746,0.534757,0.595196,0.906909,0.0,0.230828,0.0,0.0,0.0,0.390884,1.0,0.510659,0.86906,0.0,0.0,0.0,0.0,0.0,0.0,28,22.0,8.214286,6.0,3.0,5.646473,678.351318,265.962949,240.36809,31.653094,2.550548,1.0,0.903765,0.119013,0.599711,159.500971
avenue_training_15_clip_000008,avenue,training,15,8,129,160,32,0,0,0.0,33081.95183,7947.548793,6045.74527,501.734774,7989.687866,0,0.0,2.47579,290.557806,174.382419,79.697591,74.383363,18.853159,44.647338,0.167832,0.104895,0.055944,0.020979,0.0,0.020979,0.0,0.0,0.020979,0.111888,0.062937,0.433566,160.679176,47.269465,33.127683,0.504503,40.600903,0,0.0,1361.295339,615.759596,495.290319,45.069391,417.88905,1.0,0,0.0,0.0,0.0,0.0,0.0,0.0,0.0,0.0,1,280.150389,240.534629,125.012301,845.961504,0.0,35.034695,0.0,0.0,699.656302,329.798227,207.783496,246.21503,0.331162,0.284333,0.147775,1.0,0.0,0.041414,0.0,0.0,0.827055,0.38985,0.245618,0.291048,0.0,0.0,0.0,0.0,0.0,0.0,23,20.0,6.217391,5.0,3.0,4.180249,845.961504,290.557806,207.783496,35.034695,2.911508,1.0,0.715119,0.120577,0.724793,210.594195
avenue_training_15_clip_000009,avenue,training,15,9,145,176,32,0,0,0.0,14995.505581,5437.115838,3078.713661,0.0,4789.896063,0,0.0,-8.462116,202.473638,131.802916,50.052056,44.417103,0.0,36.949118,0.207692,0.130769,0.053846,0.046154,0.0,0.0,0.023077,0.0,0.023077,0.0,0.315385,0.2,153.102935,43.984516,32.361818,3.982042,37.482578,0,0.0,1288.713021,497.729705,347.105551,39.528471,406.214195,1.0,0,0.0,0.0,0.0,0.0,0.0,0.0,0.0,0.0,1,197.158354,185.274351,367.468814,208.290664,0.0,0.0,39.528471,0.0,334.257974,0.0,206.863355,114.242114,0.536531,0.504191,1.0,0.566825,0.0,0.0,0.10757,0.0,0.909623,0.0,0.562941,0.310889,0.0,0.0,0.0,0.0,0.0,0.0,22,14.0,5.909091,5.0,3.0,3.356257,459.793333,202.473638,178.842318,27.559787,2.27088,1.0,0.883287,0.136115,0.637618,129.100785
avenue_training_15_clip_000010,avenue,training,15,10,161,192,32,0,0,0.0,30075.804046,7962.674773,5793.040001,1625.026704,6532.777863,0,0.0,-0.984358,262.906834,142.125016,83.257083,75.770157,14.447302,28.393502,0.310881,0.108808,0.0,0.0,0.0,0.0,0.0,0.0,0.0,0.0,0.284974,0.295337,49.897215,24.350708,22.821738,1.671905,14.904828,0,0.0,1275.245074,730.567437,672.27459,207.759627,324.887315,1.0,0,0.0,0.0,0.0,0.0,0.0,0.0,0.0,0.0,1,292.586625,279.433974,0.0,0.0,0.0,0.0,0.0,0.0,0.0,0.0,245.798293,239.678192,1.0,0.955047,0.0,0.0,0.0,0.0,0.0,0.0,0.0,0.0,0.840087,0.81917,0.0,0.0,0.0,0.0,0.0,0.0,21,24.0,9.190476,7.0,3.0,6.075862,441.46157,262.906834,236.495996,121.634498,1.679156,1.0,0.899543,0.462652,0.360557,94.792946
avenue_training_15_clip_000011,avenue,training,15,11,177,208,32,0,0,0.0,15273.878,4686.85674,3946.644027,343.443598,3741.330517,0,0.0,-4.473615,203.325613,114.481078,56.848197,66.59531,10.669783,29.314876,0.253886,0.067358,0.088083,0.0,0.0,0.0,0.0,0.0,0.031088,0.015544,0.129534,0.414508,94.248965,29.346996,22.915839,0.351837,23.466487,0,0.0,1337.733624,587.613018,493.077073,63.737744,444.966103,1.0,0,0.0,0.0,0.0,0.0,0.0,0.0,0.0,0.0,1,269.488547,175.481393,73.381912,0.0,0.0,0.0,0.0,0.0,313.854365,191.879504,233.417978,165.240211,0.858642,0.559117,0.233809,0.0,0.0,0.0,0.0,0.0,1.0,0.611365,0.743714,0.526487,0.0,0.0,0.0,0.0,0.0,0.0,23,23.0,8.391304,6.0,3.0,5.73122,438.352172,203.325613,205.328095,50.064475,2.155912,1.0,1.009849,0.246228,0.503724,102.420023
avenue_training_15_clip_000012,avenue,training,15,12,193,224,32,0,0,0.0,18836.502425,7068.962008,7115.335553,675.151109,4509.9963,0,0.0,2.940114,317.190315,165.535049,77.39676,77.419508,6.340192,34.532887,0.464,0.112,0.068,0.0,0.016,0.0,0.0,0.0,0.0,0.02,0.152,0.168,122.144926,34.122519,27.632323,0.332725,26.959155,0,0.0,1350.925609,702.843167,705.249233,80.039053,382.181621,1.0,0,0.0,0.0,0.0,0.0,0.0,0.0,0.0,0.0,1,340.326187,273.323926,422.776623,0.0,71.388857,0.0,0.0,0.0,0.0,197.713456,358.558368,261.927795,0.804979,0.646497,1.0,0.0,0.168857,0.0,0.0,0.0,0.0,0.467655,0.848104,0.619542,0.0,0.0,0.0,0.0,0.0,0.0,28,31.0,8.928571,6.0,3.0,7.085844,738.267648,317.190315,315.538659,66.348582,2.327523,1.0,0.994793,0.209176,0.576644,182.905975
avenue_training_15_clip_000013,avenue,training,15,13,209,240,32,0,0,0.0,27649.421322,7165.186441,6863.160931,350.178065,5683.292252,0,0.0,-5.642327,333.906783,147.956103,67.211173,67.704333,5.646553,33.56935,0.468278,0.030211,0.015106,0.0,0.0,0.0,0.0,0.0,0.009063,0.054381,0.033233,0.389728,87.687277,30.231368,21.913953,1.011961,26.213052,0,0.0,1350.925609,731.66545,671.210505,51.53882,432.313738,1.0,0,0.0,0.0,0.0,0.0,0.0,0.0,0.0,0.0,1,447.913731,490.22325,129.661848,0.0,0.0,0.0,0.0,0.0,274.977001,194.486402,219.346001,241.31463,0.913693,1.0,0.264496,0.0,0.0,0.0,0.0,0.0,0.560922,0.39673,0.447441,0.492255,0.0,0.0,0.0,0.0,0.0,0.0,34,31.0,9.735294,6.5,3.0,8.328932,901.463465,333.906783,283.785317,33.988104,2.699746,1.0,0.849893,0.101789,0.665085,222.076266
avenue_training_15_clip_000014,avenue,training,15,14,225,256,32,0,0,0.0,33490.987708,8357.504437,6812.293184,300.452419,6982.904571,0,0.0,-6.235881,345.934119,128.742176,69.598611,71.475301,9.719796,30.938232,0.374631,0.032448,0.011799,0.0,0.00885,0.0,0.0,0.0,0.00885,0.029499,0.076696,0.457227,148.18977,31.695937,17.454111,0.586561,34.314221,0,0.0,1370.732012,878.855105,989.475871,51.53882,413.418149,0.998765,0,0.0,0.0,0.0,0.0,0.0,0.0,0.0,0.0,1,390.560262,508.600773,626.191717,0.0,682.319754,0.0,0.0,0.0,208.309484,621.967229,185.604536,252.739054,0.572401,0.745399,0.917739,0.0,1.0,0.0,0.0,0.0,0.305296,0.911548,0.27202,0.370411,0.033333,0.001235,0.0,0.0,0.001235,0.006295,27,31.0,12.555556,7.0,3.0,10.379229,861.975573,345.934119,307.433513,38.26941,2.491733,1.0,0.888705,0.110626,0.554139,191.69566
avenue_training_15_clip_000015,avenue,training,15,15,241,272,32,0,0,0.0,24288.218462,7381.726699,6189.614802,188.226646,5972.067906,0,0.0,7.538907,321.670347,171.036942,76.35228,72.772883,4.573921,35.682788,0.349544,0.069909,0.136778,0.0,0.015198,0.0,0.0,0.0,0.0,0.042553,0.079027,0.306991,112.86826,37.172221,36.31023,2.018083,30.480491,0,0.0,1362.557338,783.083223,904.588995,79.056942,444.844935,1.0,0,0.0,0.0,0.0,0.0,0.0,0.0,0.0,0.0,1,336.961964,180.692838,141.357175,0.0,101.135216,0.0,0.0,0.0,0.0,548.215031,434.590187,341.641417,0.614653,0.329602,0.25785,0.0,0.184481,0.0,0.0,0.0,0.0,1.0,0.792737,0.623189,0.0,0.0,0.0,0.0,0.0,0.0,31,31.0,10.612903,7.0,3.0,8.720304,793.061365,321.670347,300.611963,50.904001,2.465448,1.0,0.934534,0.158249,0.632997,203.616497
avenue_training_15_clip_000016,avenue,training,15,16,257,288,32,0,0,0.0,20606.030582,7195.465094,5365.604829,0.0,5720.305417,0,0.0,-8.150835,278.000478,175.872408,75.089859,71.693162,6.340192,32.693186,0.315493,0.123944,0.0,0.0,0.0,0.0,0.0,0.0,0.008451,0.008451,0.090141,0.453521,96.950784,22.762764,14.315601,0.082898,22.207879,0,0.0,1339.601153,755.998474,704.985318,45.069391,416.100155,1.0,0,0.0,0.0,0.0,0.0,0.0,0.0,0.0,0.0,1,218.965859,465.881416,0.0,0.0,0.0,0.0,0.0,0.0,386.805926,147.168823,269.527252,263.064744,0.470003,1.0,0.0,0.0,0.0,0.0,0.0,0.0,0.830267,0.315893,0.578532,0.56466,0.0,0.0,0.0,0.0,0.0,0.0,30,31.0,11.833333,8.5,3.0,9.363345,890.162162,278.000478,249.71785,45.069391,3.202017,1.0,0.898264,0.16212,0.618459,171.931763
avenue_training_15_clip_000017,avenue,training,15,17,273,304,32,0,0,0.0,32356.108463,8205.006004,7438.249881,383.31763,5964.372462,0,0.0,-12.75175,324.359045,177.00889,74.339526,72.040524,6.203448,35.807473,0.434447,0.020566,0.0,0.0,0.0,0.0,0.0,0.007712,0.007712,0.023136,0.059126,0.447301,135.550211,27.973338,16.921226,1.921971,29.561863,0,0.0,1347.277347,887.588165,1078.917281,88.388348,423.373876,1.0,0,0.0,0.0,0.0,0.0,0.0,0.0,0.0,0.0,1,282.344311,347.314652,0.0,0.0,0.0,0.0,0.0,631.478848,65.212382,721.899527,538.407726,238.868984,0.391113,0.481112,0.0,0.0,0.0,0.0,0.0,0.874746,0.090334,1.0,0.745821,0.33089,0.0,0.0,0.0,0.0,0.0,0.0,29,31.0,13.413793,9.0,3.0,9.820869,807.098017,324.359045,278.729713,65.212382,2.488286,1.0,0.859325,0.20105,0.595058,193.012281
avenue_training_15_clip_000018,avenue,training,15,18,289,320,32,0,0,0.0,27342.919539,7351.695121,5423.854037,1050.768271,6397.432235,0,0.0,1.22091,268.414825,155.902965,76.607626,76.441737,13.12291,30.258344,0.160858,0.131367,0.013405,0.010724,0.0,0.0,0.0,0.0,0.0,0.0,0.142091,0.541555,98.86378,26.599366,20.48352,1.129828,20.73529,0,0.0,1351.966161,736.267234,870.524267,113.192314,405.89597,0.997773,0,0.0,0.0,0.0,0.0,0.0,0.0,0.0,0.0,1,322.900435,289.134761,151.986861,479.607467,0.0,0.0,0.0,0.0,0.0,0.0,208.774459,250.947426,0.67326,0.602857,0.316898,1.0,0.0,0.0,0.0,0.0,0.0,0.0,0.435303,0.523235,0.035714,0.002227,0.0,0.0,0.002227,0.008487,31,31.0,12.032258,8.0,3.0,9.962782,750.660279,268.414825,223.265748,67.651805,2.796642,1.0,0.831794,0.252042,0.620964,166.676026
avenue_training_15_clip_000019,avenue,training,15,19,305,336,32,0,0,0.0,26876.814251,7452.202774,7400.88248,96.067999,6544.745001,0,0.0,-5.177234,283.431179,180.0,71.736097,70.044406,18.641556,34.12857,0.451362,0.042802,0.0,0.023346,0.0,0.0,0.0,0.0,0.0,0.07393,0.116732,0.291829,116.909084,35.198168,26.938464,1.313164,30.428984,0,0.0,1365.936034,739.965375,917.367157,25.0,469.101496,1.0,0,0.0,0.0,0.0,0.0,0.0,0.0,0.0,0.0,1,261.425688,341.246577,0.0,417.11293,0.0,0.0,0.0,0.0,0.0,400.719455,188.007274,239.097865,0.62675,0.818116,0.0,1.0,0.0,0.0,0.0,0.0,0.0,0.960698,0.450735,0.573221,0.0,0.0,0.0,0.0,0.0,0.0,27,31.0,9.518519,6.0,3.0,8.517391,798.647221,283.431179,271.16647,18.75,2.817782,1.0,0.956728,0.066154,0.67773,192.089686
avenue_training_15_clip_000020,avenue,training,15,20,321,352,32,0,0,0.0,23885.689529,8250.804827,7220.603839,440.878629,5852.752113,0,0.0,0.857819,291.830418,177.273689,75.216322,67.105997,4.4126,37.107832,0.407547,0.022642,0.033962,0.030189,0.0,0.0,0.0,0.0,0.0,0.030189,0.067925,0.407547,100.500541,28.388383,15.558621,0.505336,29.90821,0,0.0,1367.707937,795.606999,888.995219,63.737744,425.099405,0.994258,0,0.0,0.0,0.0,0.0,0.0,0.0,0.0,0.0,1,260.160697,707.931756,214.013036,51.74064,0.0,0.0,0.0,0.0,0.0,411.006327,189.349466,320.738015,0.367494,1.0,0.302307,0.073087,0.0,0.0,0.0,0.0,0.0,0.580573,0.267469,0.453063,0.090909,0.005742,0.0,0.0,0.005742,0.020209,25,30.0,10.6,9.0,3.0,7.222188,773.847734,291.830418,286.087646,42.732028,2.651703,1.0,0.980322,0.146428,0.638587,186.359203
avenue_training_15_clip_000021,avenue,training,15,21,322,353,32,0,0,0.0,16790.694795,5755.210451,4823.401276,146.575567,4391.561222,0,0.0,-2.081988,234.5932,119.798302,69.14813,70.731454,5.710593,28.967318,0.420849,0.0,0.0,0.042471,0.0,0.0,0.0,0.0,0.0,0.023166,0.092664,0.420849,101.598385,26.644418,17.780223,0.058205,26.606836,0,0.0,1315.413433,603.367768,571.560878,88.388348,404.601959,1.0,0,0.0,0.0,0.0,0.0,0.0,0.0,0.0,0.0,1,240.203452,0.0,0.0,86.675641,0.0,0.0,0.0,0.0,0.0,58.376068,161.002286,306.185564,0.784503,0.0,0.0,0.283082,0.0,0.0,0.0,0.0,0.0,0.190656,0.525832,1.0,0.0,0.0,0.0,0.0,0.0,0.0,26,30.0,9.961538,7.0,3.0,7.371884,662.435055,234.5932,229.032678,53.224766,2.823761,1.0,0.976297,0.226881,0.628761,147.503082
avenue_training_16_clip_000000,avenue,training,16,0,1,32,32,0,0,0.0,29765.741682,7828.87102,5961.5806,581.852754,6538.117084,0,0.0,3.44303,260.71653,169.438989,71.650485,65.418184,15.0,28.191784,0.200787,0.094488,0.019685,0.0,0.011811,0.019685,0.0,0.0,0.019685,0.03937,0.311024,0.283465,165.30697,43.372263,29.399414,0.678417,38.921075,0,0.0,1308.147545,783.563632,882.202499,62.5,370.208622,0.998621,0,0.0,0.0,0.0,0.0,0.0,0.0,0.0,0.0,1,263.487106,284.557867,298.976566,0.0,101.745996,41.919417,0.0,0.0,368.455453,200.169655,295.98277,265.089027,0.715113,0.772299,0.811432,0.0,0.276142,0.113771,0.0,0.0,1.0,0.543267,0.803307,0.71946,0.034483,0.001379,0.0,0.0,0.001379,0.006757,25,30.0,10.16,8.0,3.0,6.798117,589.910854,260.71653,217.436591,41.919417,2.262652,1.0,0.833996,0.160785,0.510258,133.032742
avenue_training_16_clip_000001,avenue,training,16,1,17,48,32,0,0,0.0,20763.110781,5845.236822,5192.043454,236.674785,4454.975707,0,0.0,4.772728,233.151094,165.12706,66.584684,66.599801,19.954427,28.949371,0.356209,0.0,0.0,0.029412,0.01634,0.0,0.0,0.0,0.0,0.019608,0.235294,0.343137,121.127703,28.993821,15.14789,0.707677,33.479319,0,0.0,1364.047287,692.801176,652.519157,62.5,431.972921,0.992574,0,0.0,0.0,0.0,0.0,0.0,0.0,0.0,0.0,1,257.452231,0.0,0.0,178.24066,150.242588,0.0,0.0,0.0,0.0,127.569492,184.515547,286.953053,0.897193,0.0,0.0,0.621149,0.523579,0.0,0.0,0.0,0.0,0.444566,0.643016,1.0,0.125,0.007426,0.0,0.0,0.007426,0.025083,27,30.0,11.333333,9.0,3.0,7.826829,508.790146,233.151094,227.659842,57.766504,2.182234,1.0,0.976448,0.247764,0.488922,113.992678
avenue_training_16_clip_000002,avenue,training,16,2,33,64,32,0,0,0.0,16540.510869,7267.137585,6725.548655,499.023676,4513.368407,0,0.0,10.643035,278.74594,126.150007,73.918456,70.438903,26.565051,23.975528,0.441718,0.279141,0.018405,0.0,0.0,0.0,0.0,0.0,0.009202,0.0,0.092025,0.159509,126.497953,32.95911,32.398703,1.500938,26.334878,0,0.0,1343.968006,751.185437,748.003838,79.056942,397.637979,1.0,0,0.0,0.0,0.0,0.0,0.0,0.0,0.0,0.0,1,339.746434,237.601291,282.175515,0.0,0.0,0.0,0.0,0.0,151.176941,0.0,318.098568,214.160802,1.0,0.699349,0.830547,0.0,0.0,0.0,0.0,0.0,0.44497,0.0,0.936282,0.630355,0.0,0.0,0.0,0.0,0.0,0.0,28,31.0,11.642857,9.5,3.0,8.949119,721.20168,278.74594,256.722114,66.044975,2.587308,1.0,0.920989,0.236936,0.514059,143.291778
avenue_training_16_clip_000003,avenue,training,16,3,49,80,32,0,0,0.0,19269.821303,6604.378202,5393.629578,829.701989,4895.97055,0,0.0,0.138393,252.646151,124.476088,71.259021,72.239306,17.318938,27.190208,0.613577,0.073107,0.018277,0.0,0.0,0.015666,0.0,0.0,0.010444,0.08094,0.099217,0.088773,158.629435,38.686589,25.860224,0.996623,34.640279,0,0.0,1350.0,664.630448,575.114493,128.695377,398.925401,0.998958,0,0.0,0.0,0.0,0.0,0.0,0.0,0.0,0.0,1,232.972887,309.822005,107.636782,0.0,0.0,87.513376,0.0,0.0,196.126444,315.919833,392.044863,179.735502,0.594251,0.790272,0.274552,0.0,0.0,0.223223,0.0,0.0,0.500265,0.805826,1.0,0.458456,0.033333,0.001042,0.0,0.0,0.001042,0.0058,32,31.0,11.96875,6.5,3.0,9.745141,759.550307,252.646151,216.208843,87.513376,3.00638,1.0,0.855777,0.346387,0.573136,144.800725
avenue_training_16_clip_000004,avenue,training,16,4,65,96,32,0,0,0.0,20060.775121,7338.788715,7435.977155,303.695842,5021.670782,0,0.0,0.92286,291.080373,178.290186,81.227235,73.997573,19.923788,38.266253,0.313187,0.200549,0.0,0.0,0.0,0.0,0.0,0.0,0.008242,0.010989,0.085165,0.381868,91.402278,25.78086,21.193605,0.067953,20.782331,0,0.0,1373.521933,736.551499,703.380283,63.737744,433.948131,0.998958,0,0.0,0.0,0.0,0.0,0.0,0.0,0.0,0.0,1,233.985315,410.065223,0.0,0.0,0.0,0.0,0.0,0.0,284.246804,399.671834,343.711975,227.9481,0.570605,1.0,0.0,0.0,0.0,0.0,0.0,0.0,0.693175,0.974654,0.838189,0.555883,0.033333,0.001042,0.0,0.0,0.001042,0.0058,32,31.0,11.375,6.0,3.0,9.733159,813.072152,291.080373,265.467523,53.558937,2.793291,1.0,0.912008,0.184001,0.562401,163.704045
avenue_training_16_clip_000005,avenue,training,16,5,81,112,32,0,0,0.0,17767.461626,7242.25172,7252.970369,189.234774,4598.204933,0,0.0,14.176313,324.961806,120.745695,68.796209,73.88458,1.101706,29.638514,0.436137,0.028037,0.015576,0.040498,0.021807,0.015576,0.0,0.0,0.009346,0.012461,0.080997,0.339564,136.486218,36.709982,22.710036,1.154472,37.588383,0,0.0,1370.732012,783.374397,895.310252,45.069391,455.784174,1.0,0,0.0,0.0,0.0,0.0,0.0,0.0,0.0,0.0,1,351.72348,791.939769,311.500431,87.904102,182.732255,69.110078,0.0,0.0,159.346717,262.100703,195.371096,339.459939,0.444129,1.0,0.393339,0.110998,0.23074,0.087267,0.0,0.0,0.201211,0.33096,0.246699,0.428644,0.0,0.0,0.0,0.0,0.0,0.0,32,31.0,10.03125,7.0,3.0,8.520139,1184.680512,324.961806,272.967675,41.284695,3.645599,1.0,0.839999,0.127045,0.736694,239.397345
avenue_training_16_clip_000006,avenue,training,16,6,97,128,32,0,0,0.0,27157.223026,6340.414932,5403.771841,121.425649,4792.232946,0,0.0,15.164488,272.47661,150.841995,86.521817,82.66716,11.309932,36.096695,0.401709,0.14245,0.017094,0.042735,0.008547,0.0,0.0,0.0,0.025641,0.011396,0.065527,0.2849,117.494775,36.874573,24.269287,0.742483,35.542939,0,0.0,1370.447007,704.474056,677.887343,22.534695,398.23778,1.0,0,0.0,0.0,0.0,0.0,0.0,0.0,0.0,0.0,1,267.959799,298.501911,192.724252,204.95118,20.106183,0.0,0.0,0.0,170.610947,786.692614,216.304941,313.427793,0.340616,0.379439,0.24498,0.260523,0.025558,0.0,0.0,0.0,0.216871,1.0,0.274955,0.398412,0.0,0.0,0.0,0.0,0.0,0.0,33,31.0,10.636364,7.0,3.0,8.817401,786.692614,272.47661,247.789941,20.106183,2.887193,1.0,0.909399,0.07379,0.58629,159.750189
avenue_training_16_clip_000007,avenue,training,16,7,113,144,32,0,0,0.0,23926.264719,5732.40918,5003.703895,420.525031,4685.702754,0,0.0,12.201675,227.801488,102.152275,62.304642,66.028491,10.442898,26.551454,0.458194,0.264214,0.020067,0.023411,0.013378,0.0,0.0,0.016722,0.040134,0.0,0.0,0.16388,157.305341,40.974894,25.944784,1.686632,42.423775,0,0.0,1316.541397,671.03884,822.534194,87.5,392.855378,0.995556,0,0.0,0.0,0.0,0.0,0.0,0.0,0.0,0.0,1,304.033082,220.052018,60.4194,82.761075,125.848347,0.0,0.0,73.21006,256.26587,0.0,0.0,235.822336,1.0,0.723777,0.198726,0.272211,0.41393,0.0,0.0,0.240796,0.842888,0.0,0.0,0.775647,0.111111,0.004444,0.0,0.0,0.004444,0.021773,25,31.0,11.96,10.0,3.0,8.678617,545.836603,227.801488,225.981935,51.319391,2.396106,1.0,0.992013,0.225281,0.527391,120.140491
avenue_training_16_clip_000008,avenue,training,16,8,129,160,32,0,0,0.0,15850.149879,6380.374693,6418.669251,96.480175,3970.492793,0,0.0,-14.698304,241.694778,165.543245,71.479264,69.488577,9.223922,33.16628,0.364865,0.185811,0.0,0.023649,0.0,0.0,0.0,0.0,0.02027,0.081081,0.114865,0.209459,109.682706,41.940272,38.053066,5.59513,26.002743,0,0.0,1368.621569,734.303994,825.378701,39.528471,428.581943,0.998236,0,0.0,0.0,0.0,0.0,0.0,0.0,0.0,0.0,1,189.240977,237.025451,0.0,329.645722,0.0,0.0,0.0,0.0,229.196367,294.502289,264.618788,230.613959,0.574074,0.719031,0.0,1.0,0.0,0.0,0.0,0.0,0.695281,0.89339,0.802737,0.699581,0.047619,0.001764,0.0,0.0,0.001764,0.008993,27,31.0,10.962963,7.0,3.0,8.513525,602.320803,241.694778,247.425326,36.634065,2.492072,1.0,1.02371,0.151572,0.512575,123.886608
avenue_training_16_clip_000009,avenue,training,16,9,145,176,32,0,0,0.0,19847.17679,8490.508733,8060.538329,1956.723282,4460.637228,0,0.0,17.308956,304.174899,156.529007,72.146609,75.085198,10.699343,27.880339,0.275148,0.316568,0.038462,0.0,0.0,0.008876,0.0,0.0,0.014793,0.0,0.06213,0.284024,138.906423,36.86264,26.916817,3.433957,32.354174,0,0.0,1363.015957,958.760271,1000.624805,241.415099,318.046217,1.0,0,0.0,0.0,0.0,0.0,0.0,0.0,0.0,0.0,1,291.76812,307.280689,318.683462,0.0,0.0,476.000477,0.0,0.0,523.147835,0.0,314.741361,236.881399,0.557716,0.587369,0.609165,0.0,0.0,0.909878,0.0,0.0,1.0,0.0,0.60163,0.4528,0.0,0.0,0.0,0.0,0.0,0.0,25,31.0,13.52,10.0,3.0,9.113155,523.147835,304.174899,269.234033,169.008632,1.719892,1.0,0.885129,0.55563,0.354441,107.811905
avenue_training_16_clip_000010,avenue,training,16,10,161,192,32,0,0,0.0,23107.449871,6565.681261,6918.713229,251.517073,4630.94774,0,0.0,23.345581,249.900246,150.856212,75.429966,74.316541,3.945186,34.412485,0.448454,0.128866,0.090206,0.0,0.015464,0.007732,0.0,0.0,0.0,0.0,0.046392,0.262887,151.501996,37.809513,27.901102,2.037491,34.184173,0,0.0,1327.120944,682.161945,732.815971,39.528471,419.203519,1.0,0,0.0,0.0,0.0,0.0,0.0,0.0,0.0,0.0,1,281.457918,212.240398,414.438537,0.0,45.56329,258.939695,0.0,0.0,0.0,0.0,252.147075,232.827035,0.679131,0.512115,1.0,0.0,0.10994,0.624796,0.0,0.0,0.0,0.0,0.608406,0.561789,0.0,0.0,0.0,0.0,0.0,0.0,36,31.0,10.777778,6.0,3.0,9.285925,562.927219,249.900246,258.477554,30.853826,2.252608,1.0,1.034323,0.123465,0.537598,134.345867
avenue_training_16_clip_000011,avenue,training,16,11,177,208,32,0,0,0.0,25237.513379,6753.629551,5571.269735,299.501694,5808.53867,0,0.0,9.549385,273.314444,151.076148,79.47485,73.052038,18.820341,31.172499,0.364045,0.164045,0.031461,0.017978,0.0,0.022472,0.0,0.0,0.0,0.020225,0.035955,0.34382,152.525249,35.273795,29.769377,0.013739,30.911927,0,0.0,1324.351256,716.42172,716.436494,100.0,386.684001,0.999048,0,0.0,0.0,0.0,0.0,0.0,0.0,0.0,0.0,1,288.006075,356.615057,344.377555,133.665017,0.0,58.096266,0.0,0.0,0.0,289.985669,439.130149,213.67679,0.655856,0.812094,0.784227,0.304386,0.0,0.132299,0.0,0.0,0.0,0.660364,1.0,0.486591,0.033333,0.000952,0.0,0.0,0.000952,0.005553,35,31.0,12.714286,9.0,3.0,9.446304,689.310556,273.314444,215.462507,45.937552,2.522042,1.0,0.788332,0.168076,0.5571,152.26357
avenue_training_16_clip_000012,avenue,training,16,12,193,224,32,0,0,0.0,14745.044806,6140.038179,5899.773746,387.952323,3734.698668,0,0.0,16.916071,233.957701,103.243054,64.41265,64.549221,1.57655,24.04646,0.31929,0.135255,0.086475,0.028825,0.0,0.0,0.0,0.0,0.008869,0.015521,0.059867,0.345898,114.802955,37.71019,36.15879,1.55785,28.360912,0,0.0,1341.233108,760.44172,698.323886,55.901699,419.653797,0.994915,0,0.0,0.0,0.0,0.0,0.0,0.0,0.0,0.0,1,214.172044,216.507613,244.666562,127.210352,0.0,0.0,0.0,0.0,482.242389,188.397038,300.692972,237.483056,0.444117,0.44896,0.507352,0.263789,0.0,0.0,0.0,0.0,1.0,0.390669,0.623531,0.492456,0.066667,0.005085,0.0,0.0,0.005085,0.014567,33,31.0,13.666667,11.0,3.0,10.086495,482.242389,233.957701,236.453782,40.45085,2.061237,1.0,1.010669,0.172898,0.432684,101.229825
avenue_training_16_clip_000013,avenue,training,16,13,209,240,32,0,0,0.0,26211.894131,8662.04094,6601.252331,289.440526,6059.730493,0,0.0,16.536314,315.486979,169.508523,81.468787,80.546237,1.941486,34.437067,0.228632,0.264957,0.008547,0.049145,0.012821,0.0,0.0,0.00641,0.00641,0.0,0.040598,0.382479,146.166865,45.956295,31.731575,0.019357,38.99723,0,0.0,1352.081728,846.127097,999.45278,39.528471,400.758993,1.0,0,0.0,0.0,0.0,0.0,0.0,0.0,0.0,0.0,1,247.585341,304.560782,246.992519,339.435213,457.701041,0.0,0.0,137.661206,33.73966,0.0,488.578369,318.365763,0.506746,0.623361,0.505533,0.694741,0.936802,0.0,0.0,0.281759,0.069057,0.0,1.0,0.651617,0.0,0.0,0.0,0.0,0.0,0.0,42,31.0,11.142857,6.0,3.0,9.377205,759.57888,315.486979,261.071371,33.73966,2.407639,1.0,0.827519,0.106945,0.545645,172.143935
avenue_training_16_clip_000014,avenue,training,16,14,213,244,32,0,0,0.0,25455.440118,7398.45085,5816.447535,399.33638,4961.448046,0,0.0,5.071297,290.947274,147.618023,68.080721,66.480012,5.257316,28.045669,0.275463,0.041667,0.194444,0.0,0.006944,0.0,0.011574,0.0,0.006944,0.0,0.048611,0.414352,160.146803,40.130882,31.207064,0.647359,35.202383,0,0.0,1370.732012,854.380094,956.88296,76.034532,382.762924,0.996633,0,0.0,0.0,0.0,0.0,0.0,0.0,0.0,0.0,1,333.210202,359.395976,301.3715,0.0,124.549212,0.0,132.099503,0.0,257.319979,0.0,252.038076,277.660392,0.927139,1.0,0.83855,0.0,0.346551,0.0,0.36756,0.0,0.715979,0.0,0.701282,0.772575,0.111111,0.003367,0.0,0.0,0.003367,0.019047,33,31.0,13.090909,10.0,3.0,9.443175,532.281159,290.947274,276.319236,65.385561,1.829476,1.0,0.949723,0.224733,0.404449,117.673253
